Date	Year	Team	Player	Notes
1/1/2018	2018	Blazers	Meyers Leonard	returned to lineup
1/1/2018	2018	Kings	Frank Mason	bruised right heel (DTD)
1/1/2018	2018	Rockets	James Harden	strained left hamstring (DTD)
1/2/2018	2018	Cavaliers	Isaiah Thomas	returned to lineup
1/2/2018	2018	Clippers	Austin Rivers	sore right Achilles (DTD)
1/2/2018	2018	Nuggets	Juan Hernangomez	returned to lineup
1/2/2018	2018	Nuggets	Malik Beasley	returned to lineup
1/3/2018	2018	Cavaliers	Isaiah Thomas	right hip injury (DTD)
1/3/2018	2018	Heat	James Johnson	returned to lineup
1/3/2018	2018	Pistons	Andre Drummond	bruised right rib (DTD)
1/3/2018	2018	Spurs	Tony Parker	rest (DTD)
1/3/2018	2018	Spurs	Manu Ginobili	rest (DTD)
1/4/2018	2018	Rockets	Chinanu Onuaku	virus (DTD)
1/5/2018	2018	Heat	Derrick Walton Jr.	illness (DTD)
1/5/2018	2018	Pistons	Andre Drummond	returned to lineup
1/5/2018	2018	Spurs	LaMarcus Aldridge	rest (DTD)
1/5/2018	2018	Spurs	Tony Parker	returned to lineup
1/5/2018	2018	Spurs	Manu Ginobili	returned to lineup
1/5/2018	2018	Suns	Isaiah Canaan	strained left adductor (DTD)
1/6/2018	2018	Celtics	Al Horford	sore left calf / knee injury (DTD)
1/6/2018	2018	Clippers	Milos Teodosic	sore plantar fascia in left foot (DTD)
1/6/2018	2018	Magic	Jonathon Simmons	back spasms (DTD)
1/6/2018	2018	Pistons	Andre Drummond	bruised right rib (DTD)
1/6/2018	2018	Spurs	Kawhi Leonard	partial tear in left shoulder (DTD)
1/7/2018	2018	Nets	DeMarre Carroll	sprained right knee (DTD)
1/7/2018	2018	Spurs	Tony Parker	rest (DTD)
1/7/2018	2018	Spurs	LaMarcus Aldridge	returned to lineup
1/7/2018	2018	Suns	Marquese Chriss	strained right hip flexor (DTD)
1/7/2018	2018	Heat	Derrick Walton Jr.	returned to lineup
1/8/2018	2018	Bulls	Nikola Mirotic	stomach virus (DTD)
1/8/2018	2018	Nets	Nik Stauskas	ankle injury (DTD)
1/8/2018	2018	Pistons	Andre Drummond	returned to lineup
1/8/2018	2018	Spurs	Manu Ginobili	rest (DTD)
1/8/2018	2018	Spurs	Tony Parker	returned to lineup
1/9/2018	2018	Heat	Tyler Johnson	strained left shoulder (DTD)
1/9/2018	2018	Magic	Jonathon Simmons	returned to lineup
1/10/2018	2018	Heat	Tyler Johnson	returned to lineup
1/10/2018	2018	Jazz	Derrick Favors	sprained right ankle (DTD)
1/10/2018	2018	Nets	Nik Stauskas	returned to lineup
1/10/2018	2018	Pacers	Myles Turner	right elbow injury (DTD)
1/10/2018	2018	Pelicans	Anthony Davis	sprained right ankle (DTD)
1/10/2018	2018	Rockets	Chinanu Onuaku	returned to lineup
1/10/2018	2018	Warriors	Stephen Curry	sprained right ankle (DTD)
1/11/2018	2018	76ers	Amir Johnson	gasroenteritis (DTD)
1/11/2018	2018	Celtics	Al Horford	returned to lineup
1/11/2018	2018	Clippers	C.J. Williams	sprained right ankle (DTD)
1/11/2018	2018	Clippers	Milos Teodosic	returned to lineup
1/11/2018	2018	Spurs	Tony Parker	sprained right ankle (DTD)
1/11/2018	2018	Spurs	Manu Ginobili	returned to lineup
1/11/2018	2018	Rockets	Zhou Qi	right elbow injury (DTD)
1/12/2018	2018	Blazers	Evan Turner	illness (DTD)
1/12/2018	2018	Cavaliers	Dwyane Wade	rest (DTD)
1/12/2018	2018	Cavaliers	Isaiah Thomas	rest (DTD)
1/12/2018	2018	Heat	Dion Waiters	surgery on left ankle (out indefinitely) (date approximate)
1/12/2018	2018	Jazz	Derrick Favors	returned to lineup
1/12/2018	2018	Pelicans	Anthony Davis	returned to lineup
1/12/2018	2018	Rockets	Tarik Black	eye injury (DTD)
1/12/2018	2018	Clippers	C.J. Williams	returned to lineup
1/13/2018	2018	Bulls	Nikola Mirotic	returned to lineup
1/13/2018	2018	Clippers	DeAndre Jordan	sprained left ankle (DTD)
1/13/2018	2018	Jazz	Thabo Sefolosha	surgery on right knee (out for season)
1/13/2018	2018	Nets	Tyler Zeller	sore left hip (DTD)
1/13/2018	2018	Spurs	Tony Parker	returned to lineup
1/14/2018	2018	Blazers	Evan Turner	returned to lineup
1/14/2018	2018	Heat	Justise Winslow	returned to lineup
1/15/2018	2018	76ers	Richaun Holmes	gastroenteritis (DTD)
1/15/2018	2018	76ers	Amir Johnson	returned to lineup
1/15/2018	2018	Lakers	Brandon Ingram	sprained left ankle/knee (DTD)
1/15/2018	2018	Lakers	Lonzo Ball	sprained left knee (DTD)
1/15/2018	2018	Nets	Tyler Zeller	returned to lineup
1/15/2018	2018	Rockets	Tarik Black	returned to lineup
1/15/2018	2018	Spurs	Kawhi Leonard	right quadriceps injury / rest (DTD)
1/16/2018	2018	76ers	J.J. Redick	left fibula injury (DTD)
1/16/2018	2018	Hornets	Steve Clifford	returned to team as head coach
1/16/2018	2018	Mavericks	J.J. Barea	strained left groin (DTD)
1/16/2018	2018	Spurs	Manu Ginobili	bruised right thigh (DTD)
1/17/2018	2018	Grizzlies	Marc Gasol	illness (DTD)
1/17/2018	2018	Lakers	Brandon Ingram	returned to lineup
1/17/2018	2018	Pistons	Luke Kennard	thumb injury (DTD)
1/18/2018	2018	76ers	James Young	undisclosed (DTD)
1/18/2018	2018	Bulls	Kris Dunn	concussion (out indefinitely)
1/18/2018	2018	Lakers	Kentavious Caldwell-Pope	strained right Achilles (DTD)
1/19/2018	2018	Bucks	Giannis Antetokounmpo	sore right knee (DTD)
1/19/2018	2018	Grizzlies	Marc Gasol	returned to lineup
1/19/2018	2018	Lakers	Brandon Ingram	sprained left ankle (DTD)
1/19/2018	2018	Pistons	Luke Kennard	returned to lineup
1/19/2018	2018	Warriors	Jordan Bell	left ankle injury (out indefinitely)
1/20/2018	2018	76ers	James Young	returned to lineup
1/20/2018	2018	Grizzlies	Andrew Harrison	left shoulder injury (DTD)
1/20/2018	2018	Grizzlies	Mario Chalmers	right shoulder injury (DTD)
1/20/2018	2018	Heat	Goran Dragic	bruised left knee (DTD)
1/20/2018	2018	Jazz	Rodney Hood	bruised lower leg (DTD)
1/20/2018	2018	Mavericks	J.J. Barea	returned to lineup
1/20/2018	2018	Timberwolves	Jamal Crawford	sprained left big toe (DTD)
1/20/2018	2018	Timberwolves	Jimmy Butler	sore right knee (DTD)
1/20/2018	2018	Grizzlies	James Ennis	right calf injury (DTD)
1/20/2018	2018	Rockets	Troy Williams	illness (DTD)
1/21/2018	2018	Grizzlies	JaMychal Green	right ankle injury (DTD)
1/21/2018	2018	Lakers	Brandon Ingram	returned to lineup
1/22/2018	2018	Clippers	Jawun Evans	sore lower abdominal (DTD)
1/22/2018	2018	Grizzlies	Andrew Harrison	returned to lineup
1/22/2018	2018	Grizzlies	Mario Chalmers	returned to lineup
1/22/2018	2018	Hornets	Michael Kidd-Gilchrist	right axillary abscess (DTD)
1/22/2018	2018	Spurs	Pau Gasol	sprained right wrist (DTD)
1/23/2018	2018	Kings	Zach Randolph	sore left knee (DTD)
1/23/2018	2018	Knicks	Kristaps Porzingis	irritation in left knee (DTD)
1/24/2018	2018	Celtics	Al Horford	concussion (DTD)
1/24/2018	2018	Celtics	Marcus Smart	right hand injury (DTD)
1/24/2018	2018	Clippers	Jawun Evans	sore lower abdominal (DTD)
1/24/2018	2018	Clippers	DeAndre Jordan	returned to lineup
1/24/2018	2018	Grizzlies	Jarell Martin	left knee injury (DTD)
1/24/2018	2018	Hornets	Michael Kidd-Gilchrist	returned to lineup
1/24/2018	2018	Pistons	Reggie Bullock	thumb injury (DTD)
1/24/2018	2018	Spurs	LaMarcus Aldridge	rest (DTD)
1/24/2018	2018	Spurs	Pau Gasol	returned to lineup
1/24/2018	2018	Suns	Alex Len	sore right ankle (DTD)
1/24/2018	2018	Timberwolves	Jamal Crawford	returned to lineup
1/25/2018	2018	Heat	Goran Dragic	returned to lineup
1/25/2018	2018	Kings	Zach Randolph	returned to lineup
1/25/2018	2018	Knicks	Kristaps Porzingis	returned to lineup
1/25/2018	2018	Warriors	Patrick McCaw	strained back (DTD)
1/26/2018	2018	Grizzlies	Ben McLemore	sore right knee (DTD)
1/26/2018	2018	Grizzlies	Jarell Martin	returned to lineup
1/26/2018	2018	Kings	Willie Cauley-Stein	bruised right knee (DTD)
1/26/2018	2018	Pelicans	DeMarcus Cousins	torn left Achilles tendon (out for season)
1/26/2018	2018	Spurs	LaMarcus Aldridge	returned to lineup
1/26/2018	2018	Suns	Tyson Chandler	illness (DTD)
1/26/2018	2018	Celtics	Guerschon Yabusele	ankle injury (DTD)
1/26/2018	2018	Grizzlies	Tyreke Evans	illness (DTD)
1/27/2018	2018	Celtics	Al Horford	returned to lineup
1/27/2018	2018	Grizzlies	Mike Conley Jr.	surgery on left heel to smooth bone (out for season) (date approximate)
1/27/2018	2018	Hornets	Michael Carter-Williams	strained left shoulder (DTD)
1/27/2018	2018	Mavericks	J.J. Barea	strained left oblique (DTD)
1/27/2018	2018	Nets	Caris LeVert	sore left groin (DTD)
1/27/2018	2018	Nuggets	Tyler Lydon	arthroscopic surgery on left knee (out for season)
1/27/2018	2018	Pelicans	DeMarcus Cousins	surgery to repair torn left Achilles tendon (out for season)
1/27/2018	2018	Pistons	Reggie Bullock	returned to lineup
1/27/2018	2018	Thunder	Andre Roberson	torn patellar tendon in left knee (out for season)
1/27/2018	2018	Timberwolves	Jimmy Butler	returned to lineup
1/28/2018	2018	Kings	Garrett Temple	sprained right ankle (DTD)
1/28/2018	2018	Kings	Malachi Richardson	sprained left ankle (DTD)
1/28/2018	2018	Pistons	Avery Bradley	sore right groin/hamstring (DTD)
1/28/2018	2018	Spurs	Manu Ginobili	returned to lineup
1/28/2018	2018	Suns	Tyson Chandler	returned to lineup
1/28/2018	2018	Thunder	Andre Roberson	surgery on left knee to repair torn patellar tendon (out for season)
1/29/2018	2018	Celtics	Shane Larkin	sore right knee (DTD)
1/29/2018	2018	Grizzlies	Tyreke Evans	returned to lineup
1/29/2018	2018	Hornets	Michael Carter-Williams	returned to lineup
1/29/2018	2018	Rockets	Trevor Ariza	strained left hamstring (DTD)
1/30/2018	2018	Cavaliers	Kevin Love	fractured left hand (out indefinitely)
1/30/2018	2018	Hornets	Marvin Williams	sprained left ankle (DTD)
1/30/2018	2018	Kings	Garrett Temple	returned to lineup
1/30/2018	2018	Magic	Aaron Gordon	strained left hip flexor (DTD)
1/30/2018	2018	Rockets	Chris Paul	sore right groin (DTD)
1/30/2018	2018	Rockets	Zhou Qi	returned to lineup
1/31/2018	2018	Celtics	Guerschon Yabusele	returned to lineup
1/31/2018	2018	Grizzlies	Deyonta Davis	sore knees (DTD)
1/31/2018	2018	Grizzlies	Mario Chalmers	left hamstring injury (DTD)
1/31/2018	2018	Grizzlies	Tyreke Evans	DNP
1/31/2018	2018	Grizzlies	Ben McLemore	returned to lineup
1/31/2018	2018	Pelicans	DeMarcus Cousins	surgery to repair torn left Achilles tendon (out for season)
1/31/2018	2018	Suns	Isaiah Canaan	fractured left ankle (out indefinitely)
1/31/2018	2018	Wizards	John Wall (a)	arthroscopic surgery on left knee (out indefinitely)
2/1/2018	2018	Grizzlies	Tyreke Evans	illness (DTD)
2/1/2018	2018	Grizzlies	Deyonta Davis	returned to lineup
2/1/2018	2018	Rockets	Chris Paul	returned to lineup
2/2/2018	2018	Celtics	Marcus Morris	bruised left hip (DTD)
2/2/2018	2018	Bucks	Malcolm Brogdon	partially torn quadriceps tendon in left leg (out indefinitely)
2/3/2018	2018	Clippers	Avery Bradley	returned to lineup
2/3/2018	2018	Heat	Hassan Whiteside	illness (DTD)
2/3/2018	2018	Jazz	Donovan Mitchell	flu (DTD)
2/3/2018	2018	Jazz	Joe Johnson	rest (DTD)
2/3/2018	2018	Jazz	Rodney Hood	returned to lineup
2/3/2018	2018	Pistons	Dwight Buycks	illness (DTD)
2/3/2018	2018	Pistons	Luke Kennard	sore left big toe (DTD)
2/3/2018	2018	Spurs	Brandon Paul	back spasms (DTD)
2/3/2018	2018	Wizards	Mike Scott	illness (DTD)
2/4/2018	2018	Hawks	DeAndre' Bembry	strained left adductor (DTD)
2/4/2018	2018	Hawks	Tyler Cavanaugh	sprained right ankle (DTD)
2/5/2018	2018	Bucks	Matthew Dellavedova	sprained right ankle (DTD)
2/5/2018	2018	Heat	Hassan Whiteside	returned to lineup
2/5/2018	2018	Jazz	Donovan Mitchell	returned to lineup
2/5/2018	2018	Pistons	Luke Kennard	returned to lineup
2/5/2018	2018	Suns	Devin Booker	left hip pointer (DTD)
2/5/2018	2018	Wizards	Mike Scott	returned to lineup
2/5/2018	2018	Pacers	Darren Collison	arthroscopic surgery on left knee (out indefinitely)
2/6/2018	2018	Bucks	John Henson	sore right hamstring (DTD)
2/6/2018	2018	Celtics	Marcus Morris	returned to lineup
2/6/2018	2018	Grizzlies	Deyonta Davis	sore knees (DTD)
2/6/2018	2018	Knicks	Kristaps Porzingis	torn ACL in left knee (out for season)
2/7/2018	2018	Heat	Kelly Olynyk	strained left shoulder (DTD)
2/7/2018	2018	Heat	Wayne Ellington	strained right shoulder (DTD)
2/7/2018	2018	Knicks	Ron Baker	surgery on right shoulder to repair dislocation (out for season)
2/7/2018	2018	Pacers	T.J. Leaf	sore left calf (DTD)
2/7/2018	2018	Rockets	Eric Gordon	sore lower back (DTD)
2/7/2018	2018	Rockets	Ryan Anderson	sprained right ankle (DTD)
2/7/2018	2018	Spurs	Brandon Paul	returned to lineup
2/8/2018	2018	Hawks	DeAndre' Bembry	strained left adductor (DTD)
2/8/2018	2018	Knicks	Enes Kanter	oral surgery (DTD)
2/8/2018	2018	Mavericks	Johnathan Motley	sprained left ankle (DTD)
2/8/2018	2018	Mavericks	Seth Curry	surgery on left leg to repair stress fracture (out for season)
2/9/2018	2018	Bucks	John Henson	returned to lineup
2/9/2018	2018	Clippers	Milos Teodosic	sore right foot (DTD)
2/9/2018	2018	Hawks	DeAndre' Bembry	strained left adductor (DTD)
2/9/2018	2018	Heat	Wayne Ellington	returned to lineup
2/9/2018	2018	Rockets	Eric Gordon	returned to lineup
2/9/2018	2018	Rockets	Ryan Anderson	returned to lineup
2/9/2018	2018	Spurs	Tony Parker	tightness in back (DTD)
2/9/2018	2018	Spurs	Dejounte Murray	sprained left ankle (DTD)
2/10/2018	2018	Bucks	John Henson	sore right hamstring (DTD)
2/10/2018	2018	Grizzlies	Wayne Selden Jr.	sore right knee (DTD)
2/10/2018	2018	Mavericks	Johnathan Motley	returned to lineup
2/10/2018	2018	Suns	Tyler Ulis	back injury (DTD)
2/10/2018	2018	Wizards	Markieff Morris	illness (DTD)
2/11/2018	2018	Hawks	DeAndre' Bembry	returned to lineup
2/11/2018	2018	Knicks	Enes Kanter	returned to lineup
2/11/2018	2018	Mavericks	J.J. Barea	rest (DTD)
2/11/2018	2018	Mavericks	Salah Mejri	stiff neck (DTD)
2/11/2018	2018	Raptors	Malachi Richardson	returned to lineup
2/11/2018	2018	Spurs	LaMarcus Aldridge	sore right knee (DTD)
2/11/2018	2018	Wizards	Tim Frazier	fractured nose (DTD)
2/12/2018	2018	Clippers	Milos Teodosic	returned to lineup
2/12/2018	2018	Spurs	Dejounte Murray	returned to lineup
2/12/2018	2018	Jazz	Tony Bradley	gastroenteritis (DTD)
2/13/2018	2018	Knicks	Kristaps Porzingis	surgery on left knee to repair torn ACL (out for season)
2/13/2018	2018	Mavericks	Salah Mejri	returned to lineup
2/13/2018	2018	Jazz	Tony Bradley	returned to lineup
2/14/2018	2018	76ers	Joel Embiid	sore right ankle (DTD)
2/14/2018	2018	Grizzlies	Deyonta Davis	returned to lineup
2/14/2018	2018	Hawks	Dennis Schroder	tightness in lower back (DTD)
2/14/2018	2018	Hawks	Kent Bazemore	rest (DTD)
2/14/2018	2018	Nets	Jahlil Okafor	tightness in left calf (DTD)
2/14/2018	2018	Rockets	Eric Gordon	bruised right knee (DTD)
2/14/2018	2018	Suns	Tyson Chandler	neck spasms (DTD)
2/14/2018	2018	Wizards	Markieff Morris	returned to lineup
2/15/2018	2018	Nuggets	Richard Jefferson	right wrist injury (DTD)
2/16/2018	2018	Lakers	Channing Frye	appendectomy (out indefinitely)
2/17/2018	2018	Lakers	Channing Frye	appendectomy (out indefinitely)
2/22/2018	2018	76ers	Joel Embiid	returned to lineup
2/22/2018	2018	Grizzlies	Chandler Parsons	illness (DTD)
2/22/2018	2018	Hawks	Malcolm Delaney	strained right knee (DTD)
2/22/2018	2018	Hawks	Dennis Schroder	returned to lineup
2/22/2018	2018	Magic	Aaron Gordon	returned to lineup
2/22/2018	2018	Nets	Jahlil Okafor	returned to lineup
2/22/2018	2018	Hawks	Antonius Cleveland	left ankle injury (DTD)
2/23/2018	2018	Clippers	Danilo Gallinari	sprained right hand (DTD)
2/23/2018	2018	Jazz	Raul Neto	sprained right ankle (DTD)
2/23/2018	2018	Rockets	Eric Gordon	illness (DTD)
2/23/2018	2018	Spurs	Danny Green	illness (DTD)
2/24/2018	2018	Bulls	Paul Zipser	left foot injury (DTD)
2/24/2018	2018	Grizzlies	Marc Gasol	DNP
2/24/2018	2018	Lakers	Channing Frye	recovering from appendectomy (DTD)
2/25/2018	2018	Spurs	Manu Ginobili	bruised sternum (DTD)
2/25/2018	2018	Spurs	Danny Green	returned to lineup
2/25/2018	2018	Timberwolves	Jimmy Butler	surgery on right knee to repair meniscus injury
2/26/2018	2018	Hawks	DeAndre' Bembry	strained abdominal (DTD)
2/26/2018	2018	Kings	Garrett Temple	back injury (DTD)
2/26/2018	2018	Nets	Jahlil Okafor	illness (DTD)
2/26/2018	2018	Rockets	Brandan Wright	sore right knee (DTD)
2/26/2018	2018	Rockets	Clint Capela	illness (DTD)
2/26/2018	2018	Rockets	Ryan Anderson	sore left groin/hip (DTD)
2/27/2018	2018	Grizzlies	Deyonta Davis	left ankle injury (DTD)
2/27/2018	2018	Heat	Kelly Olynyk	returned to lineup
2/28/2018	2018	Bucks	Tony Snell	bruised right thigh (DTD)
2/28/2018	2018	Celtics	Daniel Theis	sore right hamstring (DTD)
2/28/2018	2018	Hawks	Malcolm Delaney	returned to lineup
2/28/2018	2018	Hornets	Michael Kidd-Gilchrist	sore left hamstring (DTD)
2/28/2018	2018	Lakers	Josh Hart	fractured left hand (out indefinitely)
2/28/2018	2018	Rockets	Clint Capela	returned to lineup
2/28/2018	2018	Rockets	Eric Gordon	returned to lineup
2/28/2018	2018	Spurs	Manu Ginobili	returned to lineup
3/1/2018	2018	Heat	Wayne Ellington	bruised left quadricep (DTD)
3/1/2018	2018	Kings	Garrett Temple	returned to lineup
3/2/2018	2018	Clippers	Danilo Gallinari	fractured right hand (out indefinitely)
3/2/2018	2018	Grizzlies	Andrew Harrison	right wrist injury (DTD)
3/2/2018	2018	Grizzlies	JaMychal Green	illness (DTD)
3/2/2018	2018	Hornets	Michael Kidd-Gilchrist	returned to lineup
3/2/2018	2018	Jazz	Raul Neto	returned to lineup
3/2/2018	2018	Lakers	Josh Hart	surgery on left hand to repair fracture (out indefinitely)
3/3/2018	2018	Celtics	Daniel Theis	returned to lineup
3/3/2018	2018	Grizzlies	Wayne Selden Jr.	sore right knee (DTD)
3/3/2018	2018	Grizzlies	JaMychal Green	returned to lineup
3/3/2018	2018	Nuggets	Richard Jefferson	returned to lineup
3/4/2018	2018	Bucks	Tony Snell	returned to lineup
3/4/2018	2018	Cavaliers	Tristan Thompson	sprained right ankle (DTD)
3/4/2018	2018	Grizzlies	Mario Chalmers	right hamstring injury (DTD)
3/4/2018	2018	Nets	Jahlil Okafor	returned to lineup
3/4/2018	2018	Pelicans	Emeka Okafor	sprained right ankle (DTD)
3/4/2018	2018	Wizards	Kelly Oubre	sore left foot (DTD)
3/5/2018	2018	Bucks	Tyler Zeller	sore back (DTD)
3/5/2018	2018	Grizzlies	Jarell Martin	right knee injury (DTD)
3/5/2018	2018	Grizzlies	Mario Chalmers	right hamstring injury (DTD)
3/5/2018	2018	Grizzlies	Wayne Selden Jr.	returned to lineup
3/5/2018	2018	Hawks	Malcolm Delaney	sprained left ankle (out for season)
3/5/2018	2018	Hornets	Michael Carter-Williams	sprained left shoulder (out for season)
3/5/2018	2018	Jazz	Derrick Favors	neck spasms (DTD)
3/5/2018	2018	Rockets	Joe Johnson	illness (DTD)
3/6/2018	2018	Pelicans	Emeka Okafor	returned to lineup
3/6/2018	2018	Wizards	Kelly Oubre	returned to lineup
3/7/2018	2018	Grizzlies	Mario Chalmers	right hamstring injury (DTD)
3/7/2018	2018	Jazz	Derrick Favors	returned to lineup
3/7/2018	2018	Spurs	Pau Gasol	sprained right shoulder (DTD)
3/7/2018	2018	Warriors	Jordan Bell	sprained right ankle (DTD)
3/8/2018	2018	Heat	Wayne Ellington	returned to lineup
3/8/2018	2018	Magic	Evan Fournier	sprained MCL in left knee (out for season)
3/8/2018	2018	Spurs	Pau Gasol	sprained ACL in right knee (DTD)
3/9/2018	2018	Celtics	Jaylen Brown	concussion (out indefinitely)
3/9/2018	2018	Grizzlies	Jarell Martin	returned to lineup
3/9/2018	2018	Hornets	Michael Carter-Williams	surgery on left shoulder to repair posterior tear in labrum (out for season)
3/9/2018	2018	Magic	Aaron Gordon	concussion (DTD)
3/9/2018	2018	Pelicans	Anthony Davis	sprained left ankle (DTD)
3/9/2018	2018	Pistons	Dwight Buycks	sprained left ankle (DTD)
3/9/2018	2018	Thunder	Terrance Ferguson	concussion (out indefinitely)
3/10/2018	2018	Cavaliers	Cedi Osman	strained left hip (out indefinitely)
3/10/2018	2018	Cavaliers	Rodney Hood	strained lower back (DTD)
3/10/2018	2018	Spurs	Pau Gasol	returned to lineup
3/10/2018	2018	Suns	Devin Booker	strained left tricep (DTD)
3/10/2018	2018	Bucks	Mirza Teletovic	returned to lineup
3/11/2018	2018	Hawks	Dennis Schroder	sprained left elbow (DTD)
3/11/2018	2018	Knicks	Enes Kanter	back spasms (DTD)
3/11/2018	2018	Mavericks	Wesley Matthews	fractured right fibula (out for season)
3/11/2018	2018	Pelicans	Anthony Davis	returned to lineup
3/11/2018	2018	Rockets	James Harden	sore left knee (DTD)
3/11/2018	2018	Spurs	LaMarcus Aldridge	sore right knee (DTD)
3/12/2018	2018	Celtics	Daniel Theis	torn meniscus in left knee (out for season)
3/12/2018	2018	Celtics	Marcus Smart	sprained right thumb (out indefinitely)
3/12/2018	2018	Hawks	Jaylen Morris	sprained left ankle (out for season)
3/12/2018	2018	Hawks	Kent Bazemore	bone bruise in right knee (out for season)
3/12/2018	2018	Jazz	Raul Neto	fractured left wrist (out indefinitely)
3/12/2018	2018	Rockets	James Harden	returned to lineup
3/13/2018	2018	Clippers	Avery Bradley	surgery to repair athletic pubalgia / sports hernia (out for season)
3/13/2018	2018	Hawks	Dennis Schroder	returned to lineup
3/13/2018	2018	Knicks	Enes Kanter	returned to lineup
3/13/2018	2018	Nets	Jarrett Allen	sore left foot (DTD)
3/13/2018	2018	Pistons	Reggie Bullock	back injury (DTD)
3/13/2018	2018	Suns	Devin Booker	returned to lineup
3/13/2018	2018	Warriors	Draymond Green	sore right shoulder (DTD)
3/14/2018	2018	Celtics	Kyrie Irving	sore left knee (DTD)
3/14/2018	2018	Heat	Josh Richardson	sore left foot (DTD)
3/14/2018	2018	Lakers	Kyle Kuzma	sprained right ankle (DTD)
3/14/2018	2018	Pacers	Domantas Sabonis	sprained left ankle (DTD)
3/14/2018	2018	Rockets	Zhou Qi	rib injury (DTD)
3/15/2018	2018	Pistons	Dwight Buycks	returned to lineup
3/15/2018	2018	Pistons	Reggie Bullock	returned to lineup
3/16/2018	2018	76ers	Timothe Luwawu-Cabarrot	patellar tendinitis in right knee (DTD)
3/16/2018	2018	Bulls	Kris Dunn	sprained right toe (out for season)
3/16/2018	2018	Celtics	Marcus Smart	surgery on right thumb (out indefinitely)
3/16/2018	2018	Heat	Josh Richardson	returned to lineup
3/16/2018	2018	Lakers	Kyle Kuzma	returned to lineup
3/16/2018	2018	Nets	Jarrett Allen	returned to lineup
3/17/2018	2018	Bulls	Noah Vonleh	sprained right toe (DTD)
3/17/2018	2018	Cavaliers	Rodney Hood	strained lower back (DTD)
3/17/2018	2018	Nuggets	Gary Harris	right knee injury (DTD)
3/17/2018	2018	Pelicans	Rajon Rondo	rest (DTD)
3/17/2018	2018	Rockets	Ryan Anderson	returned to lineup
3/17/2018	2018	Suns	Devin Booker	sprained right hand (out for season)
3/17/2018	2018	Suns	Tyson Chandler	neck injury (out for season)
3/18/2018	2018	Hornets	Nicolas Batum	left Achilles tendinitis (DTD)
3/18/2018	2018	Pelicans	Rajon Rondo	returned to lineup
3/18/2018	2018	Rockets	Zhou Qi	returned to lineup
3/19/2018	2018	Bulls	Noah Vonleh	returned to lineup
3/19/2018	2018	Cavaliers	Tyronn Lue	took leave of absence as head coach to address health issues
3/19/2018	2018	Grizzlies	Marc Gasol	illness (DTD)
3/19/2018	2018	Hawks	John Collins (b)	sprained left ankle (DTD)
3/19/2018	2018	Jazz	Derrick Favors	sore left knee (DTD)
3/19/2018	2018	Kings	Bogdan Bogdanovic	left hamstring injury (DTD)
3/19/2018	2018	Magic	Aaron Gordon	returned to lineup
3/20/2018	2018	Magic	Jonathon Simmons	bruised right wrist (out for season)
3/20/2018	2018	Pelicans	Jrue Holiday	illness (DTD)
3/20/2018	2018	Raptors	DeMar DeRozan	bruised left thigh (DTD)
3/21/2018	2018	Grizzlies	Ivan Rabb	right heel injury (DTD)
3/21/2018	2018	Hornets	Nicolas Batum	sore left Achilles (DTD)
3/21/2018	2018	Kings	Garrett Temple	sprained left ankle (out for season)
3/21/2018	2018	Pelicans	Jrue Holiday	returned to lineup
3/21/2018	2018	Raptors	DeMar DeRozan	returned to lineup
3/21/2018	2018	Nets	Dante Cunningham	DNP
3/22/2018	2018	Bulls	Antonio Blakeney	fractured left wrist (out for season)
3/22/2018	2018	Grizzlies	Andrew Harrison	right wrist injury (DTD)
3/22/2018	2018	Grizzlies	Ivan Rabb	returned to lineup
3/22/2018	2018	Hawks	Dennis Schroder	rest (DTD)
3/22/2018	2018	Magic	Jonathan Isaac	sprained left foot (DTD)
3/22/2018	2018	Rockets	Chris Paul	sore left hamstring (DTD)
3/22/2018	2018	Warriors	Draymond Green	bruised pelvis (DTD)
3/23/2018	2018	Blazers	Shabazz Napier	left big toe injury (DTD)
3/23/2018	2018	Celtics	Kyrie Irving	surgery on left knee (out for season)
3/23/2018	2018	Grizzlies	Ivan Rabb	right heel injury (DTD)
3/23/2018	2018	Hawks	Dennis Schroder	returned to lineup
3/23/2018	2018	Hawks	John Collins (b)	returned to lineup
3/23/2018	2018	Nets	Dante Cunningham	returned to lineup
3/23/2018	2018	Timberwolves	Derrick Rose	sprained right ankle (DTD)
3/24/2018	2018	Grizzlies	Chandler Parsons	sore right knee (DTD)
3/24/2018	2018	Grizzlies	Andrew Harrison	returned to lineup
3/24/2018	2018	Lakers	Isaiah Thomas	right hip injury (out for season)
3/24/2018	2018	Lakers	Luol Deng	sprained left ankle (DTD)
3/24/2018	2018	Pelicans	Nikola Mirotic	hip injury (DTD)
3/24/2018	2018	Pelicans	Nikola Mirotic	right hip flexor injury (DTD)
3/24/2018	2018	Pelicans	Rajon Rondo	sprained right wrist (DTD)
3/24/2018	2018	Rockets	Luc Mbah a Moute	sore left knee (DTD)
3/24/2018	2018	Warriors	Stephen Curry	sprained MCL in left knee (out indefinitely)
3/25/2018	2018	Blazers	Shabazz Napier	returned to lineup
3/25/2018	2018	Hawks	Dennis Schroder	sprained left ankle (out for season)
3/25/2018	2018	Knicks	Damyean Dotson	sprained right foot (DTD)
3/25/2018	2018	Knicks	Kyle O'Quinn	strained left hip (DTD)
3/25/2018	2018	Warriors	Draymond Green	flu (DTD)
3/26/2018	2018	Bulls	Paul Zipser	sore left foot (out for season)
3/26/2018	2018	Grizzlies	Chandler Parsons	returned to lineup
3/26/2018	2018	Knicks	Emmanuel Mudiay	illness (DTD)
3/27/2018	2018	Heat	Bam Adebayo	sprained right ankle (DTD)
3/27/2018	2018	Mavericks	Dwight Powell	left knee injury (DTD)
3/27/2018	2018	Mavericks	Dwight Powell	bursitis in knee (DTD)
3/27/2018	2018	Mavericks	Nerlens Noel	rest (DTD)
3/27/2018	2018	Pelicans	Alexis Ajinca	surgery on left knee (out for season)
3/27/2018	2018	Pelicans	Rajon Rondo	sprained right wrist (DTD)
3/27/2018	2018	Pelicans	Nikola Mirotic	returned to lineup
3/27/2018	2018	Rockets	Clint Capela	sprained left thumb (DTD)
3/27/2018	2018	Rockets	Chris Paul	returned to lineup
3/27/2018	2018	Blazers	Maurice Harkless	surgery on left knee (out indefinitely)
3/27/2018	2018	Warriors	Chris Boucher	sprained left ankle (DTD)
3/28/2018	2018	76ers	Amir Johnson	illness (DTD)
3/28/2018	2018	76ers	Justin Anderson	sore right ankle (DTD)
3/28/2018	2018	Cavaliers	Kevin Love	concussion (out indefinitely)
3/28/2018	2018	Celtics	Al Horford	ankle injury (DTD)
3/28/2018	2018	Celtics	Marcus Morris	sprained right ankle (DTD)
3/28/2018	2018	Clippers	Milos Teodosic	plantar fascia in left foot (out for season)
3/28/2018	2018	Grizzlies	Andrew Harrison	right wrist injury (out for season)
3/28/2018	2018	Knicks	Courtney Lee	left foot injury (DTD)
3/28/2018	2018	Knicks	Damyean Dotson	returned to lineup
3/28/2018	2018	Knicks	Emmanuel Mudiay	returned to lineup
3/28/2018	2018	Lakers	Isaiah Thomas	surgery on right hip (out for season)
3/28/2018	2018	Magic	Wesley Iwundu	illness (DTD)
3/28/2018	2018	Mavericks	Salah Mejri	bruised right knee (DTD)
3/28/2018	2018	Mavericks	Dwight Powell	returned to lineup
3/28/2018	2018	Mavericks	Nerlens Noel	returned to lineup
3/28/2018	2018	Nets	Isaiah Whitehead	sprained right wrist (out for season)
3/28/2018	2018	Suns	Alex Len	sprained left ankle (DTD)
3/28/2018	2018	Suns	Elfrid Payton	left knee injury (out for season)
3/29/2018	2018	76ers	Joel Embiid	fractured left orbital bone (out indefinitely)
3/29/2018	2018	Bulls	Cristiano Felicio	sore lower back (DTD)
3/29/2018	2018	Bulls	Lauri Markkanen	rest (DTD)
3/29/2018	2018	Warriors	Draymond Green	returned to lineup
3/30/2018	2018	76ers	Amir Johnson	returned to lineup
3/30/2018	2018	Bucks	John Henson	right index finger injury (DTD)
3/30/2018	2018	Cavaliers	Kevin Love	returned to lineup
3/30/2018	2018	Clippers	Jawun Evans	abdominal injury / sports hernia / athletic pubalgia (out for season)
3/30/2018	2018	Grizzlies	Chandler Parsons	rest (DTD)
3/30/2018	2018	Jazz	Ricky Rubio	hamstring injury (DTD)
3/30/2018	2018	Jazz	Ricky Rubio	sore left hamstring (DTD)
3/30/2018	2018	Lakers	Lonzo Ball	bruised left knee (out for season)
3/30/2018	2018	Magic	Jonathan Isaac	returned to lineup
3/30/2018	2018	Pelicans	Rajon Rondo	returned to lineup
3/30/2018	2018	Rockets	Chris Paul	sore left hip / rest (DTD)
3/30/2018	2018	Rockets	Eric Gordon	sore left / right knee (DTD)
3/30/2018	2018	Rockets	Clint Capela	returned to lineup
3/30/2018	2018	Suns	Jared Dudley	sore left ankle (DTD)
3/30/2018	2018	Warriors	Andre Iguodala	sore left knee (DTD)
3/31/2018	2018	76ers	Joel Embiid	surgery to repair fractured left orbital bone (out indefinitely)
3/31/2018	2018	Celtics	Al Horford	returned to lineup
3/31/2018	2018	Celtics	Marcus Morris	returned to lineup
3/31/2018	2018	Hornets	Jeremy Lamb	sore left foot (DTD)
3/31/2018	2018	Knicks	Frank Ntilikina	illness (DTD)
3/31/2018	2018	Warriors	Chris Boucher	returned to lineup
4/1/2018	2018	76ers	Justin Anderson	returned to lineup
4/1/2018	2018	Grizzlies	JaMychal Green	sore left knee (out for season)
4/1/2018	2018	Grizzlies	MarShon Brooks	left ankle injury (DTD)
4/1/2018	2018	Hornets	Dwayne Bacon	sprained right ankle (out for season)
4/1/2018	2018	Hornets	Jeremy Lamb	returned to lineup
4/1/2018	2018	Jazz	Ricky Rubio	returned to lineup
4/1/2018	2018	Magic	Wesley Iwundu	returned to lineup
4/1/2018	2018	Pistons	James Ennis	bruised right hand (DTD)
4/1/2018	2018	Rockets	Chris Paul	sore left leg (DTD)
4/1/2018	2018	Rockets	Eric Gordon	returned to lineup
4/1/2018	2018	Timberwolves	Jeff Teague	knee injury (DTD)
4/1/2018	2018	Wizards	John Wall (a)	rest (DTD)
4/1/2018	2018	Cavaliers	Kyle Korver	sore right foot (DTD)
4/2/2018	2018	Knicks	Troy Williams	fractured jaw (out for season)
4/3/2018	2018	Bulls	Denzel Valentine	surgery on left knee (out for season)
4/3/2018	2018	Cavaliers	Kyle Korver	returned to lineup
4/3/2018	2018	Clippers	Danilo Gallinari	sore right hand (out for season)
4/3/2018	2018	Grizzlies	Wayne Selden Jr.	sore right knee (out for season)
4/3/2018	2018	Hawks	Dewayne Dedmon	sore ribs (DTD)
4/3/2018	2018	Kings	Skal Labissiere	sprained left ankle (out for season)
4/3/2018	2018	Knicks	Courtney Lee	returned to lineup
4/3/2018	2018	Knicks	Frank Ntilikina	returned to lineup
4/3/2018	2018	Magic	Jonathan Isaac	sprained left ankle (out for season)
4/3/2018	2018	Mavericks	Salah Mejri	returned to lineup
4/3/2018	2018	Nets	Isaiah Whitehead	surgery on right wrist (out for season)
4/3/2018	2018	Rockets	Trevor Ariza	rest (DTD)
4/3/2018	2018	Rockets	Chris Paul	returned to lineup
4/3/2018	2018	Suns	Alex Len	returned to lineup
4/4/2018	2018	Grizzlies	MarShon Brooks	returned to lineup
4/4/2018	2018	Hawks	Dewayne Dedmon	returned to lineup
4/4/2018	2018	Nets	DeMarre Carroll	strained left hip (out for season)
4/4/2018	2018	Pistons	James Ennis	returned to lineup
4/4/2018	2018	Rockets	Ryan Anderson	sprained left ankle (DTD)
4/4/2018	2018	Grizzlies	Chandler Parsons	returned to lineup
4/5/2018	2018	Cavaliers	Tyronn Lue	returned as head coach
4/5/2018	2018	Celtics	Kyrie Irving	surgery on left knee to remove 2 screws (out for season) (date approximate)
4/5/2018	2018	Grizzlies	Jarell Martin	left ankle injury (out for season)
4/5/2018	2018	Mavericks	Dirk Nowitzki	surgery on left ankle to remove loose debris (out for season)
4/5/2018	2018	Nets	Dante Cunningham	back injury (DTD)
4/5/2018	2018	Rockets	Trevor Ariza	returned to lineup
4/5/2018	2018	Suns	Alan Williams	sore right knee (out for season)
4/5/2018	2018	Timberwolves	Jeff Teague	returned to lineup
4/6/2018	2018	Magic	Aaron Gordon	sore right calf (DTD)
4/6/2018	2018	Magic	Nikola Vucevic	tightness in lower back (DTD)
4/6/2018	2018	Mavericks	Salah Mejri	rest / knee injury (out for season)
4/6/2018	2018	Pelicans	Ian Clark	sprained right ankle (DTD)
4/6/2018	2018	Suns	Troy Daniels	sprained right ankle (DTD)
4/6/2018	2018	Suns	Jared Dudley	returned to lineup
4/6/2018	2018	Wizards	Ian Mahinmi	concussion (DTD)
4/7/2018	2018	Bucks	Shabazz Muhammad	sprained right ankle (DTD)
4/7/2018	2018	Knicks	Tim Hardaway Jr.	sprained left ankle (out for season)
4/7/2018	2018	Nets	Dante Cunningham	returned to lineup
4/7/2018	2018	Rockets	Tarik Black	sore lower back (DTD)
4/8/2018	2018	Magic	Aaron Gordon	returned to lineup
4/8/2018	2018	Magic	Nikola Vucevic	returned to lineup
4/8/2018	2018	Suns	Josh Jackson	bruised right quadriceps (out for season)
4/8/2018	2018	Suns	Troy Daniels	returned to lineup
4/9/2018	2018	Bucks	Shabazz Muhammad	returned to lineup
4/9/2018	2018	Clippers	Austin Rivers	sore right elbow (out for season)
4/9/2018	2018	Clippers	Lou Williams	sprained right ankle (out for season)
4/9/2018	2018	Grizzlies	Marc Gasol	rest (DTD)
4/9/2018	2018	Hawks	Malcolm Delaney	arthroscopic surgery on left ankle (out for season)
4/9/2018	2018	Kings	Frank Mason	partially torn plantar fascia in left foot (out for season)
4/9/2018	2018	Nets	Joe Harris	sprained left ankle (out for season)
4/9/2018	2018	Pelicans	Ian Clark	returned to lineup
4/10/2018	2018	Mavericks	Doug McDermott	elbow injury (out for season)
4/10/2018	2018	Rockets	Luc Mbah a Moute	dislocated right shoulder (DTD)
4/10/2018	2018	Suns	Troy Daniels	sprained right ankle (DTD)
4/10/2018	2018	Thunder	Alex Abrines	concussion (DTD)
4/10/2018	2018	Wizards	Ian Mahinmi	returned to lineup
4/11/2018	2018	76ers	J.J. Redick	tightness in lower back (DTD)
4/11/2018	2018	Grizzlies	Marc Gasol	rest (DTD)
4/11/2018	2018	Knicks	Courtney Lee	sprained left ankle (out for season)
4/11/2018	2018	Pistons	Jameer Nelson	illness (out for season)
4/11/2018	2018	Rockets	Chris Paul	rest (DTD)
4/11/2018	2018	Rockets	Clint Capela	hand injury (DTD)
4/11/2018	2018	Rockets	Eric Gordon	ankle injury / rest (DTD)
4/11/2018	2018	Rockets	James Harden	rest (DTD)
4/12/2018	2018	Hawks	DeAndre' Bembry	fractured right wrist (out for season)
4/14/2018	2018	76ers	J.J. Redick	returned to lineup
4/15/2018	2018	Rockets	Chris Paul	returned to lineup
4/15/2018	2018	Rockets	Clint Capela	returned to lineup
4/15/2018	2018	Rockets	Eric Gordon	returned to lineup
4/18/2018	2018	Timberwolves	Justin Patton	surgery on left foot (out for season)
4/20/2018	2018	Pacers	Joe Young	illness (DTD)
4/22/2018	2018	Pacers	Joe Young	returned to lineup
4/23/2018	2018	Timberwolves	Tyus Jones	sore right knee (DTD)
4/25/2018	2018	Timberwolves	Tyus Jones	returned to lineup
4/26/2018	2018	Nuggets	Mason Plumlee	surgery to repair core muscle injury
4/27/2018	2018	Wizards	Otto Porter Jr.	surgery on left leg to remove blood around a contusion (out indefinitely)
4/30/2018	2018	Celtics	Jaylen Brown	strained right hamstring (DTD)
5/3/2018	2018	Celtics	Jaylen Brown	returned to lineup
5/7/2018	2018	Jazz	Dante Exum	strained left hamstring (out for season)
5/9/2018	2018	Celtics	Shane Larkin	sprained left shoulder (out for season)
5/9/2018	2018	Thunder	Paul George	arthroscopic surgery on right knee (out indefinitely)
5/22/2018	2018	Warriors	Andre Iguodala	bruised left leg (DTD)
5/25/2018	2018	Rockets	Chris Paul	strained right hamstring (out for season)
5/26/2018	2018	Cavaliers	Kevin Love	concussion (DTD)
5/31/2018	2018	Cavaliers	Kevin Love	returned to lineup
6/6/2018	2018	Warriors	Andre Iguodala	returned to lineup
7/4/2017	2017	Timberwolves	Justin Patton	surgery on left foot to repair fracture (out indefinitely)
7/25/2017	2017	Suns	Brandon Knight	torn ACL in left knee (out for season)
7/30/2017	2017	Clippers	Danilo Gallinari	fractured bone in right hand (out indefinitely)
8/8/2017	2017	Grizzlies	Ben McLemore	surgery on right foot to repair fracture (out indefinitely)
8/10/2017	2017	Thunder	Patrick Patterson	arthroscopic surgery on his left knee (out indefinitely)
8/28/2017	2017	Pelicans	Solomon Hill	surgery to repair torn left hamstring (out indefinitely)
9/1/2017	2017	Pelicans	Frank Jackson	fractured right foot (out for season)
9/6/2017	2017	Bulls	Cameron Payne	surgery to repair fractured right foot (out indefinitely)
9/13/2017	2017	Hawks	DeAndre' Bembry	strained right triceps (out indefinitely)
9/18/2017	2017	Raptors	Ogugua Anunoby	torn ACL in knee (out indefinitely)
9/22/2017	2017	Wizards	Markieff Morris	surgery to repair sports hernia (out indefinitely)
9/25/2017	2017	Suns	Alan Williams	surgery on right knee to repair torn meniscus (out indefinitely)
9/26/2017	2017	Cavaliers	Isaiah Thomas	right hip impingement (DTD)
9/30/2017	2017	Pacers	Glenn Robinson III	high ankle sprain (DTD)
9/30/2017	2017	Spurs	Kawhi Leonard	sore right quadriceps (out indefinitely)
10/5/2017	2017	Blazers	Noah Vonleh	strained right shoulder (DTD)
10/5/2017	2017	Hornets	Nicolas Batum	torn ligament in left elbow (out indefinitely)
10/6/2017	2017	Kings	Harry Giles	recovering from surgery / rehab of knees
10/7/2017	2017	Bulls	Kris Dunn	dislocated left index finger (out indefinitely)
10/7/2017	2017	Jazz	Dante Exum	separated left shoulder (out indefinitely)
10/7/2017	2017	Mavericks	Seth Curry	stress reaction in tibia in left leg (out for season)
10/8/2017	2017	76ers	Richaun Holmes	fractured wrist (out indefinitely)
10/9/2017	2017	Pelicans	Rajon Rondo	surgery to repair sports hernia (out indefinitely)
10/9/2017	2017	Wizards	Sheldon McClellan	torn Achilles tendon (out for season)
10/10/2017	2017	Wizards	Sheldon McClellan	surgery to repair torn left Achilles tendon (out indefinitely)
10/11/2017	2017	Hawks	Miles Plumlee	strained right quadriceps (DTD)
10/11/2017	2017	Hornets	Michael Carter-Williams	sore knees (DTD)
10/12/2017	2017	Heat	Rodney McGruder	surgery on lower left leg to repair stress fracture (out indefinitely) (date approximate)
10/12/2017	2017	Pelicans	Omer Asik	illness (DTD)
10/12/2017	2017	Suns	Davon Reed	surgery on left knee to repair torn meniscus (out indefinitely)
10/14/2017	2017	Pacers	Glenn Robinson III	surgery on left ankle (out indefinitely)
10/16/2017	2017	Jazz	Dante Exum	surgery to repair separated left shoulder (out indefinitely)
10/17/2017	2017	Bulls	Nikola Mirotic	fractured bones in face (out indefinitely)
10/17/2017	2017	Celtics	Gordon Hayward	fractured tibia in left leg and dislocated left ankle (out for season)
10/17/2017	2017	Kings	Bogdan Bogdanovic	sprained right ankle (DTD)
10/18/2017	2017	76ers	Jahlil Okafor	illness (DTD)
10/18/2017	2017	Blazers	Zach Collins	illness (DTD)
10/18/2017	2017	Bucks	Jabari Parker	placed on IL recovering from surgery on left knee to repair torn ACL
10/18/2017	2017	Celtics	Gordon Hayward	surgery on left ankle/leg to repair fractured tibia and dislocated ankle (out for season)
10/18/2017	2017	Nets	Jeremy Lin	ruptured patella tendon in right knee (out for season)
10/18/2017	2017	Pacers	Ike Anigbogu	knee injury (DTD)
10/18/2017	2017	Rockets	Chris Paul	bruised left knee (DTD)
10/19/2017	2017	Grizzlies	JaMychal Green	sprained left ankle (DTD)
10/19/2017	2017	Pacers	Myles Turner	sore neck (DTD)
10/20/2017	2017	Blazers	Zach Collins	returned to lineup
10/20/2017	2017	Cavaliers	Derrick Rose	sprained left ankle (DTD)
10/20/2017	2017	Heat	Hassan Whiteside	bruised left knee (DTD)
10/20/2017	2017	Hornets	Michael Carter-Williams	sore knee (DTD)
10/20/2017	2017	Pacers	Ike Anigbogu	returned to lineup
10/21/2017	2017	76ers	Jahlil Okafor	returned to lineup
10/21/2017	2017	Raptors	Jonas Valanciunas	sore/sprained left ankle (DTD)
10/22/2017	2017	Clippers	Milos Teodosic	plantar fascia in left foot (out indefinitely)
10/23/2017	2017	Bucks	Malcolm Brogdon	sprained left ankle (DTD)
10/23/2017	2017	Hawks	Ersan Ilyasova	strained left knee (DTD)
10/23/2017	2017	Kings	Bogdan Bogdanovic	returned to lineup
10/24/2017	2017	Blazers	C.J. Wilcox	right knee injury (out indefinitely)
10/24/2017	2017	Hawks	DeAndre' Bembry	surgery on right wrist to repair fracture
10/24/2017	2017	Rockets	Trevor Ariza	sprained left foot (DTD)
10/24/2017	2017	Spurs	Joffrey Lauvergne	sprained right ankle (DTD)
10/24/2017	2017	Timberwolves	Jimmy Butler	upper respiratory illness (DTD)
10/25/2017	2017	76ers	Markelle Fultz	sore right shoulder (DTD)
10/25/2017	2017	Blazers	Meyers Leonard	sore/sprained right ankle (DTD)
10/25/2017	2017	Cavaliers	Dwyane Wade	bruised left knee (DTD)
10/25/2017	2017	Grizzlies	Chandler Parsons	rest (DTD)
10/25/2017	2017	Raptors	Lucas Nogueira	sprained left ankle (DTD)
10/26/2017	2017	Bucks	Malcolm Brogdon	returned to lineup
10/26/2017	2017	Bulls	Paul Zipser	bruised right knee (DTD)
10/26/2017	2017	Mavericks	Dorian Finney-Smith	left knee tendinitis (DTD)
10/26/2017	2017	Pelicans	Anthony Davis	left knee tendinitis (DTD)
10/27/2017	2017	Hawks	Ersan Ilyasova	returned to lineup
10/27/2017	2017	Hornets	Treveon Graham	bruised right quadriceps (DTD)
10/27/2017	2017	Spurs	Joffrey Lauvergne	sprained right ankle (DTD)
10/28/2017	2017	76ers	J.J. Redick	tightness in lower back (DTD)
10/28/2017	2017	Bulls	Paul Zipser	returned to lineup
10/28/2017	2017	Cavaliers	Dwyane Wade	returned to lineup
10/28/2017	2017	Nets	Quincy Acy	strained left groin (DTD)
10/28/2017	2017	Pelicans	Anthony Davis	returned to lineup
10/29/2017	2017	Cavaliers	Iman Shumpert	sore right knee (DTD)
10/29/2017	2017	Hornets	Frank Kaminsky	illness (DTD)
10/29/2017	2017	Hornets	Cody Zeller	returned to lineup
10/29/2017	2017	Hornets	Treveon Graham	returned to lineup
10/30/2017	2017	Hornets	Frank Kaminsky	returned to lineup
10/30/2017	2017	Raptors	Serge Ibaka	swollen left / right knee (DTD)
10/30/2017	2017	Raptors	Lucas Nogueira	returned to lineup
10/30/2017	2017	Spurs	Manu Ginobili	rest (DTD)
10/31/2017	2017	Jazz	Joe Johnson	sore right wrist (DTD)
10/31/2017	2017	Nets	Jarrett Allen	strained left foot (DTD)
11/1/2017	2017	Grizzlies	Mike Conley Jr.	sore left Achilles (DTD)
11/1/2017	2017	Heat	James Johnson	tendinitis in right knee (DTD)
11/1/2017	2017	Pistons	Jon Leuer	sprained left ankle (DTD)
11/1/2017	2017	Raptors	Serge Ibaka	returned to lineup
11/2/2017	2017	Cavaliers	Tristan Thompson	strained left calf (out indefinitely)
11/2/2017	2017	Lakers	Andrew Bogut	tightness in back (DTD)
11/2/2017	2017	Magic	D.J. Augustine	strained left hamstring (DTD)
11/2/2017	2017	Spurs	Manu Ginobili	returned to lineup
11/3/2017	2017	Hawks	Malcolm Delaney	sprained right ankle (DTD)
11/3/2017	2017	Heat	James Johnson	returned to lineup
11/3/2017	2017	Lakers	Larry Nance Jr.	surgery on left hand/thumb to repair fracture (out indefinitley)
11/3/2017	2017	Nets	Trevor Booker	sore lower back (DTD)
11/4/2017	2017	Bulls	David Nwaba	sprained right ankle (DTD)
11/4/2017	2017	Grizzlies	Mike Conley Jr.	returned to lineup
11/4/2017	2017	Hawks	Mike Muscala	sprained left ankle (DTD)
11/4/2017	2017	Pacers	T.J. Leaf	sprained left ankle (DTD)
11/4/2017	2017	Grizzlies	Wayne Selden Jr.	right quadricep injury (DTD)
11/6/2017	2017	76ers	Jerryd Bayless	bruised left wrist (DTD)
11/6/2017	2017	Clippers	Danilo Gallinari	strained left gluteus muscle (DTD)
11/6/2017	2017	Hawks	Malcolm Delaney	returned to lineup
11/7/2017	2017	Grizzlies	Wayne Selden Jr.	right thigh injury (DTD)
11/7/2017	2017	Nets	Rondae Hollis-Jefferson	bruised right hip (DTD)
11/8/2017	2017	Suns	Tyson Chandler	back spasms (DTD)
11/9/2017	2017	Blazers	C.J. Wilcox	surgery on right knee (date approximate)
11/9/2017	2017	Clippers	Patrick Beverley	sore right knee (DTD)
11/9/2017	2017	Rockets	Luc Mbah a Moute	knee injury (DTD)
11/10/2017	2017	76ers	Nik Stauskas	sprained right ankle (DTD)
11/10/2017	2017	Hornets	Treveon Graham	bruised right quadriceps (DTD)
11/10/2017	2017	Nets	Trevor Booker	sore lower back (DTD)
11/10/2017	2017	Nets	Rondae Hollis-Jefferson	returned to lineup
11/11/2017	2017	Jazz	Rudy Gobert	bruised tibia in right leg (DTD)
11/11/2017	2017	Magic	Elfrid Payton	sore left hamstring (DTD)
11/11/2017	2017	Pelicans	Tony Allen	left knee inflammation (DTD)
11/11/2017	2017	Rockets	Luc Mbah a Moute	returned to lineup
11/11/2017	2017	Spurs	Manu Ginobili	rest (DTD)
11/11/2017	2017	Timberwolves	Cole Aldrich	sprained left ankle (DTD)
11/11/2017	2017	Timberwolves	Gorgui Dieng	sprained right index finger (DTD)
11/11/2017	2017	Grizzlies	Wayne Selden Jr.	returned to lineup
11/12/2017	2017	Magic	Jonathan Isaac	sprained right ankle (DTD)
11/12/2017	2017	Nets	D'Angelo Russell	bruised left knee (DTD)
11/12/2017	2017	Rockets	Nene Hilario	sore ankle (DTD)
11/12/2017	2017	Thunder	Carmelo Anthony	sore lower back (DTD)
11/13/2017	2017	Magic	Jonathan Isaac	sprained right ankle (DTD)
11/13/2017	2017	Knicks	Ron Baker	shoulder injury (DTD)
11/14/2017	2017	Heat	Okaro White	fractured left foot (out indefinitely)
11/14/2017	2017	Rockets	Nene Hilario	sprained right foot (DTD)
11/14/2017	2017	Spurs	Manu Ginobili	returned to lineup
11/15/2017	2017	Bucks	Matthew Dellavedova	left knee tendinitis (DTD)
11/15/2017	2017	Magic	Jonathan Isaac	sprained right ankle (DTD)
11/15/2017	2017	Thunder	Carmelo Anthony	returned to lineup
11/15/2017	2017	Timberwolves	Cole Aldrich	returned to lineup
11/16/2017	2017	Raptors	Delon Wright	dislocated right shoulder (out indefinitely)
11/16/2017	2017	Rockets	Nene Hilario	returned to lineup
11/17/2017	2017	76ers	Justin Anderson	shin splints in left leg (DTD)
11/17/2017	2017	Blazers	Meyers Leonard	returned to lineup
11/17/2017	2017	Grizzlies	Wayne Selden Jr.	right quadricep injury (DTD)
11/17/2017	2017	Jazz	Ricky Rubio	sore right Achilles (DTD)
11/17/2017	2017	Nets	D'Angelo Russell	arthroscopic surgery on left knee (out indefinitely)
11/17/2017	2017	Timberwolves	Gorgui Dieng	returned to lineup
11/17/2017	2017	Grizzlies	Ivan Rabb	concussion (DTD)
11/18/2017	2017	Cavaliers	Iman Shumpert	left knee injury (DTD)
11/18/2017	2017	Jazz	Ricky Rubio	returned to lineup
11/18/2017	2017	Hawks	Mike Muscala	sprained left ankle (DTD)
11/19/2017	2017	Grizzlies	Brandan Wright	right groin injury (DTD)
11/19/2017	2017	Nuggets	Paul Millsap	sore left wrist (DTD)
11/19/2017	2017	Warriors	Kevin Durant	sprained left ankle (DTD)
11/19/2017	2017	Wizards	John Wall (a)	sore left knee / left knee inflammation (DTD)
11/20/2017	2017	76ers	Richaun Holmes	illness (DTD)
11/20/2017	2017	76ers	Jerryd Bayless	returned to lineup
11/20/2017	2017	Clippers	Patrick Beverley	returned to lineup
11/20/2017	2017	Pelicans	Tony Allen	returned to lineup
11/20/2017	2017	Wizards	John Wall (a)	returned to lineup
11/21/2017	2017	Bucks	John Henson	eye injury (DTD)
11/21/2017	2017	Bucks	Mirza Teletovic	arthroscopic surgery on left knee to repair torn cartilage (out indefinitely)
11/21/2017	2017	Hawks	Luke Babbitt	lower back spasms (DTD)
11/22/2017	2017	76ers	Richaun Holmes	returned to lineup
11/22/2017	2017	Bucks	Giannis Antetokounmpo	sore right knee (DTD)
11/22/2017	2017	Nets	Trevor Booker	sprained left ankle (DTD)
11/22/2017	2017	Rockets	Eric Gordon	tightness in right calf (DTD)
11/22/2017	2017	Clippers	Patrick Beverley	arthroscopic surgery on right knee to repair lateral meniscus (out for season)
11/24/2017	2017	76ers	Ben Simmons	left elbow injury (DTD)
11/24/2017	2017	Celtics	Shane Larkin	undisclosed injury (DTD)
11/24/2017	2017	Hornets	Nicolas Batum	ulnar nerve contusion (DTD)
11/24/2017	2017	Nets	Trevor Booker	returned to lineup
11/24/2017	2017	Timberwolves	Jeff Teague	sore right Achilles (DTD)
11/24/2017	2017	Grizzlies	Ivan Rabb	returned to lineup
11/25/2017	2017	Bucks	Giannis Antetokounmpo	returned to lineup
11/25/2017	2017	Celtics	Shane Larkin	returned to lineup
11/25/2017	2017	Hornets	Nicolas Batum	returned to lineup
11/25/2017	2017	Knicks	Kristaps Porzingis	tightness in lower back (DTD)
11/25/2017	2017	Knicks	Ron Baker	returned to lineup
11/25/2017	2017	Rockets	Eric Gordon	returned to lineup
11/26/2017	2017	Nets	Allen Crabbe	sore lower back (DTD)
11/26/2017	2017	Nets	Trevor Booker	right big toe inflammation (DTD)
11/26/2017	2017	Rockets	Nene Hilario	strained right shoulder (DTD)
11/26/2017	2017	Suns	Devin Booker	right big toe injury (DTD)
11/27/2017	2017	76ers	Ben Simmons	returned to lineup
11/27/2017	2017	Hornets	Kemba Walker	sore left shoulder (DTD)
11/27/2017	2017	Knicks	Kristaps Porzingis	returned to lineup
11/27/2017	2017	Mavericks	Nerlens Noel	thumb injury (DTD)
11/27/2017	2017	Nets	DeMarre Carroll	illness (DTD)
11/27/2017	2017	Nuggets	Paul Millsap	surgery on left wrist (out indefinitely)
11/27/2017	2017	Spurs	Rudy Gay	sore right heel (DTD)
11/28/2017	2017	Clippers	Blake Griffin	sprained MCL in left knee (out indefinitely)
11/28/2017	2017	Jazz	Rodney Hood	sore left ankle (DTD)
11/28/2017	2017	Suns	Devin Booker	returned to lineup
11/29/2017	2017	Grizzlies	Chandler Parsons	sore right knee (DTD)
11/29/2017	2017	Hawks	Dewayne Dedmon	stress reaction in left tibia (DTD)
11/29/2017	2017	Heat	Hassan Whiteside	bone bruise in left knee (DTD)
11/29/2017	2017	Knicks	Kristaps Porzingis	sore ankle (DTD)
11/29/2017	2017	Nets	DeMarre Carroll	returned to lineup
11/29/2017	2017	Raptors	Lucas Nogueira	strained right calf (DTD)
11/29/2017	2017	Rockets	Zhou Qi	sore left calf (DTD)
11/29/2017	2017	Rockets	Nene Hilario	returned to lineup
11/29/2017	2017	Spurs	Rudy Gay	returned to lineup
11/30/2017	2017	Magic	Terrence Ross	sprained MCL in right knee and fractured right leg (out indefinitely)
11/30/2017	2017	Nuggets	Nikola Jokic	sprained left ankle (DTD)
12/1/2017	2017	Bulls	Bobby Portis	right arm injury (DTD)
12/1/2017	2017	Cavaliers	Iman Shumpert	arthroscopic surgery on left knee (out indefinitely)
12/1/2017	2017	Grizzlies	Chandler Parsons	returned to lineup
12/1/2017	2017	Mavericks	Nerlens Noel	surgery on thumb (out indefinitely)
12/1/2017	2017	Timberwolves	Jeff Teague	returned to lineup
12/2/2017	2017	Hawks	John Collins (b)	left shoulder injury (out indefinitely)
12/2/2017	2017	Kings	Willie Cauley-Stein	sore back (DTD)
12/2/2017	2017	Nets	Allen Crabbe	returned to lineup
12/2/2017	2017	Pelicans	Anthony Davis	strained adductor in left groin/pelvis (DTD)
12/2/2017	2017	Rockets	Troy Williams	sprained MCL in right knee (DTD)
12/2/2017	2017	Suns	Alex Len	ankle injury (DTD)
12/3/2017	2017	Spurs	Manu Ginobili	rest (DTD)
12/3/2017	2017	Spurs	LaMarcus Aldridge	rest (DTD)
12/4/2017	2017	Bulls	Bobby Portis	returned to lineup
12/4/2017	2017	Spurs	Joffrey Lauvergne	finger injury (DTD)
12/4/2017	2017	Spurs	Manu Ginobili	returned to lineup
12/4/2017	2017	Spurs	LaMarcus Aldridge	returned to lineup
12/4/2017	2017	Suns	Alex Len	returned to lineup
12/4/2017	2017	Warriors	Zaza Pachulia	sore left shoulder (DTD)
12/5/2017	2017	Jazz	Raul Neto	sore right foot (DTD)
12/5/2017	2017	Kings	Willie Cauley-Stein	strained lower back (DTD)
12/5/2017	2017	Warriors	Patrick McCaw	bruised nose (DTD)
12/5/2017	2017	Warriors	Stephen Curry	sprained right ankle (DTD)
12/5/2017	2017	Wizards	Jason Smith	knee injury (DTD)
12/6/2017	2017	Bucks	Jason Terry	strained left calf (DTD)
12/6/2017	2017	Celtics	Marcus Morris	left knee injury (DTD)
12/6/2017	2017	Hornets	Steve Clifford	took leave of absense as head coach with heath issue
12/6/2017	2017	Suns	Devin Booker	strained adductor in left groin (out indefinitely)
12/6/2017	2017	Warriors	Patrick McCaw	concussion (DTD)
12/6/2017	2017	Warriors	Zaza Pachulia	returned to lineup
12/7/2017	2017	76ers	Dario Saric	eye injury (DTD)
12/7/2017	2017	Hornets	Cody Zeller	torn meniscus in left knee (out indefinitely)
12/7/2017	2017	Hornets	Frank Kaminsky	sprained right ankle (DTD)
12/7/2017	2017	Jazz	Raul Neto	returned to lineup
12/7/2017	2017	Magic	Evan Fournier	sprained right ankle (DTD)
12/7/2017	2017	Pelicans	Alexis Ajinca	surgery on right knee (out indefinitely)
12/7/2017	2017	Rockets	Nene Hilario	scratched cornea (DTD)
12/7/2017	2017	Jazz	Rodney Hood	sore left ankle (DTD)
12/8/2017	2017	Blazers	Jusuf Nurkic	sprained right ankle (DTD)
12/8/2017	2017	Bucks	Tony Snell	patella tendinitis in left knee (DTD)
12/8/2017	2017	Celtics	Marcus Morris	returned to lineup
12/8/2017	2017	Pelicans	Rajon Rondo	rest (DTD)
12/8/2017	2017	Pelicans	Anthony Davis	returned to lineup
12/8/2017	2017	Warriors	Zaza Pachulia	sore left shoulder (DTD)
12/9/2017	2017	76ers	T.J. McConnell	left shoulder injury (DTD)
12/9/2017	2017	76ers	Dario Saric	returned to lineup
12/9/2017	2017	Cavaliers	Kevin Love	sore left hip (DTD)
12/9/2017	2017	Grizzlies	Chandler Parsons	rest (DTD)
12/9/2017	2017	Magic	Aaron Gordon	concussion (DTD)
12/9/2017	2017	Nets	Joe Harris	illness (DTD)
12/9/2017	2017	Nets	Yakuba Ouattara	sore left leg (DTD)
12/9/2017	2017	Rockets	Nene Hilario	returned to lineup
12/9/2017	2017	Spurs	Danny Green	tightness in left groin (DTD)
12/9/2017	2017	Spurs	Joffrey Lauvergne	returned to lineup
12/10/2017	2017	76ers	Joel Embiid	back injury (DTD)
12/10/2017	2017	Celtics	Marcus Morris	rehab of left knee (DTD)
12/10/2017	2017	Pacers	Darren Collison	sore left knee (DTD)
12/10/2017	2017	Pelicans	Jameer Nelson	left ankle injury (DTD)
12/10/2017	2017	Pelicans	Rajon Rondo	returned to lineup
12/11/2017	2017	Bulls	Lauri Markkanen	back spasms / sore lower back (DTD)
12/11/2017	2017	Grizzlies	Chandler Parsons	returned to lineup
12/11/2017	2017	Jazz	Raul Neto	concussion (DTD)
12/11/2017	2017	Pelicans	Anthony Davis	strained adductor in left groin/pelvis (DTD)
12/11/2017	2017	Pelicans	Dante Cunningham	right knee injury (DTD)
12/12/2017	2017	Cavaliers	Dwyane Wade	sore left knee (DTD)
12/12/2017	2017	Cavaliers	Kevin Love	returned to lineup
12/12/2017	2017	Nets	Joe Harris	returned to lineup
12/12/2017	2017	Spurs	Danny Green	returned to lineup
12/12/2017	2017	Wizards	Ian Mahinmi	sore right knee (DTD)
12/12/2017	2017	Wizards	Jason Smith	returned to lineup
12/13/2017	2017	Blazers	Meyers Leonard	illness (DTD)
12/13/2017	2017	Bulls	Lauri Markkanen	back spasms (DTD)
12/13/2017	2017	Grizzlies	Tyreke Evans	sore right hip (DTD)
12/13/2017	2017	Heat	Tyler Johnson	migraine headache (DTD)
12/13/2017	2017	Jazz	Rodney Hood	returned to lineup
12/13/2017	2017	Magic	Arron Afflalo	back spasms (DTD)
12/13/2017	2017	Pacers	Darren Collison	returned to lineup
12/13/2017	2017	Pelicans	Anthony Davis	returned to lineup
12/13/2017	2017	Pelicans	Dante Cunningham	returned to lineup
12/13/2017	2017	Wizards	Markieff Morris	sore right hip (DTD)
12/14/2017	2017	Blazers	Meyers Leonard	returned to lineup
12/14/2017	2017	Bucks	Mirza Teletovic	pulmonary embolism (out indefinitely)
12/14/2017	2017	Cavaliers	Tristan Thompson	strained left calf (DTD)
12/14/2017	2017	Cavaliers	Dwyane Wade	returned to lineup
12/14/2017	2017	Warriors	Nick Young	concussion (DTD)
12/15/2017	2017	Cavaliers	John Holland	left shoulder subluxation (out) indefinitely
12/15/2017	2017	Heat	Justise Winslow	strained left knee (DTD)
12/15/2017	2017	Heat	Tyler Johnson	returned to lineup
12/15/2017	2017	Nets	Allen Crabbe	sore left ankle / knee (DTD)
12/15/2017	2017	Nets	DeMarre Carroll	rest (DTD)
12/15/2017	2017	Pistons	Avery Bradley	strained right adductor (DTD)
12/15/2017	2017	Raptors	C.J. Miles	sore left shoulder (DTD)
12/15/2017	2017	Wizards	Ian Mahinmi	returned to lineup
12/15/2017	2017	Wizards	Markieff Morris	returned to lineup
12/15/2017	2017	Hornets	Julyan Stone	hamstring injury (DTD)
12/16/2017	2017	Cavaliers	Tristan Thompson	returned to lineup
12/16/2017	2017	Grizzlies	Chandler Parsons	rest (DTD)
12/16/2017	2017	Jazz	Derrick Favors	eye laceration (DTD)
12/16/2017	2017	Jazz	Rudy Gobert	sprained left knee (DTD)
12/16/2017	2017	Magic	Aaron Gordon	strained right calf (DTD)
12/16/2017	2017	Rockets	Clint Capela	bruised left heel (DTD)
12/16/2017	2017	Spurs	Danny Green	tightness in left groin (DTD)
12/17/2017	2017	76ers	Joel Embiid	back injury (DTD)
12/17/2017	2017	76ers	Trevor Booker	sprained left ankle (DTD)
12/17/2017	2017	Heat	James Johnson	right ankle injury (DTD)
12/17/2017	2017	Kings	De'Aaron Fox	bruised right quadriceps (DTD)
12/17/2017	2017	Nets	Allen Crabbe	returned to lineup
12/17/2017	2017	Nets	DeMarre Carroll	returned to lineup
12/17/2017	2017	Pistons	Avery Bradley	strained right adductor (DTD)
12/17/2017	2017	Raptors	C.J. Miles	returned to lineup
12/17/2017	2017	Warriors	Shaun Livingston	sore right knee (DTD)
12/17/2017	2017	Warriors	Nick Young	returned to lineup
12/17/2017	2017	Wizards	Otto Porter Jr.	hip injury / bruised right thigh (DTD)
12/17/2017	2017	76ers	Furkan Korkmaz	left foot injury (out indefinitely)
12/18/2017	2017	Clippers	Lou Williams	sprained left / right foot (DTD)
12/18/2017	2017	Clippers	Wesley Johnson	sore left foot (DTD)
12/18/2017	2017	Heat	Goran Dragic	sore left elbow (DTD)
12/18/2017	2017	Heat	James Johnson	bursitis in right ankle (DTD)
12/18/2017	2017	Hornets	Julyan Stone	returned to lineup
12/18/2017	2017	Jazz	Derrick Favors	concussion (DTD)
12/18/2017	2017	Rockets	Clint Capela	returned to lineup
12/19/2017	2017	Bucks	Tony Snell	returned to lineup
12/19/2017	2017	Lakers	Brook Lopez	sprained right ankle (DTD)
12/20/2017	2017	Clippers	Lou Williams	returned to lineup
12/20/2017	2017	Jazz	Donovan Mitchell	bruised right big toe (DTD)
12/20/2017	2017	Mavericks	Dennis Smith Jr.	returned to lineup
12/20/2017	2017	Rockets	Clint Capela	bruised left heel (DTD)
12/20/2017	2017	Spurs	Tony Parker	rest (DTD)
12/20/2017	2017	Spurs	Danny Green	returned to lineup
12/21/2017	2017	Blazers	Damian Lillard	strained right hamstring (DTD)
12/21/2017	2017	Cavaliers	J.R. Smith	sore left knee (DTD)
12/21/2017	2017	Celtics	Jaylen Brown	sore left Achilles (DTD)
12/21/2017	2017	Jazz	Nate Wolters	sore lower back (DTD)
12/21/2017	2017	Rockets	Chris Paul	strained left adductor (DTD)
12/21/2017	2017	Spurs	Danny Green	tightness in left groin (DTD)
12/21/2017	2017	Spurs	Manu Ginobili	rest (DTD)
12/21/2017	2017	Spurs	Tony Parker	returned to lineup
12/22/2017	2017	Clippers	Milos Teodosic	rest (DTD)
12/22/2017	2017	Hawks	Dennis Schroder	left ankle injury (DTD)
12/22/2017	2017	Magic	Jonathan Isaac	sore right ankle (DTD)
12/22/2017	2017	Pistons	Avery Bradley	sore right groin (DTD)
12/22/2017	2017	Jazz	Nate Wolters	returned to lineup
12/23/2017	2017	Celtics	Jaylen Brown	returned to lineup
12/23/2017	2017	Clippers	Milos Teodosic	returned to lineup
12/23/2017	2017	Hawks	Dennis Schroder	returned to lineup
12/23/2017	2017	Heat	Dion Waiters	sprained left ankle (DTD)
12/23/2017	2017	Heat	Goran Dragic	returned to lineup
12/23/2017	2017	Heat	James Johnson	returned to lineup
12/23/2017	2017	Jazz	Donovan Mitchell	returned to lineup
12/23/2017	2017	Kings	Vince Carter	rib injury (DTD)
12/23/2017	2017	Magic	Nikola Vucevic	fractured left hand (out indefinitely)
12/23/2017	2017	Spurs	Kawhi Leonard	right quadricep injury / rest (DTD)
12/23/2017	2017	Spurs	Manu Ginobili	returned to lineup
12/24/2017	2017	Lakers	Lonzo Ball	sprained left shoulder (DTD)
12/25/2017	2017	Cavaliers	J.R. Smith	returned to lineup
12/25/2017	2017	Celtics	Marcus Morris	returned to lineup
12/25/2017	2017	Rockets	Clint Capela	returned to lineup
12/26/2017	2017	Celtics	Marcus Morris	left knee injury (DTD)
12/26/2017	2017	Heat	James Johnson	bursitis in right ankle (DTD)
12/26/2017	2017	Kings	Vince Carter	returned to lineup
12/26/2017	2017	Magic	Jonathan Isaac	returned to lineup
12/26/2017	2017	Spurs	Kawhi Leonard	returned to lineup
12/27/2017	2017	Celtics	Jaylen Brown	sore right knee (DTD)
12/27/2017	2017	Pistons	Reggie Jackson (b)	sprained right ankle (out indefinitely)
12/27/2017	2017	Rockets	Clint Capela	fractured right orbital bone (DTD)
12/29/2017	2017	Bulls	Kris Dunn	patellar tendinitis in left knee (DTD)
12/29/2017	2017	Clippers	Wesley Johnson	returned to lineup
12/29/2017	2017	Grizzlies	Chandler Parsons	sore right knee (DTD)
12/29/2017	2017	Lakers	Tyler Ennis	flu (DTD)
12/29/2017	2017	Rockets	Nene Hilario	undisclosed (DTD)
12/29/2017	2017	Rockets	Chris Paul	returned to lineup
12/29/2017	2017	Spurs	Rudy Gay	bursitis in right heel (DTD)
12/29/2017	2017	Thunder	Paul George	sore left knee (DTD)
12/30/2017	2017	76ers	Joel Embiid	back injury (DTD)
12/30/2017	2017	Blazers	Meyers Leonard	ankle injury (DTD)
12/30/2017	2017	Clippers	Austin Rivers	strained right Achilles tendon (DTD)
12/30/2017	2017	Nuggets	Juan Hernangomez	illness (DTD)
12/30/2017	2017	Nuggets	Malik Beasley	elbow injury (DTD)
12/30/2017	2017	Pistons	Stanley Johnson	strained right hip flexor (DTD)
12/31/2017	2017	76ers	Joel Embiid	returned to lineup
12/31/2017	2017	Bulls	Kris Dunn	returned to lineup
12/31/2017	2017	Lakers	Tyler Ennis	returned to lineup
12/31/2017	2017	Rockets	Nene Hilario	returned to lineup
