,Player,Team,Age,Height,Weight,College,Country,Draft Year,Draft Round,Draft Number,GP,PTS,REB,AST,NetRtg,OREB%,DREB%,USG%,TS%,AST%
0,Aaron Gordon,ORL,23,6.75,220,Arizona,USA,2014,1,4,78,16,7.4,3.7,1.5,4.70%,16.50%,21.30%,53.80%,16.60%
1,Aaron Holiday,IND,22,6.08,185,California-Los Angeles,USA,2018,1,23,50,5.9,1.3,1.7,7,0.80%,8.80%,20.60%,51.80%,18.00%
2,Abdel Nader,OKC,25,6.50,225,Iowa State,Egypt,2016,2,58,61,4,1.9,0.3,-9.5,1.70%,13.90%,14.80%,52.20%,4.40%
3,Al Horford,BOS,33,6.83,245,Florida,Dominican Rep...,2007,1,3,68,13.6,6.7,4.2,6.1,6.20%,16.10%,18.80%,60.50%,20.30%
4,Al-Farouq Aminu,POR,28,6.75,220,Wake Forest,USA,2010,1,8,81,9.4,7.5,1.3,8.2,4.80%,20.40%,13.40%,56.80%,5.70%
5,Alan Williams,BKN,26,6.67,265,California-Santa Barbara,USA,Undrafted,Undrafted,Undrafted,5,3.6,3.8,0.6,27.1,11.40%,40.50%,22.20%,61.00%,17.60%
6,Alec Burks,SAC,27,6.50,214,Colorado,USA,2011,1,12,64,8.8,3.7,2,-11.1,2.10%,15.10%,18.50%,52.30%,14.20%
7,Alex Abrines,OKC,25,6.50,200,None,Spain,2013,2,32,31,5.3,1.5,0.6,1.6,0.70%,6.70%,12.00%,50.70%,4.70%
8,Alex Caruso,LAL,25,6.42,186,Texas A&M,USA,Undrafted,Undrafted,Undrafted,25,9.2,2.7,3.1,3.2,3.50%,7.90%,18.40%,56.90%,20.50%
9,Alex Len,ATL,26,7.08,250,Maryland,Ukraine,2013,1,5,77,11.1,5.5,1.1,-4.4,9.00%,15.90%,21.40%,57.50%,8.60%
10,Alex Poythress,ATL,25,6.75,235,Kentucky,USA,Undrafted,Undrafted,Undrafted,21,5.1,3.6,0.8,-10,8.50%,15.10%,14.00%,57.10%,8.50%
11,Alfonzo McKinnie,GSW,26,6.67,215,None,USA,Undrafted,Undrafted,Undrafted,72,4.7,3.4,0.4,0.9,7.50%,15.20%,13.10%,56.90%,4.10%
12,Alize Johnson,IND,23,6.75,212,Missouri State,USA,2018,2,50,14,0.9,1.4,0.1,-1.6,5.10%,19.20%,11.60%,33.30%,1.80%
13,Allen Crabbe,BKN,27,6.50,212,California,USA,2013,2,31,43,9.6,3.4,1.1,0.3,1.30%,10.80%,15.90%,51.90%,5.90%
14,Allonzo Trier,NYK,23,6.42,200,University of Arizona,USA,Undrafted,Undrafted,Undrafted,64,10.9,3.1,1.9,-7.2,2.00%,10.70%,20.70%,56.40%,13.10%
15,Amile Jefferson,ORL,26,6.75,222,Duke,USA,Undrafted,Undrafted,Undrafted,12,2.3,1.8,0.3,8.8,8.20%,25.00%,12.50%,69.20%,5.20%
16,Amir Johnson,PHI,32,6.75,240,None,USA,2005,2,56,51,3.9,2.9,1.2,-5,8.40%,18.50%,16.90%,57.40%,15.60%
17,Andre Drummond,DET,25,6.92,279,Connecticut,USA,2012,1,9,79,17.3,15.6,1.4,3.3,15.10%,31.10%,22.60%,55.50%,6.80%
18,Andre Iguodala,GSW,35,6.50,215,Arizona,USA,2004,1,9,68,5.7,3.7,3.2,9,3.10%,11.70%,10.10%,58.70%,17.30%
19,Andre Ingram,LAL,33,6.25,190,American,USA,Undrafted,Undrafted,Undrafted,4,0,0.5,0,9.6,5.90%,5.30%,18.40%,0.00%,0.00%
20,Andrew Bogut,GSW,34,7.00,260,Utah,Australia,2005,1,1,11,3.5,5,1,3.9,10.00%,29.70%,14.80%,52.30%,10.40%
21,Andrew Harrison,NOP,24,6.50,213,Kentucky,USA,2015,2,44,17,3.2,1.2,1.4,-5.5,3.20%,7.40%,17.10%,44.30%,19.40%
22,Andrew Wiggins,MIN,24,6.67,194,Kansas,Canada,2014,1,1,73,18.1,4.8,2.5,-1.2,3.10%,9.90%,24.00%,49.30%,10.80%
23,Anfernee Simons,POR,20,6.33,185,None,USA,2018,1,24,20,3.8,0.7,0.7,-17.6,2.20%,6.70%,24.00%,53.50%,13.50%
24,Angel Delgado,LAC,24,6.83,245,None,Dominican Rep...,Undrafted,Undrafted,Undrafted,2,1.5,2,0,7,8.30%,14.30%,15.00%,25.50%,0.00%
25,Ante Zizic,CLE,22,6.92,254,None,Croatia,2016,1,23,59,7.8,5.4,0.9,-3.9,9.70%,19.30%,17.80%,59.00%,7.50%
26,Anthony Davis,NOP,26,6.83,253,Kentucky,USA,2012,1,1,56,25.9,12,3.9,3.4,8.90%,24.90%,28.80%,59.70%,18.60%
27,Anthony Tolliver,MIN,34,6.67,250,Creighton,USA,Undrafted,Undrafted,Undrafted,65,5,2.7,0.7,-4.1,1.20%,14.30%,12.10%,57.10%,5.90%
28,Antonio Blakeney,CHI,22,6.33,192,Louisiana State,USA,Undrafted,Undrafted,Undrafted,57,7.3,1.9,0.7,-7.8,0.80%,11.40%,24.00%,48.70%,7.90%
29,Aron Baynes,BOS,32,6.83,260,Washington State,Australia,Undrafted,Undrafted,Undrafted,51,5.6,4.7,1.1,7.7,10.30%,17.50%,14.70%,56.70%,9.20%
30,Austin Rivers,HOU,26,6.33,200,Duke,USA,2012,1,10,76,8.1,2.1,2.2,2.5,1.20%,6.50%,14.20%,50.30%,12.00%
31,Avery Bradley,MEM,28,6.17,180,Texas,USA,2010,1,19,63,9.9,2.8,2.4,-1.5,2.20%,6.50%,16.00%,49.60%,11.40%
32,BJ Johnson,SAC,23,6.58,200,None,USA,Undrafted,Undrafted,Undrafted,7,3.3,1.1,0,-12.6,3.80%,15.00%,17.80%,60.90%,0.00%
33,Bam Adebayo,MIA,21,6.83,255,Kentucky,USA,2017,1,14,82,8.9,7.3,2.2,0.5,8.30%,22.10%,15.70%,62.30%,14.60%
34,Ben McLemore,SAC,26,6.42,201,Kansas,USA,2013,1,7,19,3.9,0.9,0.2,-3.5,1.80%,8.90%,18.50%,54.10%,3.50%
35,Ben Simmons,PHI,22,6.83,230,Louisiana State,Australia,2016,1,1,79,16.9,8.8,7.7,2.4,6.20%,17.90%,21.50%,58.20%,34.10%
36,Billy Garrett,NYK,24,6.50,215,DePaul University,USA,Undrafted,Undrafted,Undrafted,4,6.5,0.8,1.8,-8.6,0.00%,4.10%,21.50%,45.20%,18.90%
37,Bismack Biyombo,CHA,26,6.75,255,None,Democratic Re...,2011,1,7,54,4.4,4.6,0.6,-7.7,9.90%,20.50%,12.80%,60.20%,6.40%
38,Blake Griffin,DET,30,6.83,250,Oklahoma,USA,2009,1,1,75,24.5,7.5,5.4,0.5,3.60%,18.20%,29.60%,58.10%,26.80%
39,Boban Marjanovic,PHI,30,7.25,290,None,Serbia,Undrafted,Undrafted,Undrafted,58,7.3,4.6,0.9,0.1,12.40%,23.20%,22.20%,66.40%,12.80%
40,Bobby Portis,WAS,24,6.92,250,Arkansas,USA,2015,1,22,50,14.2,8.1,1.4,-4.4,8.30%,22.60%,24.10%,52.90%,8.50%
41,Bogdan Bogdanovic,SAC,26,6.50,205,None,Serbia,2014,1,27,70,14.1,3.5,3.8,-1.1,1.90%,9.80%,22.00%,53.00%,19.90%
42,Bojan Bogdanovic,IND,30,6.67,216,None,Croatia,2011,2,31,81,18,4.1,2,2.9,1.30%,11.30%,21.90%,61.30%,9.50%
43,Bonzie Colson,MIL,23,6.50,225,Notre Dame,USA,Undrafted,Undrafted,Undrafted,8,4.9,3.8,0.4,-9.2,6.50%,18.20%,17.40%,45.40%,4.00%
44,Brad Wanamaker,BOS,29,6.33,210,Pittsburgh,USA,Undrafted,Undrafted,Undrafted,36,3.9,1.1,1.6,8.8,0.80%,9.60%,16.20%,59.70%,22.50%
45,Bradley Beal,WAS,26,6.42,207,Florida,USA,2012,1,3,82,25.6,5,5.5,-1.8,2.80%,10.40%,27.70%,58.10%,23.30%
46,Brandon Goodwin,DEN,23,6.17,180,None,USA,Undrafted,Undrafted,Undrafted,16,1.4,0.2,0.9,8,1.60%,3.80%,22.00%,41.30%,29.80%
47,Brandon Ingram,LAL,21,6.75,190,Duke,USA,2016,1,2,52,18.3,5.1,3,-1.5,2.20%,11.30%,22.70%,55.50%,12.70%
48,Brandon Knight,CLE,27,6.25,195,Kentucky,USA,2011,1,8,39,6.8,1.5,1.8,-12,1.20%,7.00%,17.80%,48.40%,14.70%
49,Brandon Sampson,CHI,22,6.42,184,None,USA,Undrafted,Undrafted,Undrafted,14,5.1,1.1,0.7,-6,1.40%,6.30%,15.40%,56.70%,6.30%
50,Brook Lopez,MIL,31,7.00,270,Stanford,USA,2008,1,10,81,12.5,4.9,1.2,11.5,1.40%,13.50%,16.50%,59.70%,5.50%
51,Bruce Brown,DET,22,6.42,202,Miami (FL),USA,2018,2,42,74,4.3,2.5,1.2,0.7,3.20%,9.20%,11.30%,46.90%,8.70%
52,Bruno Caboclo,MEM,23,6.75,218,None,Brazil,2014,1,20,34,8.3,4.6,1.5,0.9,5.00%,13.70%,15.00%,57.10%,9.10%
53,Bryn Forbes,SAS,25,6.25,190,Michigan State,USA,Undrafted,Undrafted,Undrafted,82,11.8,2.9,2.1,-0.3,0.80%,9.60%,17.10%,58.60%,10.50%
54,Buddy Hield,SAC,26,6.33,214,Oklahoma,Bahamas,2016,1,6,82,20.7,5,2.5,-0.6,3.60%,11.00%,24.30%,58.70%,11.70%
55,C.J. Williams,MIN,29,6.42,226,North Carolina State,USA,Undrafted,Undrafted,Undrafted,15,2.6,0.5,0.8,-17.5,0.70%,5.30%,13.80%,55.00%,15.80%
56,CJ McCollum,POR,27,6.25,190,Lehigh,USA,2013,1,10,70,21,4,3,6.5,2.50%,8.70%,24.80%,55.30%,13.30%
57,CJ Miles,MEM,32,6.50,220,None,USA,2005,2,34,53,6.4,1.8,0.7,-1.7,1.40%,9.00%,17.30%,50.40%,6.10%
58,Caleb Swanigan,SAC,22,6.75,250,Purdue,USA,2017,1,26,21,2,3,0.5,-16.8,8.10%,23.60%,17.00%,37.70%,9.80%
59,Cameron Payne,CLE,24,6.25,190,Murray State,USA,2015,1,14,40,6.3,1.8,2.7,-15.2,1.70%,8.30%,16.90%,51.90%,22.50%
60,Cameron Reynolds,MIN,24,6.67,225,None,USA,Undrafted,Undrafted,Undrafted,19,5,1.6,0.7,-4.9,1.40%,10.20%,14.10%,58.00%,7.30%
61,Caris LeVert,BKN,24,6.58,204,Michigan,USA,2016,1,20,40,13.7,3.8,3.9,-0.2,3.00%,10.00%,23.50%,50.90%,23.10%
62,Carmelo Anthony,HOU,35,6.67,240,Syracuse,USA,2003,1,3,10,13.4,5.4,0.5,-9.9,2.70%,15.80%,19.90%,51.30%,2.80%
63,Cedi Osman,CLE,24,6.67,215,None,Turkey,2015,2,31,76,13,4.7,2.6,-12.8,1.80%,13.40%,18.20%,53.60%,12.00%
64,Chandler Hutchison,CHI,23,6.58,197,Boise State,USA,2018,1,22,44,5.2,4.2,0.8,-5.6,3.30%,16.70%,12.10%,50.70%,5.50%
65,Chandler Parsons,MEM,30,6.83,230,Florida,USA,2011,2,38,25,7.5,2.8,1.7,-5.4,0.70%,12.60%,19.20%,48.40%,14.30%
66,Channing Frye,CLE,36,7.00,255,Arizona,USA,2005,1,8,36,3.6,1.4,0.6,-22.7,1.00%,15.80%,17.40%,52.40%,10.00%
67,Chasson Randle,WAS,26,6.17,185,Stanford,USA,Undrafted,Undrafted,Undrafted,49,5.5,1.1,2,-5.8,1.30%,6.20%,16.00%,55.50%,18.20%
68,Cheick Diallo,NOP,22,6.75,220,Kansas,Mali,2016,2,33,64,6,5.2,0.5,-4.7,7.90%,26.00%,15.50%,64.40%,5.10%
69,Chimezie Metu,SAS,22,6.83,225,Southern California,USA,2018,2,49,29,1.8,1.2,0.4,-1.3,6.10%,17.90%,22.30%,38.90%,14.00%
70,Chris Boucher,TOR,26,6.83,200,Oregon,Canada,Undrafted,Undrafted,Undrafted,28,3.3,2,0.1,-4.2,8.60%,20.90%,21.40%,56.30%,2.00%
71,Chris Chiozza,HOU,23,6.00,175,None,USA,Undrafted,Undrafted,Undrafted,7,0.9,0.6,0.6,-25,2.10%,11.10%,10.80%,37.50%,19.00%
72,Chris Paul,HOU,34,6.00,175,Wake Forest,USA,2005,1,4,58,15.6,4.6,8.2,8.3,1.90%,12.30%,22.00%,56.00%,38.20%
73,Christian Wood,NOP,23,6.83,214,Nevada-Las Vegas,USA,Undrafted,Undrafted,Undrafted,21,8.2,4,0.4,-9.4,6.10%,23.10%,24.70%,60.70%,5.10%
74,Clint Capela,HOU,25,6.83,240,None,Switzerland,2014,1,25,67,16.6,12.7,1.4,5.4,13.00%,24.10%,18.00%,65.80%,7.00%
75,Cody Zeller,CHA,26,7.00,240,Indiana,USA,2013,1,4,49,10.1,6.8,2.1,1.4,8.40%,17.10%,15.90%,61.10%,11.40%
76,Collin Sexton,CLE,20,6.17,190,Alabama,USA,2018,1,8,82,16.7,2.9,3,-12.5,2.10%,7.20%,24.70%,52.00%,15.40%
77,Corey Brewer,SAC,33,6.75,186,Florida,USA,2007,1,7,31,4.9,2.5,1.3,0,4.50%,9.80%,13.00%,53.20%,10.70%
78,Cory Joseph,IND,27,6.25,193,Texas,Canada,2011,1,29,82,6.5,3.4,3.9,5.2,1.90%,11.10%,13.40%,47.40%,20.80%
79,Courtney Lee,DAL,33,6.42,215,Western Kentucky,USA,2008,1,22,34,4,1.6,1.1,-6.4,1.90%,10.50%,15.00%,49.20%,13.00%
80,Cristiano Felicio,CHI,26,6.83,265,None,Brazil,Undrafted,Undrafted,Undrafted,60,4,3.6,0.6,-8,10.10%,18.70%,13.80%,56.80%,7.00%
81,D'Angelo Russell,BKN,23,6.42,198,Ohio State,USA,2015,1,2,81,21.1,3.9,7,0.2,2.00%,9.90%,31.10%,53.30%,39.20%
82,D.J. Augustin,ORL,31,6.00,183,Texas,USA,2008,1,9,81,11.7,2.5,5.3,3.2,1.80%,7.10%,16.90%,61.60%,25.80%
83,D.J. Wilson,MIL,23,6.83,231,Michigan,USA,2017,1,17,48,5.8,4.6,1.1,4.9,4.70%,17.40%,14.10%,51.50%,8.00%
84,DJ Stephens,MEM,28,6.42,188,Memphis,USA,Undrafted,Undrafted,Undrafted,1,2,0,0,-23.2,0.00%,0.00%,13.00%,50.00%,0.00%
85,Dairis Bertans,NOP,29,6.33,200,None,Latvia,Undrafted,Undrafted,Undrafted,12,2.8,0.8,0.8,-15,1.10%,3.60%,12.00%,36.20%,7.80%
86,Damian Jones,GSW,23,7.00,245,Vanderbilt,USA,2016,1,30,24,5.4,3.1,1.2,3,8.60%,9.90%,11.30%,72.00%,8.40%
87,Damian Lillard,POR,28,6.25,195,Weber State,USA,2012,1,6,80,25.8,4.6,6.9,8.2,2.30%,10.00%,28.10%,58.80%,29.90%
88,Damion Lee,GSW,26,6.50,210,Louisville,USA,Undrafted,Undrafted,Undrafted,32,4.9,2,0.4,-5.4,2.00%,13.40%,16.40%,57.80%,5.10%
89,Damyean Dotson,NYK,25,6.50,210,Houston,USA,2017,2,44,73,10.7,3.6,1.8,-8,1.60%,10.80%,16.90%,52.60%,10.40%
90,Daniel Hamilton,ATL,23,6.58,195,Connecticut,USA,2016,2,56,19,3,2.5,1.2,-4.9,4.30%,16.10%,15.30%,45.50%,15.70%
91,Daniel Theis,BOS,27,6.67,243,None,Germany,Undrafted,Undrafted,Undrafted,66,5.7,3.4,1,7.4,8.80%,14.50%,15.00%,62.40%,10.80%
92,Danilo Gallinari,LAC,30,6.83,225,None,Italy,2008,1,6,68,19.8,6.1,2.6,2.3,2.70%,17.10%,23.70%,63.30%,13.40%
93,Danny Green,TOR,32,6.50,215,North Carolina,USA,2009,2,46,80,10.3,4,1.6,13.4,2.80%,10.70%,13.90%,63.20%,7.30%
94,Dante Cunningham,SAS,32,6.67,230,Villanova,USA,2009,2,33,64,3,2.9,0.8,-8.2,4.90%,14.80%,8.60%,58.50%,7.20%
95,Dante Exum,UTA,23,6.50,190,None,Australia,2014,1,5,42,6.9,1.6,2.6,3.2,2.40%,7.70%,20.70%,51.60%,25.10%
96,Danuel House Jr.,HOU,26,6.58,220,Texas A&M,USA,Undrafted,Undrafted,Undrafted,39,9.4,3.6,1,8.9,2.50%,11.20%,13.70%,64.60%,5.80%
97,Dario Saric,MIN,25,6.83,223,None,Croatia,2014,1,12,81,10.6,5.6,1.6,-2,5.80%,15.30%,17.20%,56.30%,8.90%
98,Darius Miller,NOP,29,6.67,225,Kentucky,USA,2012,2,46,69,8.2,1.9,2.1,-0.2,0.70%,5.90%,13.10%,55.00%,10.70%
99,Darren Collison,IND,31,6.00,175,California-Los Angeles,USA,2009,1,21,76,11.2,3.1,6,2.2,1.70%,8.90%,17.60%,57.40%,30.20%
100,Daryl Macon,DAL,23,6.25,185,Arkansas,USA,Undrafted,Undrafted,Undrafted,8,3.6,1.5,0.9,-2.1,1.90%,9.90%,16.70%,48.20%,12.30%
101,David Nwaba,CLE,26,6.33,219,None,USA,Undrafted,Undrafted,Undrafted,51,6.5,3.2,1.1,-3.8,3.90%,12.80%,14.10%,55.80%,7.70%
102,Davis Bertans,SAS,26,6.83,225,None,Latvia,2011,2,42,76,8,3.5,1.3,7.6,1.50%,13.90%,13.50%,63.20%,7.90%
103,Davon Reed,IND,24,6.42,208,Miami (FL),USA,2017,2,32,10,1.2,0.6,0.3,18.7,3.30%,7.30%,10.40%,50.00%,6.80%
104,De'Aaron Fox,SAC,21,6.25,175,Kentucky,USA,2017,1,5,81,17.3,3.8,7.3,0.9,1.50%,9.50%,23.80%,54.40%,32.20%
105,De'Anthony Melton,PHX,21,6.33,200,Southern California,USA,2018,2,46,50,5,2.7,3.2,-7.9,2.50%,11.40%,14.70%,46.60%,21.40%
106,DeAndre Jordan,NYK,30,6.92,265,Texas A&M,USA,2008,2,35,69,11,13.1,2.3,-5.1,10.50%,31.50%,14.80%,67.40%,11.90%
107,DeAndre' Bembry,ATL,24,6.50,210,Saint Joseph's,USA,2016,1,21,82,8.4,4.4,2.5,-5,2.60%,14.80%,16.80%,50.80%,15.00%
108,DeMar DeRozan,SAS,29,6.58,220,Southern California,USA,2009,1,9,77,21.2,6,6.2,0,2.00%,14.70%,27.70%,54.20%,27.70%
109,DeMarcus Cousins,GSW,28,6.92,270,Kentucky,USA,2010,1,5,30,16.3,8.2,3.6,4.5,5.90%,23.20%,28.10%,56.20%,20.60%
110,DeMarre Carroll,BKN,32,6.67,215,Missouri,USA,2009,1,27,67,11.1,5.2,1.3,1.9,3.70%,15.10%,18.10%,54.60%,7.50%
111,DeVaughn Akoon-Purcell,DEN,26,6.50,200,Illinois State,Trinidad and ...,Undrafted,Undrafted,Undrafted,7,1,0.6,0.9,4.2,4.30%,15.00%,22.80%,32.20%,37.50%
112,Deandre Ayton,PHX,20,7.08,250,Arizona,Bahamas,2018,1,1,71,16.3,10.3,1.8,-8.1,10.10%,24.00%,21.00%,60.80%,9.40%
113,Delon Wright,MEM,27,6.42,183,Utah,USA,2015,1,20,75,8.7,3.5,3.3,-0.1,3.70%,11.30%,17.20%,52.30%,21.70%
114,Demetrius Jackson,PHI,24,6.08,201,Notre Dame,USA,2016,2,45,6,3.7,0.5,0.8,-14.8,4.50%,2.40%,18.20%,65.60%,18.50%
115,Deng Adel,CLE,22,6.58,200,None,South Sudan,Undrafted,Undrafted,Undrafted,19,1.7,1,0.3,-9.5,1.40%,8.90%,9.70%,42.40%,3.80%
116,Dennis Schroder,OKC,25,6.08,172,None,Germany,2013,1,17,79,15.5,3.6,4.1,3.6,1.50%,10.20%,23.80%,50.80%,20.90%
117,Dennis Smith Jr.,NYK,21,6.25,195,North Carolina State,USA,2017,1,9,53,13.6,2.9,4.8,-5.3,2.00%,7.50%,24.20%,50.20%,27.80%
118,Deonte Burton,OKC,25,6.42,245,Iowa State,USA,Undrafted,Undrafted,Undrafted,32,2.6,0.9,0.3,4.3,1.40%,9.00%,15.90%,47.00%,5.70%
119,Derrick Favors,UTA,27,6.83,265,Georgia Tech,USA,2010,1,3,76,11.8,7.4,1.2,4.6,11.50%,18.80%,18.80%,62.40%,7.90%
120,Derrick Jones Jr.,MIA,22,6.58,200,Nevada-Las Vegas,USA,Undrafted,Undrafted,Undrafted,60,7,4,0.6,-1.2,7.60%,11.90%,15.10%,55.90%,4.90%
121,Derrick Rose,MIN,30,6.25,200,Memphis,USA,2008,1,1,51,18,2.7,4.3,0.7,2.20%,7.00%,26.10%,55.70%,24.40%
122,Derrick White,SAS,24,6.33,190,Colorado,USA,2017,1,29,67,9.9,3.7,3.9,4.8,2.20%,11.60%,17.80%,55.50%,20.60%
123,Devin Booker,PHX,22,6.50,210,Kentucky,USA,2015,1,13,64,26.6,4.1,6.8,-6.9,1.70%,9.90%,32.00%,58.40%,32.70%
124,Devin Harris,DAL,36,6.25,185,Wisconsin,USA,2004,1,5,68,6.3,1.6,1.8,-4.2,1.00%,9.00%,18.00%,52.70%,17.20%
125,Devin Robinson,WAS,24,6.67,200,Florida,USA,Undrafted,Undrafted,Undrafted,7,6.7,2.9,0.9,-1.7,5.80%,14.30%,17.60%,61.60%,9.50%
126,Devonte' Graham,CHA,24,6.17,185,Villanova,USA,2018,2,34,46,4.7,1.4,2.6,-7.3,1.30%,7.80%,16.60%,45.90%,26.60%
127,Dewayne Dedmon,ATL,29,7.00,245,Southern California,USA,Undrafted,Undrafted,Undrafted,64,10.8,7.5,1.4,-4.1,6.30%,22.90%,16.60%,60.20%,7.90%
128,Deyonta Davis,ATL,22,6.92,237,Michigan State,USA,2016,2,31,9,4,4,0.6,-9.8,6.30%,19.30%,9.90%,68.20%,6.30%
129,Dillon Brooks,MEM,23,6.50,220,Oregon,Canada,2017,2,45,18,7.5,1.7,0.9,-1.6,2.80%,7.60%,20.70%,49.90%,7.90%
130,Dion Waiters,MIA,27,6.33,215,Syracuse,USA,2012,1,4,44,12,2.6,2.8,-2,0.60%,9.40%,21.30%,53.00%,16.40%
131,Dirk Nowitzki,DAL,41,7.00,245,None,Germany,1998,1,9,51,7.3,3.1,0.7,-4.8,0.60%,18.00%,21.70%,46.90%,6.80%
132,Domantas Sabonis,IND,23,6.92,240,Gonzaga,Lithuania,2016,1,11,74,14.1,9.3,2.9,5.2,9.90%,26.90%,22.60%,63.00%,18.00%
133,Donatas Motiejunas,SAS,28,7.00,220,None,Lithuania,2011,1,20,3,2,1,0.3,-61.8,15.40%,7.70%,32.30%,43.60%,20.00%
134,Donovan Mitchell,UTA,22,6.25,215,Louisville,USA,2017,1,13,77,23.8,4.1,4.2,6.8,2.20%,9.30%,30.90%,53.70%,20.90%
135,Donte DiVincenzo,MIL,22,6.33,203,Villanova,USA,2018,1,17,27,4.9,2.4,1.1,12.6,3.60%,9.90%,14.50%,50.70%,10.20%
136,Donte Grantham,OKC,24,6.67,215,Clemson,USA,Undrafted,Undrafted,Undrafted,3,0,0,0,-53.3,0.00%,0.00%,33.30%,0.00%,0.00%
137,Dorian Finney-Smith,DAL,26,6.67,220,Florida,USA,Undrafted,Undrafted,Undrafted,81,7.5,4.8,1.2,-1.9,6.40%,11.90%,13.50%,53.00%,7.00%
138,Doug McDermott,IND,27,6.67,225,Creighton,USA,2014,1,11,77,7.3,1.4,0.9,3.6,1.20%,6.60%,15.20%,61.70%,7.00%
139,Dragan Bender,PHX,21,7.08,225,None,Croatia,2016,1,4,46,5,4,1.2,-8.1,4.00%,16.80%,13.00%,52.10%,9.40%
140,Draymond Green,GSW,29,6.58,230,Michigan State,USA,2012,2,35,66,7.4,7.3,6.9,10.7,3.10%,18.00%,12.80%,52.60%,26.10%
141,Drew Eubanks,SAS,22,6.83,245,None,USA,Undrafted,Undrafted,Undrafted,23,1.8,1.5,0.3,-10,5.60%,21.40%,14.80%,64.60%,10.00%
142,Duncan Robinson,MIA,25,6.67,210,Michigan,USA,Undrafted,Undrafted,Undrafted,15,3.3,1.3,0.3,-10.9,1.10%,9.10%,13.40%,51.40%,4.50%
143,Dusty Hannahs,MEM,25,6.33,195,Arkansas,USA,Undrafted,Undrafted,Undrafted,2,4,0.5,2.5,-17.5,0.00%,3.60%,22.20%,31.10%,35.70%
144,Dwayne Bacon,CHA,23,6.58,221,Florida State,USA,2017,2,40,43,7.3,2.1,1.1,-2,1.00%,10.50%,16.70%,57.00%,9.20%
145,Dwight Howard,WAS,33,6.92,265,None,USA,2004,1,1,9,12.8,9.2,0.4,-9.1,10.00%,25.80%,19.30%,63.80%,2.60%
146,Dwight Powell,DAL,27,6.92,240,Stanford,Canada,2014,2,45,77,10.6,5.3,1.5,0.9,8.10%,16.00%,16.70%,68.20%,10.10%
147,Dwyane Wade,MIA,37,6.33,220,Marquette,USA,2003,1,5,72,15,4,4.2,-1.8,3.30%,10.60%,26.90%,51.00%,26.40%
148,Dzanan Musa,BKN,20,6.75,208,None,Bosnia and He...,2018,1,29,9,2.1,0.6,0.2,10.6,1.90%,10.50%,25.00%,41.50%,8.30%
149,E'Twaun Moore,NOP,30,6.33,191,Purdue,USA,2011,2,55,53,11.9,2.4,1.9,-0.3,2.30%,5.80%,17.00%,56.70%,9.30%
150,Ed Davis,BKN,30,6.83,225,North Carolina,USA,2010,1,13,81,5.8,8.6,0.8,4.3,13.50%,30.70%,12.50%,63.20%,6.40%
151,Edmond Sumner,IND,23,6.50,176,Xavier,USA,2017,2,52,23,2.9,1,0.4,-7.8,3.80%,6.50%,15.70%,44.30%,6.30%
152,Ekpe Udoh,UTA,32,6.83,245,Baylor,USA,2010,1,6,51,2.3,1.8,0.5,-7.7,9.00%,18.90%,12.80%,69.80%,13.10%
153,Elfrid Payton,NOP,25,6.33,185,Louisiana-Lafayette,USA,2014,1,10,42,10.6,5.2,7.6,-2.2,3.70%,12.90%,17.70%,50.20%,31.80%
154,Elie Okobo,PHX,21,6.25,190,None,France,2018,2,31,53,5.7,1.8,2.4,-9.9,1.20%,9.20%,16.80%,48.90%,19.80%
155,Emanuel Terry,MIA,22,6.75,220,Lincoln Memorial (TN),USA,Undrafted,Undrafted,Undrafted,3,3.3,2.3,0.7,5.6,14.30%,23.50%,18.30%,57.10%,12.50%
156,Emmanuel Mudiay,NYK,23,6.42,200,None,Democratic Re...,2015,1,7,59,14.8,3.3,3.9,-10.8,1.90%,9.80%,24.80%,53.10%,24.20%
157,Enes Kanter,POR,27,6.92,250,Kentucky,Turkey,2011,1,3,67,13.7,9.8,1.7,-6.2,13.80%,24.50%,21.90%,59.40%,12.00%
158,Eric Bledsoe,MIL,29,6.08,205,Kentucky,USA,2010,1,18,78,15.9,4.6,5.5,11.1,3.50%,10.80%,22.50%,57.70%,26.00%
159,Eric Gordon,HOU,30,6.33,215,Indiana,USA,2008,1,7,68,16.2,2.2,1.9,8.1,0.70%,5.90%,21.50%,54.90%,9.00%
160,Eric Moreland,TOR,27,6.83,238,Oregon State,USA,Undrafted,Undrafted,Undrafted,5,1.4,4,0.8,-21.9,10.80%,34.80%,11.70%,50.00%,15.40%
161,Ersan Ilyasova,MIL,32,6.83,235,None,Turkey,2005,2,36,67,6.8,4.5,0.8,9.7,7.10%,15.10%,15.10%,54.80%,5.60%
162,Evan Fournier,ORL,26,6.58,205,None,France,2012,1,20,81,15.1,3.2,3.6,1.7,1.40%,8.60%,21.70%,53.60%,17.00%
163,Evan Turner,POR,30,6.58,220,Ohio State,USA,2010,1,2,73,6.8,4.5,3.9,1.3,2.20%,16.70%,15.80%,50.40%,24.20%
164,Frank Jackson,NOP,21,6.25,205,Duke,USA,2017,2,31,61,8.1,2.2,1.1,-5,1.90%,8.50%,17.80%,51.70%,8.00%
165,Frank Kaminsky,CHA,26,7.00,242,Wisconsin,USA,2015,1,9,47,8.6,3.5,1.3,0.9,4.80%,16.40%,21.60%,58.70%,12.90%
166,Frank Mason,SAC,25,5.92,190,Kansas,USA,2017,2,34,38,5.1,1.1,2.2,-14.5,1.30%,8.30%,21.30%,50.20%,28.00%
167,Frank Ntilikina,NYK,20,6.50,200,None,France,2017,1,8,43,5.7,2,2.8,-8.5,1.20%,8.00%,16.30%,41.70%,19.50%
168,Fred VanVleet,TOR,25,6.00,195,Wichita State,USA,Undrafted,Undrafted,Undrafted,64,11,2.6,4.8,8.1,1.20%,7.80%,17.70%,53.90%,24.30%
169,Furkan Korkmaz,PHI,21,6.58,190,None,Turkey,2016,1,26,48,5.8,2.2,1.1,3.7,2.30%,13.00%,17.40%,52.80%,10.70%
170,Garrett Temple,LAC,33,6.50,195,Louisiana State,USA,Undrafted,Undrafted,Undrafted,75,7.8,2.9,1.4,-1.6,1.40%,9.20%,13.10%,54.30%,7.50%
171,Gary Clark,HOU,24,6.67,225,None,USA,Undrafted,Undrafted,Undrafted,51,2.9,2.3,0.4,2,3.50%,14.40%,10.60%,48.00%,4.00%
172,Gary Harris,DEN,24,6.33,210,Michigan State,USA,2014,1,19,57,12.9,2.8,2.2,6.2,2.40%,7.00%,19.50%,52.60%,11.00%
173,Gary Payton II,WAS,26,6.25,190,Oregon State,USA,Undrafted,Undrafted,Undrafted,3,3.7,0.7,1.3,25.8,6.70%,5.00%,21.40%,68.80%,33.30%
174,Gary Trent Jr.,POR,20,6.50,205,None,USA,Undrafted,Undrafted,Undrafted,15,2.7,0.7,0.3,-4.7,1.00%,8.00%,21.30%,37.70%,5.70%
175,George Hill,MIL,33,6.25,188,IUPUI,USA,2008,1,26,60,7.6,2.5,2.3,5.6,2.80%,7.50%,14.70%,55.40%,14.60%
176,George King,PHX,25,6.50,220,Colorado,USA,2018,2,59,1,0,1,0,-75,0.00%,25.00%,0.00%,0.00%,0.00%
177,Georges Niang,UTA,26,6.67,230,Iowa State,USA,2016,2,50,59,4,1.5,0.6,-7.7,2.20%,13.50%,17.00%,61.30%,10.70%
178,Gerald Green,HOU,33,6.58,205,None,USA,2005,1,18,73,9.2,2.5,0.5,4.6,1.90%,10.00%,19.00%,55.50%,4.10%
179,Giannis Antetokounmpo,MIL,24,6.92,242,None,Greece,2013,1,15,72,27.7,12.5,5.9,12.5,6.60%,27.30%,31.40%,64.40%,29.40%
180,Glenn Robinson III,DET,25,6.50,222,Michigan,USA,2014,2,40,47,4.2,1.5,0.4,-0.8,2.60%,8.90%,14.60%,51.10%,5.30%
181,Goran Dragic,MIA,33,6.25,190,None,Slovenia,2008,2,45,36,13.7,3.1,4.8,1.3,1.90%,8.70%,22.40%,51.70%,25.90%
182,Gordon Hayward,BOS,29,6.67,225,Butler,USA,2010,1,9,72,11.5,4.5,3.4,5.1,2.60%,14.10%,18.30%,57.50%,18.50%
183,Gorgui Dieng,MIN,29,6.92,252,Louisville,Senegal,2013,1,21,76,6.4,4.1,0.9,-3.8,7.20%,22.50%,19.40%,57.20%,10.60%
184,Grayson Allen,UTA,23,6.42,198,Duke,USA,2018,1,21,38,5.6,0.6,0.7,-13.6,0.70%,4.70%,23.80%,51.60%,10.20%
185,Greg Monroe,PHI,29,6.92,265,Georgetown,USA,2010,1,7,43,5.3,4,0.6,-6.7,11.90%,21.80%,21.10%,52.10%,7.90%
186,Guerschon Yabusele,BOS,23,6.67,260,None,France,2016,1,16,41,2.3,1.3,0.4,-3.6,8.40%,10.40%,16.80%,54.20%,8.80%
187,Hamidou Diallo,OKC,20,6.42,198,Kentucky,USA,2018,2,45,51,3.7,1.9,0.3,-6.8,6.50%,11.00%,16.00%,49.70%,4.40%
188,Harrison Barnes,SAC,27,6.67,225,North Carolina,USA,2012,1,7,77,16.4,4.7,1.5,-1.5,2.10%,11.10%,20.20%,55.00%,6.90%
189,Harry Giles III,SAC,21,6.83,240,Duke,USA,2017,1,20,58,7,3.8,1.5,-5,7.60%,17.10%,22.70%,52.60%,15.50%
190,Hassan Whiteside,MIA,30,7.00,265,Marshall,USA,2010,2,33,72,12.3,11.3,0.8,0.8,13.90%,30.50%,21.50%,56.40%,5.40%
191,Haywood Highsmith,PHI,22,6.58,220,None,USA,Undrafted,Undrafted,Undrafted,5,1.8,1,0.4,-27.6,0.00%,14.30%,11.50%,41.40%,6.70%
192,Henry Ellenson,NYK,22,6.92,245,Marquette,USA,2016,1,18,19,6,3.5,0.8,-0.7,1.80%,21.40%,18.60%,53.80%,9.60%
193,Ian Clark,NOP,28,6.25,175,Belmont,USA,Undrafted,Undrafted,Undrafted,60,6.7,1.5,1.6,-3.4,1.20%,7.10%,18.50%,50.20%,13.20%
194,Ian Mahinmi,WAS,32,6.92,262,None,France,2005,1,28,34,4.1,3.8,0.7,-3.2,8.80%,16.10%,12.80%,53.10%,7.30%
195,Ike Anigbogu,IND,20,6.83,250,California-Los Angeles,USA,2017,2,47,3,0,1,0.3,-14.3,14.30%,25.00%,26.70%,0.00%,20.00%
196,Iman Shumpert,HOU,29,6.42,215,Georgia Tech,USA,2011,1,17,62,7.5,3,1.8,-1.4,1.60%,10.10%,14.30%,49.90%,9.80%
197,Isaac Bonga,LAL,19,6.67,180,None,Germany,2018,2,39,22,0.9,1.1,0.7,7,6.40%,11.30%,15.10%,24.00%,16.30%
198,Isaac Humphries,ATL,21,7.00,260,University of Kentucky,Australia,Undrafted,Undrafted,Undrafted,5,3,2.2,0,-17.1,5.50%,12.30%,14.20%,35.70%,0.00%
199,Isaiah Briscoe,ORL,23,6.25,215,None,USA,Undrafted,Undrafted,Undrafted,39,3.5,1.9,2.2,2,0.80%,11.10%,13.90%,45.50%,22.60%
200,Isaiah Canaan,MIL,28,6.00,200,Murray State,USA,2013,2,34,30,6,1.9,2.8,-12.3,1.00%,8.60%,14.70%,51.80%,19.40%
201,Isaiah Hartenstein,HOU,21,7.00,249,None,Germany,2017,2,43,28,1.9,1.7,0.5,9.6,8.90%,11.80%,11.20%,56.20%,10.00%
202,Isaiah Hicks,NYK,24,6.75,230,North Carolina,USA,Undrafted,Undrafted,Undrafted,3,4,2.3,0.7,-4.5,5.90%,14.70%,15.30%,58.80%,11.80%
203,Isaiah Thomas,DEN,30,5.75,185,Washington,USA,2011,2,60,12,8.1,1.1,1.9,-5.5,2.30%,4.00%,27.40%,43.70%,19.80%
204,Ish Smith,DET,30,6.00,175,Wake Forest,USA,Undrafted,Undrafted,Undrafted,56,8.9,2.6,3.6,2.7,1.70%,9.70%,19.30%,48.50%,24.30%
205,Ivan Rabb,MEM,22,6.83,220,California,USA,2017,2,35,49,5.8,4.2,1.1,-6.2,9.70%,19.70%,16.60%,58.60%,12.30%
206,Ivica Zubac,LAC,22,7.08,240,None,Croatia,2016,2,32,59,8.9,6.1,1.1,1.8,10.80%,21.60%,19.90%,60.40%,9.30%
207,J.J. Barea,DAL,35,6.00,185,Northeastern,Puerto Rico,Undrafted,Undrafted,Undrafted,38,10.9,2.5,5.6,3.2,1.60%,10.60%,26.30%,49.50%,45.40%
208,J.P. Macura,CHA,24,6.42,205,Xavier (Ohio),USA,Undrafted,Undrafted,Undrafted,2,3,1.5,1,-2.2,0.00%,14.30%,20.90%,33.30%,20.00%
209,JJ Redick,PHI,35,6.33,200,Duke,USA,2006,1,11,76,18.1,2.4,2.7,5.6,0.80%,6.20%,20.90%,60.20%,12.90%
210,JR Smith,CLE,33,6.50,225,None,USA,2004,1,18,11,6.7,1.6,1.9,-3.4,0.00%,8.00%,17.60%,44.40%,13.30%
211,JaKarr Sampson,CHI,26,6.75,215,St. John's (NY),USA,Undrafted,Undrafted,Undrafted,4,20,8,1,-2.3,3.70%,19.60%,23.40%,63.30%,5.20%
212,JaMychal Green,LAC,29,6.75,227,Alabama,USA,Undrafted,Undrafted,Undrafted,65,9.4,6.3,0.8,-5.8,7.10%,21.80%,18.50%,58.70%,5.80%
213,JaVale McGee,LAL,31,7.00,270,Nevada-Reno,USA,2008,1,18,75,12,7.5,0.7,-4.4,11.20%,20.30%,19.70%,63.40%,4.50%
214,Jabari Parker,WAS,24,6.67,245,Duke,USA,2014,1,2,64,14.5,6.6,2.4,-6.2,4.50%,18.70%,23.60%,56.00%,14.00%
215,Jacob Evans,GSW,22,6.50,210,University of Cincinnati,USA,2018,1,28,30,1.3,0.8,0.8,-5.9,2.90%,8.40%,13.40%,37.40%,15.00%
216,Jae Crowder,UTA,28,6.50,235,Marquette,USA,2012,2,34,80,11.9,4.8,1.7,4.4,2.70%,13.90%,18.30%,53.80%,9.00%
217,Jahlil Okafor,NOP,23,6.92,275,Duke,USA,2015,1,3,59,8.2,4.7,0.7,-5.5,8.40%,19.60%,19.80%,60.30%,6.40%
218,Jake Layman,POR,25,6.75,215,Maryland,USA,2016,2,47,71,7.6,3.1,0.7,2,4.10%,11.50%,15.60%,59.40%,5.60%
219,Jakob Poeltl,SAS,23,7.00,230,Utah,Austria,2016,1,9,77,5.5,5.3,1.2,3.9,13.60%,17.10%,12.50%,64.00%,9.90%
220,Jalen Brunson,DAL,22,6.25,190,Villanova,USA,2018,2,33,73,9.3,2.3,3.2,-2.8,1.50%,8.70%,18.60%,54.90%,22.30%
221,Jalen Jones,CLE,26,6.58,220,Texas A&M,USA,Undrafted,Undrafted,Undrafted,16,5.1,2.1,0.4,-6.7,5.00%,11.30%,16.20%,54.80%,5.00%
222,Jamal Crawford,PHX,39,6.42,185,Michigan,USA,2000,1,8,64,7.9,1.3,3.6,-15.1,0.60%,6.10%,19.80%,52.20%,28.30%
223,Jamal Murray,DEN,22,6.33,207,Kentucky,Canada,2016,1,7,75,18.2,4.2,4.8,4.8,2.60%,10.10%,24.10%,53.80%,22.00%
224,James Ennis III,PHI,28,6.58,210,Long Beach State,USA,2013,2,50,58,6.7,3.1,0.7,0.7,4.80%,9.90%,12.50%,59.00%,4.70%
225,James Harden,HOU,29,6.42,220,Arizona State,USA,2009,1,3,78,36.1,6.6,7.5,6.3,2.30%,15.70%,39.60%,61.60%,39.40%
226,James Johnson,MIA,32,6.67,240,Wake Forest,USA,2009,1,16,55,7.8,3.2,2.5,-4.6,1.80%,12.30%,17.70%,52.20%,16.70%
227,James Nunnally,HOU,28,6.58,208,California-Santa Barbara,USA,Undrafted,Undrafted,Undrafted,15,2.4,0.3,0.5,-11,0.00%,5.30%,15.30%,50.30%,9.70%
228,Jared Dudley,BKN,33,6.58,237,Boston College,USA,2007,1,22,59,4.9,2.6,1.4,0.8,2.70%,9.60%,10.40%,55.40%,9.30%
229,Jared Terrell,MIN,24,6.25,227,Rhode Island,USA,Undrafted,Undrafted,Undrafted,14,2.2,0.4,0.9,-12.3,0.80%,4.40%,19.70%,37.20%,18.20%
230,Jarell Martin,ORL,25,6.83,239,Louisiana State,USA,2015,1,25,42,2.7,1.7,0.4,4.4,3.10%,18.50%,15.30%,52.80%,7.80%
231,Jaren Jackson Jr.,MEM,19,6.92,242,Michigan State,USA,2018,1,4,58,13.8,4.7,1.1,-2.3,4.90%,13.20%,23.10%,59.10%,7.40%
232,Jaron Blossomgame,CLE,25,6.67,220,Clemson,USA,2017,2,59,27,4.2,3.6,0.5,-6,5.50%,16.20%,12.00%,51.00%,4.30%
233,Jarred Vanderbilt,DEN,20,6.75,214,Kentucky,USA,2018,2,41,17,1.4,1.4,0.2,4.5,8.40%,20.50%,17.90%,51.30%,6.40%
234,Jarrett Allen,BKN,21,6.92,237,Texas,USA,2017,1,22,80,10.9,8.4,1.4,-2.4,8.80%,20.80%,15.80%,63.20%,7.60%
235,Jason Smith,NOP,33,7.00,240,Colorado State,USA,2007,1,20,20,3.3,2.6,0.7,-12.1,7.70%,17.40%,16.90%,49.20%,11.20%
236,Jawun Evans,OKC,22,6.00,190,Oklahoma State,USA,2017,2,39,8,0.8,1.5,1.3,-38,1.50%,17.20%,14.20%,21.40%,23.80%
237,Jaylen Adams,ATL,23,6.17,190,St. Bonaventure,USA,Undrafted,Undrafted,Undrafted,34,3.2,1.8,1.9,-6.5,2.20%,10.90%,13.10%,47.40%,20.10%
238,Jaylen Brown,BOS,22,6.58,220,California,USA,2016,1,3,74,13,4.2,1.4,2.3,3.20%,12.20%,21.50%,54.70%,7.90%
239,Jaylen Morris,MIL,23,6.42,185,Molloy,USA,Undrafted,Undrafted,Undrafted,4,2.5,1.3,1,22.5,0.00%,14.70%,15.00%,46.00%,17.40%
240,Jayson Tatum,BOS,21,6.67,208,Duke,USA,2017,1,3,79,15.7,6,2.1,6.8,2.80%,15.70%,21.80%,54.70%,9.80%
241,Jeff Green,WAS,32,6.75,235,Georgetown,USA,2007,1,5,77,12.3,4,1.8,-2,2.70%,11.70%,17.40%,60.80%,9.30%
242,Jeff Teague,MIN,31,6.17,195,Wake Forest,USA,2009,1,19,42,12.1,2.5,8.2,-0.1,1.20%,6.70%,18.60%,52.80%,36.60%
243,Jemerrio Jones,LAL,24,6.42,174,None,USA,Undrafted,Undrafted,Undrafted,6,4.5,8.2,2.2,10.7,10.00%,19.80%,10.80%,39.80%,11.50%
244,Jerami Grant,OKC,25,6.75,220,Syracuse,USA,2014,2,39,80,13.6,5.2,1,5.4,3.20%,11.80%,15.00%,59.20%,4.00%
245,Jeremy Lamb,CHA,27,6.42,185,Connecticut,USA,2012,1,12,79,15.3,5.5,2.2,0.7,2.70%,15.90%,22.00%,55.20%,11.90%
246,Jeremy Lin,TOR,30,6.25,200,Harvard,USA,Undrafted,Undrafted,Undrafted,74,9.6,2.4,3.1,-5.1,1.40%,10.20%,21.30%,55.80%,24.90%
247,Jerian Grant,ORL,26,6.33,205,Notre Dame,USA,2015,1,19,60,4.2,1.6,2.6,-7.3,1.90%,8.30%,13.00%,52.60%,24.20%
248,Jerome Robinson,LAC,22,6.42,190,Boston College,USA,2018,1,13,33,3.4,1.2,0.6,-3.4,0.90%,10.90%,15.90%,49.10%,8.00%
249,Jerryd Bayless,MIN,30,6.25,200,Arizona,USA,2008,1,11,34,6.1,1.8,3.5,-12.4,1.50%,8.00%,17.20%,43.10%,26.20%
250,Jevon Carter,MEM,23,6.17,196,West Virginia,USA,2018,2,32,39,4.4,1.7,1.8,-6.8,2.30%,9.00%,17.20%,43.20%,18.40%
251,Jimmer Fredette,PHX,30,6.17,195,Brigham Young,USA,2011,1,10,6,3.7,1.2,1.3,-25.5,1.30%,8.80%,24.20%,34.80%,20.00%
252,Jimmy Butler,PHI,29,6.67,232,Marquette,USA,2011,1,30,65,18.7,5.3,4,3.6,5.40%,9.40%,21.80%,57.10%,17.90%
253,Joakim Noah,MEM,34,6.92,230,Florida,USA,2007,1,9,42,7.1,5.7,2.1,1.8,7.80%,24.70%,19.10%,57.10%,20.20%
254,Jodie Meeks,TOR,31,6.33,210,Kentucky,USA,2009,2,41,8,6.4,1.5,1,5.8,1.00%,9.30%,16.90%,64.70%,9.60%
255,Joe Chealey,CHA,23,6.25,190,Charleston (SC),USA,Undrafted,Undrafted,Undrafted,1,2,0,1,-25.8,0.00%,0.00%,17.60%,33.30%,25.00%
256,Joe Harris,BKN,27,6.50,218,Virginia,USA,2014,2,33,76,13.7,3.8,2.4,-1.6,2.20%,9.60%,16.70%,64.50%,11.40%
257,Joe Ingles,UTA,31,6.67,226,None,Australia,Undrafted,Undrafted,Undrafted,82,12.1,4,5.7,7.7,1.30%,10.80%,17.00%,58.10%,26.20%
258,Joel Embiid,PHI,25,7.00,250,Kansas,Cameroon,2014,1,3,64,27.5,13.6,3.7,7.6,7.50%,29.20%,32.70%,59.30%,18.50%
259,John Collins,ATL,21,6.83,235,Wake Forest,USA,2017,1,19,61,19.5,9.8,2,-1.4,11.20%,19.60%,23.00%,62.70%,10.20%
260,John Henson,CLE,28,6.92,219,North Carolina,USA,2012,1,14,14,5.6,5.1,1,1.7,7.40%,23.30%,17.30%,55.30%,10.80%
261,John Holland,CLE,30,6.42,205,Boston U.,USA,Undrafted,Undrafted,Undrafted,1,0,0,0,50,0.00%,0.00%,0.00%,0.00%,0.00%
262,John Jenkins,NYK,28,6.33,215,Vanderbilt,USA,2012,1,23,26,4.7,1.4,0.8,-6.5,1.80%,8.30%,16.00%,53.60%,10.50%
263,John Wall,WAS,28,6.33,210,Kentucky,USA,2010,1,1,32,20.7,3.6,8.7,-6.2,1.30%,8.70%,28.60%,52.70%,39.10%
264,Johnathan Motley,LAC,24,6.83,230,Baylor,USA,Undrafted,Undrafted,Undrafted,22,4.6,2.3,0.5,-8.9,10.40%,21.30%,26.60%,56.30%,12.90%
265,Johnathan Williams,LAL,24,6.75,228,Gonzaga University,USA,Undrafted,Undrafted,Undrafted,24,6.5,4.1,0.5,7.6,11.60%,13.00%,15.80%,59.90%,5.10%
266,Jon Leuer,DET,30,6.83,228,Wisconsin,USA,2011,2,40,41,3.8,2.4,0.3,-13.3,6.20%,18.20%,15.70%,61.60%,6.00%
267,Jonah Bolden,PHI,23,6.83,220,None,Australia,2017,2,36,44,4.7,3.8,0.9,-1.8,6.70%,17.30%,13.10%,59.50%,8.50%
268,Jonas Jerebko,GSW,32,6.83,231,None,Sweden,2009,2,39,73,6.3,3.9,1.3,1.5,5.50%,16.80%,14.40%,58.80%,10.60%
269,Jonas Valanciunas,MEM,27,7.00,265,None,Lithuania,2011,1,5,49,15.6,8.6,1.4,2.7,9.60%,26.80%,27.40%,61.60%,10.90%
270,Jonathan Isaac,ORL,21,6.83,210,Florida State,USA,2017,1,6,75,9.6,5.5,1.1,1,4.80%,15.20%,16.00%,53.70%,5.50%
271,Jonathon Simmons,PHI,29,6.50,195,Houston,USA,Undrafted,Undrafted,Undrafted,56,6.5,2.3,2.3,-5.3,2.40%,9.00%,18.20%,46.60%,17.50%
272,Jordan Bell,GSW,24,6.75,224,Oregon,USA,2017,2,38,68,3.3,2.7,1.1,-5.3,6.80%,15.40%,13.30%,53.10%,13.40%
273,Jordan Clarkson,CLE,27,6.42,194,Missouri,USA,2014,2,46,81,16.8,3.3,2.4,-8,3.50%,8.70%,26.60%,53.90%,15.30%
274,Jordan Loyd,TOR,25,6.33,210,None,USA,Undrafted,Undrafted,Undrafted,12,2.4,0.8,0.5,-15.7,1.70%,13.30%,15.90%,63.50%,18.20%
275,Jordan McRae,WAS,28,6.42,179,Tennessee,USA,2014,2,58,27,5.9,1.5,1.1,-3.3,1.70%,9.50%,19.10%,55.00%,13.10%
276,Jordan Sibert,ATL,26,6.33,187,Dayton,USA,Undrafted,Undrafted,Undrafted,1,3,0,0,-36.7,0.00%,0.00%,8.30%,150.00%,0.00%
277,Jose Calderon,DET,37,6.25,200,None,Spain,Undrafted,Undrafted,Undrafted,49,2.3,1.2,2.3,-14,1.50%,7.80%,10.40%,45.30%,28.20%
278,Josh Hart,LAL,24,6.42,215,Villanova,USA,2017,1,30,67,7.8,3.7,1.4,0.4,1.90%,10.90%,13.00%,52.60%,7.20%
279,Josh Jackson,PHX,22,6.67,200,Kansas,USA,2017,1,4,79,11.5,4.4,2.3,-9.6,3.20%,13.60%,23.40%,48.70%,14.20%
280,Josh Okogie,MIN,20,6.33,212,Georgia Tech,Nigeria,2018,1,20,74,7.7,2.9,1.2,-1,2.10%,9.80%,14.80%,49.20%,6.80%
281,Josh Richardson,MIA,25,6.50,200,Tennessee,USA,2015,2,40,73,16.6,3.6,4.1,1,2.00%,7.80%,20.30%,53.60%,17.70%
282,Jrue Holiday,NOP,29,6.33,205,UCLA,USA,2009,1,17,67,21.2,5,7.7,4.4,3.00%,9.90%,25.00%,55.50%,30.80%
283,Juancho Hernangomez,DEN,23,6.75,230,None,Spain,2016,1,15,70,5.8,3.8,0.8,1.3,4.40%,14.40%,11.90%,58.00%,5.40%
284,Julian Washburn,MEM,27,6.67,209,Texas-El Paso,USA,Undrafted,Undrafted,Undrafted,18,2.2,2.3,0.8,-2,2.70%,12.80%,9.60%,40.20%,8.30%
285,Julius Randle,NOP,24,6.75,250,Kentucky,USA,2014,1,7,73,21.4,8.7,3.1,-0.2,6.90%,19.80%,27.30%,60.00%,15.80%
286,Justin Anderson,ATL,25,6.50,230,Virginia,USA,2015,1,21,48,3.7,1.8,0.5,-5.7,4.60%,11.90%,16.60%,51.60%,7.30%
287,Justin Holiday,MEM,30,6.50,181,Washington,USA,Undrafted,Undrafted,Undrafted,82,10.5,3.9,1.8,-7.7,1.70%,10.30%,15.30%,52.00%,8.40%
288,Justin Jackson,DAL,24,6.67,210,North Carolina,USA,2017,1,15,81,7.2,2.6,1.2,-0.9,2.50%,9.60%,14.10%,56.10%,8.10%
289,Justin Patton,PHI,22,7.00,241,Creighton,USA,2017,1,16,3,1.7,2,1,-12.9,6.50%,17.40%,14.00%,31.70%,25.00%
290,Justise Winslow,MIA,23,6.58,225,Duke,USA,2015,1,10,66,12.6,5.4,4.3,3.4,3.10%,14.10%,20.60%,51.30%,21.30%
291,Jusuf Nurkic,POR,24,7.00,275,None,Bosnia and He...,2014,1,16,72,15.6,10.4,3.2,10.5,11.90%,24.10%,24.10%,57.00%,16.80%
292,Kadeem Allen,NYK,26,6.25,200,Arizona,USA,2017,2,53,19,9.9,2.7,4,-4.1,1.90%,10.00%,19.50%,57.40%,27.70%
293,Kalin Lucas,DET,30,6.08,195,Michigan State,USA,Undrafted,Undrafted,Undrafted,1,2,3,1,-25,0.00%,50.00%,15.40%,53.20%,50.00%
294,Karl-Anthony Towns,MIN,23,7.00,248,Kentucky,USA,2015,1,1,77,24.4,12.4,3.4,0.9,9.70%,25.70%,28.00%,62.20%,16.90%
295,Kawhi Leonard,TOR,28,6.58,230,San Diego State,USA,2011,1,15,60,26.6,7.3,3.3,7.9,3.90%,16.50%,30.00%,60.60%,15.90%
296,Keita Bates-Diop,MIN,23,6.75,229,Ohio State,USA,2018,2,48,30,5,2.8,0.6,-5.1,2.90%,12.90%,14.00%,48.90%,4.70%
297,Kelly Olynyk,MIA,28,7.00,240,Gonzaga,Canada,2013,1,13,79,10,4.7,1.8,1.9,3.80%,16.00%,17.50%,61.00%,11.30%
298,Kelly Oubre Jr.,PHX,23,6.58,205,Kansas,USA,2015,1,15,69,15.2,4.7,1.2,-6,3.50%,12.60%,22.30%,55.10%,6.70%
299,Kemba Walker,CHA,29,6.08,184,Connecticut,USA,2011,1,9,82,25.6,4.4,5.9,0.4,1.70%,10.60%,30.80%,55.80%,28.70%
300,Kenneth Faried,HOU,29,6.67,220,Morehead State,USA,2011,1,22,37,10.4,6.8,0.5,4,12.30%,21.00%,19.40%,62.20%,4.30%
301,Kenrich Williams,NOP,24,6.58,210,None,USA,Undrafted,Undrafted,Undrafted,46,6.1,4.8,1.8,-3.8,4.60%,14.50%,11.90%,48.50%,9.40%
302,Kent Bazemore,ATL,29,6.42,201,Old Dominion,USA,Undrafted,Undrafted,Undrafted,67,11.6,3.9,2.3,-7.7,2.00%,12.60%,21.50%,50.70%,14.40%
303,Kentavious Caldwell-Pope,LAL,26,6.42,205,Georgia,USA,2013,1,8,82,11.4,2.9,1.3,-3.7,2.20%,8.80%,17.50%,56.80%,7.70%
304,Kevin Durant,GSW,30,6.75,240,Texas,USA,2007,1,2,78,26,6.4,5.9,11.4,1.30%,15.30%,28.30%,63.10%,25.10%
305,Kevin Huerter,ATL,20,6.58,190,Maryland,USA,2018,1,19,75,9.7,3.3,2.9,-2.2,2.70%,8.70%,15.30%,53.30%,13.90%
306,Kevin Knox,NYK,19,6.75,215,Kentucky,USA,2018,1,9,75,12.8,4.5,1.1,-13.6,2.50%,12.00%,21.90%,47.50%,6.00%
307,Kevin Love,CLE,30,6.83,251,California-Los Angeles,USA,2008,1,5,22,17,10.9,2.2,-4.2,5.10%,34.40%,25.90%,56.10%,12.50%
308,Kevon Looney,GSW,23,6.75,220,UCLA,USA,2015,1,30,80,6.3,5.2,1.5,10.3,12.60%,13.30%,12.20%,63.60%,10.60%
309,Khem Birch,ORL,26,6.75,233,UNLV,Canada,Undrafted,Undrafted,Undrafted,50,4.8,3.8,0.8,3.2,11.20%,16.60%,13.60%,64.00%,8.70%
310,Khris Middleton,MIL,27,6.67,222,Texas A&M,USA,2012,2,39,77,18.3,6,4.3,10.5,2.10%,14.90%,24.60%,55.80%,19.40%
311,Khyri Thomas,DET,23,6.25,210,Creighton,USA,2018,2,38,26,2.3,0.8,0.3,-8,1.70%,8.20%,15.80%,41.30%,6.70%
312,Klay Thompson,GSW,29,6.58,215,Washington State,USA,2011,1,11,78,21.5,3.8,2.4,6.5,1.50%,8.90%,25.40%,57.10%,10.30%
313,Kobi Simmons,CLE,21,6.33,170,Arizona,USA,Undrafted,Undrafted,Undrafted,1,0,0,0,66.7,0.00%,0.00%,0.00%,0.00%,0.00%
314,Kosta Koufos,SAC,30,7.00,245,Ohio State,USA,2008,1,23,42,3.7,4.2,0.9,-1.3,8.80%,22.90%,15.00%,47.70%,9.90%
315,Kostas Antetokounmpo,DAL,21,6.83,200,Dayton,Greece,2018,2,60,2,1,0.5,0,17.6,0.00%,11.10%,24.00%,21.00%,0.00%
316,Kris Dunn,CHI,25,6.33,205,Providence,USA,2016,1,5,46,11.3,4.1,6,-7.6,1.30%,11.90%,19.80%,48.40%,29.00%
317,Kyle Anderson,MEM,25,6.75,230,California-Los Angeles,USA,2014,1,30,43,8,5.8,3,-2.1,3.80%,16.10%,12.70%,56.90%,15.50%
318,Kyle Korver,UTA,38,6.58,212,Creighton,USA,2003,2,51,70,8.6,2.3,1.2,3.6,0.60%,10.50%,17.40%,58.20%,8.80%
319,Kyle Kuzma,LAL,23,6.75,220,Utah,USA,2017,1,27,70,18.7,5.5,2.5,-1.3,2.50%,12.70%,23.30%,54.60%,11.30%
320,Kyle Lowry,TOR,33,6.08,196,Villanova,USA,2006,1,24,65,14.2,4.8,8.7,10.7,1.90%,11.40%,19.10%,56.20%,32.90%
321,Kyle O'Quinn,IND,29,6.83,250,Norfolk State,USA,2012,2,49,45,3.5,2.6,1.2,-0.3,7.80%,21.60%,19.60%,53.70%,20.40%
322,Kyrie Irving,BOS,27,6.25,193,Duke,Australia,2011,1,1,67,23.8,5,6.9,6.2,3.10%,11.30%,28.60%,59.20%,33.00%
323,LaMarcus Aldridge,SAS,33,6.92,260,Texas,USA,2006,1,2,81,21.3,9.2,2.4,1.5,9.60%,18.00%,26.80%,57.60%,11.50%
324,Lance Stephenson,LAL,28,6.50,230,Cincinnati,USA,2010,2,40,68,7.2,3.2,2.1,-4.5,2.60%,15.00%,19.70%,52.90%,17.50%
325,Lance Thomas,NYK,31,6.67,240,Duke,USA,Undrafted,Undrafted,Undrafted,46,4.5,2.5,0.6,-10.9,2.30%,11.50%,12.70%,48.20%,5.10%
326,Landry Shamet,LAC,22,6.42,188,Wichita State,USA,2018,1,26,79,9.1,1.7,1.5,1.7,1.10%,6.00%,14.50%,60.40%,9.00%
327,Langston Galloway,DET,27,6.17,200,Saint Joseph's,USA,Undrafted,Undrafted,Undrafted,80,8.4,2.1,1.1,0.1,2.50%,7.00%,15.30%,53.40%,7.20%
328,Larry Nance Jr.,CLE,26,6.75,230,Wyoming,USA,2015,1,27,67,9.4,8.2,3.2,-8.8,9.00%,22.40%,15.20%,58.30%,17.90%
329,Lauri Markkanen,CHI,22,7.00,240,Arizona,Finland,2017,1,7,52,18.7,9,1.4,-5.5,4.30%,23.40%,24.50%,55.30%,7.00%
330,LeBron James,LAL,34,6.67,250,None,USA,2003,1,1,55,27.4,8.5,8.3,2,2.90%,19.30%,31.10%,58.80%,37.60%
331,Lonnie Walker IV,SAS,20,6.42,205,Miami (FL),USA,2018,1,18,17,2.6,1,0.5,-24.3,0.00%,12.20%,19.60%,44.60%,14.30%
332,Lonzo Ball,LAL,21,6.50,190,California-Los Angeles,USA,2017,1,2,47,9.9,5.3,5.4,-0.7,3.60%,12.40%,16.70%,48.70%,23.60%
333,Lorenzo Brown,TOR,28,6.42,189,North Carolina State,USA,2013,2,52,26,2.1,1.2,1.1,-7,2.10%,11.00%,16.70%,38.00%,19.90%
334,Lou Williams,LAC,32,6.08,175,None,USA,2005,2,45,75,20,3,5.4,3.9,1.90%,8.10%,30.80%,55.40%,31.80%
335,Luc Mbah a Moute,LAC,32,6.67,230,California-Los Angeles,Cameroon,2008,2,37,4,5,1.8,0.5,7.8,3.40%,6.50%,14.10%,49.50%,4.50%
336,Luka Doncic,DAL,20,6.58,218,None,Slovenia,2018,1,3,72,21.2,7.8,6,-3.1,3.60%,19.80%,29.60%,54.50%,31.70%
337,Luke Kennard,DET,23,6.42,206,Duke,USA,2017,1,12,63,9.7,2.9,1.8,0.3,0.80%,12.10%,17.90%,56.00%,12.20%
338,Luke Kornet,NYK,23,7.08,250,Vanderbilt,USA,Undrafted,Undrafted,Undrafted,46,7,2.9,1.2,-3.5,3.30%,12.30%,17.80%,53.10%,10.80%
339,Luol Deng,MIN,34,6.75,237,Duke,United Kingdo...,2004,1,7,22,7.1,3.3,0.8,10,4.90%,12.50%,15.50%,58.80%,6.20%
340,Malachi Richardson,TOR,23,6.50,205,Syracuse,USA,2016,1,22,22,1.4,0.6,0,-4.6,1.60%,8.70%,14.20%,48.10%,0.00%
341,Malcolm Brogdon,MIL,26,6.42,229,Virginia,USA,2016,2,36,64,15.6,4.5,3.2,10.7,3.50%,10.70%,20.20%,61.40%,15.70%
342,Malcolm Miller,TOR,26,6.58,210,Holy Cross,USA,Undrafted,Undrafted,Undrafted,10,3.5,0.5,0.1,-4.7,1.50%,4.80%,18.00%,63.00%,2.40%
343,Malik Beasley,DEN,22,6.42,195,Florida State,USA,2016,1,19,81,11.3,2.5,1.2,3.9,1.80%,8.50%,18.10%,59.90%,7.40%
344,Malik Monk,CHA,21,6.25,200,Kentucky,USA,2017,1,11,73,8.9,1.9,1.6,-2.7,1.20%,9.50%,23.60%,51.80%,14.30%
345,MarShon Brooks,MEM,30,6.42,200,Providence,USA,2011,1,25,29,6.6,1.6,0.9,-2.8,3.00%,8.90%,23.30%,51.80%,11.20%
346,Marc Gasol,TOR,34,7.08,255,None,Spain,2007,2,48,79,13.6,7.9,4.4,3.5,3.40%,22.70%,21.00%,54.60%,22.20%
347,Marcin Gortat,LAC,35,6.92,240,None,Poland,2005,2,57,47,5,5.6,1.4,-6.5,8.90%,25.30%,14.80%,56.20%,12.30%
348,Marco Belinelli,SAS,33,6.42,210,None,Italy,2007,1,18,79,10.5,2.5,1.7,0.8,0.90%,9.30%,18.70%,55.70%,10.20%
349,Marcus Derrickson,GSW,23,6.58,249,None,USA,Undrafted,Undrafted,Undrafted,11,4.2,1.2,0.1,-7.2,10.40%,6.30%,23.50%,65.30%,2.60%
350,Marcus Morris,BOS,29,6.75,235,Kansas,USA,2011,1,14,75,13.9,6.1,1.5,1.4,3.50%,17.60%,20.30%,56.80%,7.30%
351,Marcus Smart,BOS,25,6.33,220,Oklahoma State,USA,2014,1,6,80,8.9,2.9,4,3.8,2.50%,7.70%,14.40%,56.80%,19.00%
352,Mario Hezonja,NYK,24,6.67,225,None,Croatia,2015,1,5,58,8.8,4.1,1.5,-10,2.10%,16.80%,20.80%,49.70%,11.60%
353,Markelle Fultz,ORL,21,6.33,200,Washington,USA,2017,1,1,19,8.2,3.7,3.1,-0.4,5.60%,8.80%,18.90%,45.20%,21.20%
354,Markieff Morris,OKC,29,6.83,245,Kansas,USA,2011,1,13,58,9.4,4.6,1.4,-5.9,4.50%,16.10%,19.10%,52.10%,9.20%
355,Marquese Chriss,CLE,21,6.83,240,Washington,USA,2016,1,8,43,4.2,3.3,0.5,-17.3,7.20%,21.60%,19.60%,45.50%,6.90%
356,Marvin Bagley III,SAC,20,6.92,234,Duke,USA,2018,1,2,62,14.9,7.6,1,-3.2,9.20%,18.00%,23.70%,56.20%,6.00%
357,Marvin Williams,CHA,33,6.75,237,North Carolina,USA,2005,1,2,75,10.1,5.4,1.2,-0.4,3.30%,15.20%,14.70%,54.80%,6.10%
358,Mason Plumlee,DEN,29,6.92,235,Duke,USA,2013,1,22,82,7.8,6.4,3,3.2,9.10%,19.80%,15.90%,60.20%,19.90%
359,Matthew Dellavedova,CLE,28,6.33,200,Saint Mary's (CA),Australia,Undrafted,Undrafted,Undrafted,48,5.9,1.6,3.8,-3.8,0.70%,8.10%,17.30%,53.20%,32.90%
360,Maurice Harkless,POR,26,6.75,220,"St. John's, N.Y.",USA,2012,1,15,60,7.7,4.5,1.2,7.9,5.20%,12.80%,13.50%,54.70%,6.80%
361,Maxi Kleber,DAL,27,6.92,240,None,Germany,Undrafted,Undrafted,Undrafted,71,6.8,4.6,1,2.7,5.70%,14.90%,13.20%,57.90%,6.80%
362,Melvin Frazier Jr.,ORL,22,6.50,200,Tulane,USA,2018,2,35,10,1.5,0.5,0.1,-13.5,5.30%,4.50%,20.50%,33.00%,3.20%
363,Meyers Leonard,POR,27,7.08,255,Illinois,USA,2012,1,11,61,5.9,3.8,1.2,-3.7,5.50%,20.60%,14.90%,67.50%,12.30%
364,Michael Beasley,LAL,30,6.75,235,Kansas State,USA,2008,1,2,26,7,2.3,1,-6,4.40%,15.30%,28.80%,53.20%,14.90%
365,Michael Carter-Williams,ORL,27,6.50,190,Syracuse,USA,2013,1,11,28,4.8,2.5,2.5,0.2,4.30%,14.30%,17.60%,45.80%,26.20%
366,Michael Kidd-Gilchrist,CHA,25,6.58,232,Kentucky,USA,2012,1,2,64,6.7,3.8,1,-0.9,6.90%,12.90%,15.30%,55.30%,7.70%
367,Mikal Bridges,PHX,22,6.58,210,Villanova,USA,2018,1,10,82,8.3,3.2,2.1,-6.8,2.30%,8.50%,11.90%,55.60%,9.70%
368,Mike Conley,MEM,31,6.08,175,Ohio State,USA,2007,1,4,70,21.1,3.4,6.4,0.7,1.70%,8.80%,26.20%,56.90%,32.70%
369,Mike Muscala,LAL,27,6.92,240,Bucknell,USA,2013,2,44,64,7,3.8,1.2,1,4.10%,13.30%,13.80%,56.40%,8.10%
370,Mike Scott,PHI,30,6.67,237,Virginia,USA,2012,2,43,79,5.8,3.5,0.8,1.8,2.90%,14.70%,13.90%,52.80%,6.40%
371,Miles Bridges,CHA,21,6.58,225,Michigan State,USA,2018,1,12,80,7.5,4,1.2,-3.7,3.70%,14.80%,14.70%,54.80%,8.10%
372,Miles Plumlee,ATL,30,6.92,249,Duke,USA,2012,1,26,18,4.4,2.2,0.9,-10.2,8.50%,14.10%,16.60%,65.40%,15.50%
373,Milos Teodosic,LAC,32,6.42,196,None,Serbia,Undrafted,Undrafted,Undrafted,15,3.2,1.1,2.1,5.4,2.10%,8.40%,17.10%,55.70%,26.00%
374,Mitchell Creek,MIN,27,6.50,225,None,Australia,Undrafted,Undrafted,Undrafted,5,4.2,2.4,1.2,8.9,10.90%,10.50%,16.90%,55.00%,18.80%
375,Mitchell Robinson,NYK,21,7.08,240,None,USA,2018,2,36,66,7.3,6.4,0.6,-6.2,12.20%,16.60%,11.90%,69.20%,4.20%
376,Mo Bamba,ORL,21,7.00,221,Texas,USA,2018,1,6,47,6.2,5,0.8,-14.9,7.40%,21.30%,17.40%,53.90%,8.60%
377,Monte Morris,DEN,24,6.25,175,Iowa State,USA,2017,2,51,82,10.4,2.4,3.6,4.3,1.70%,7.80%,16.80%,57.70%,22.10%
378,Montrezl Harrell,LAC,25,6.67,240,Louisville,USA,2015,2,32,82,16.6,6.5,2,1.9,8.50%,14.60%,22.70%,63.60%,12.30%
379,Moritz Wagner,LAL,22,6.92,245,Michigan,Germany,2018,1,25,43,4.8,2,0.6,-9.8,3.50%,14.20%,21.00%,53.30%,8.40%
380,Myles Turner,IND,23,6.92,250,Texas,USA,2015,1,11,74,13.3,7.2,1.6,2.8,4.80%,19.50%,19.90%,56.70%,8.30%
381,Naz Mitrou-Long,UTA,25,6.33,218,Iowa State,Canada,Undrafted,Undrafted,Undrafted,14,1.1,0.4,1.1,-21.2,1.10%,5.70%,13.90%,38.30%,25.00%
382,Nemanja Bjelica,SAC,31,6.83,234,None,Serbia,2010,2,35,77,9.6,5.8,1.9,2.7,6.50%,17.10%,16.20%,58.50%,10.70%
383,Nene,HOU,36,6.92,250,None,Brazil,2002,1,7,42,3.6,2.9,0.6,9.2,5.80%,15.20%,11.40%,55.20%,7.00%
384,Nerlens Noel,OKC,25,6.92,220,Kentucky,USA,2013,1,6,77,4.9,4.2,0.6,-2.6,10.50%,17.60%,13.70%,60.80%,6.70%
385,Nick Young,DEN,34,6.58,210,Southern California,USA,2007,1,16,4,2.3,0.3,0.5,-5.1,0.00%,2.60%,12.60%,50.00%,7.70%
386,Nicolas Batum,CHA,30,6.67,200,None,France,2008,1,25,75,9.3,5.2,3.3,-0.5,2.80%,13.10%,12.90%,58.10%,14.50%
387,Nik Stauskas,CLE,25,6.50,205,Michigan,Canada,2014,1,8,68,5.9,1.9,1.2,-12.9,1.60%,10.40%,17.10%,54.50%,12.30%
388,Nikola Jokic,DEN,24,7.00,250,None,Serbia,2014,2,41,80,20.1,10.8,7.3,5.8,8.90%,24.90%,27.10%,58.90%,36.10%
389,Nikola Mirotic,MIL,28,6.83,250,None,Montenegro,2011,1,23,46,15.2,7.4,1.2,3.7,4.50%,19.80%,20.60%,58.40%,6.10%
390,Nikola Vucevic,ORL,28,7.00,260,Southern California,Montenegro,2011,1,16,80,20.8,12,3.8,4,8.80%,28.60%,27.60%,57.30%,20.80%
391,Noah Vonleh,NYK,23,6.75,250,Indiana,USA,2014,1,9,68,8.4,7.8,1.9,-7.6,6.00%,23.40%,14.40%,56.10%,10.80%
392,Norman Powell,TOR,26,6.33,215,California-Los Angeles,USA,2015,2,46,60,8.6,2.3,1.5,0.2,1.30%,10.20%,18.20%,59.60%,11.90%
393,OG Anunoby,TOR,21,6.67,232,Indiana,United Kingdo...,2017,1,23,67,7,2.9,0.7,-1.7,4.00%,10.00%,14.80%,54.40%,5.00%
394,Okaro White,WAS,26,6.67,205,Florida State,USA,Undrafted,Undrafted,Undrafted,3,0,0.7,0,-26.2,9.10%,14.30%,10.50%,0.00%,0.00%
395,Omari Spellman,ATL,21,6.75,245,Villanova,USA,2018,1,30,46,5.9,4.2,1,-10.3,8.00%,14.40%,14.60%,51.60%,8.50%
396,Omri Casspi,MEM,31,6.75,225,None,Israel,2009,1,23,36,6.3,3.2,0.7,1.1,3.30%,18.40%,17.00%,60.60%,7.70%
397,Otto Porter Jr.,CHI,26,6.67,198,Georgetown,USA,2013,1,3,56,13.9,5.6,2.1,-0.4,3.10%,15.30%,18.50%,56.90%,10.00%
398,PJ Dozier,BOS,22,6.50,205,South Carolina,USA,Undrafted,Undrafted,Undrafted,6,3.2,2.8,0.8,22.5,10.20%,17.20%,17.30%,43.40%,12.50%
399,PJ Tucker,HOU,34,6.50,245,Texas,USA,2006,2,35,82,7.3,5.8,1.2,4.5,4.10%,12.90%,9.40%,54.70%,4.70%
400,Pascal Siakam,TOR,25,6.75,230,New Mexico State,Cameroon,2016,1,27,80,16.9,6.9,3.1,10.6,5.00%,15.40%,20.50%,62.80%,14.10%
401,Pat Connaughton,MIL,26,6.33,209,Notre Dame,USA,2015,2,41,61,6.9,4.2,2,5,4.60%,13.50%,13.00%,57.30%,12.80%
402,Patrick Beverley,LAC,30,6.08,185,None,USA,2009,2,42,78,7.6,5,3.8,4,3.50%,13.50%,12.00%,56.10%,18.30%
403,Patrick McCaw,TOR,23,6.58,185,UNLV,USA,2016,2,38,29,2.6,1.7,1,-6.4,1.70%,10.50%,9.30%,53.20%,9.90%
404,Patrick Patterson,OKC,30,6.75,230,Kentucky,USA,2010,1,14,63,3.6,2.3,0.5,-5.7,4.30%,11.40%,11.80%,49.30%,4.90%
405,Patty Mills,SAS,30,6.00,180,St. Mary's (CA),Australia,2009,2,55,82,9.9,2.2,3,4.5,1.20%,7.60%,17.50%,57.20%,17.40%
406,Pau Gasol,MIL,38,7.00,250,None,Spain,2001,1,3,30,3.9,4.6,1.7,-6.2,5.80%,30.40%,15.10%,52.90%,20.90%
407,Paul George,OKC,29,6.75,220,Fresno State,USA,2010,1,10,77,28,8.2,4.1,8.2,3.30%,17.30%,28.50%,58.30%,17.30%
408,Paul Millsap,DEN,34,6.67,246,Louisiana Tech,USA,2006,2,47,70,12.6,7.2,2,8.6,7.80%,18.20%,19.10%,57.00%,10.40%
409,Quincy Acy,PHX,28,6.58,240,Baylor,USA,2012,2,37,10,1.7,2.5,0.8,2.8,2.20%,15.30%,8.80%,37.90%,8.80%
410,Quincy Pondexter,SAS,31,6.58,230,Washington,USA,2010,1,26,53,1.8,0.9,0.5,-2.2,2.80%,12.30%,12.90%,64.10%,12.10%
411,Quinn Cook,GSW,26,6.17,179,Duke,USA,Undrafted,Undrafted,Undrafted,74,6.9,2.1,1.6,-6.3,2.10%,12.30%,20.00%,56.50%,16.70%
412,RJ Hunter,BOS,25,6.42,185,Georgia State,USA,2015,1,28,1,17,3,3,52.8,3.70%,5.00%,22.60%,61.20%,15.00%
413,Rajon Rondo,LAL,33,6.08,186,Kentucky,USA,2006,1,21,46,9.2,5.3,8,-8.6,2.30%,14.20%,17.20%,47.30%,36.00%
414,Raul Neto,UTA,27,6.08,179,None,Brazil,2013,2,47,37,5.3,1.7,2.5,17.5,1.40%,10.50%,18.40%,55.80%,25.10%
415,Rawle Alkins,CHI,21,6.42,225,None,USA,Undrafted,Undrafted,Undrafted,10,3.7,2.6,1.3,-5.5,7.70%,12.00%,17.30%,41.80%,13.70%
416,Ray Spalding,PHX,22,6.83,215,Louisville,USA,2018,2,56,14,3.9,3.4,0.4,-6.8,9.10%,19.00%,16.40%,51.60%,5.20%
417,Raymond Felton,OKC,35,6.08,205,North Carolina,USA,2005,1,5,33,4.3,1,1.6,2.6,0.90%,7.40%,16.50%,50.50%,20.90%
418,Reggie Bullock,LAL,28,6.58,205,North Carolina,USA,2013,1,25,63,11.3,2.7,2,-1.3,1.10%,8.20%,15.40%,56.30%,9.60%
419,Reggie Jackson,DET,29,6.25,208,Boston College,USA,2011,1,24,82,15.4,2.6,4.2,0.5,1.90%,7.60%,23.70%,54.70%,24.10%
420,Richaun Holmes,PHX,25,6.83,235,Bowling Green,USA,2015,2,37,70,8.2,4.7,0.9,-5.4,9.50%,17.30%,17.40%,64.70%,8.20%
421,Ricky Rubio,UTA,28,6.33,190,None,Spain,2009,1,5,68,12.7,3.6,6.1,6.3,1.70%,10.70%,22.10%,52.00%,31.30%
422,Robert Covington,MIN,28,6.75,225,Tennessee State,USA,Undrafted,Undrafted,Undrafted,35,13.3,5.5,1.3,2.3,2.20%,12.70%,15.40%,58.00%,5.50%
423,Robert Williams III,BOS,21,6.83,240,Texas A&M,USA,2018,1,27,32,2.5,2.5,0.2,-5.9,8.60%,16.40%,10.10%,70.30%,4.00%
424,Robin Lopez,CHI,31,7.00,275,Stanford,USA,2008,1,15,74,9.5,3.9,1.2,-4.4,8.50%,8.50%,18.30%,59.80%,8.40%
425,Rodions Kurucs,BKN,21,6.75,210,None,Latvia,2018,2,40,63,8.5,3.9,0.8,-0.4,4.00%,13.10%,17.50%,54.50%,5.70%
426,Rodney Hood,POR,26,6.67,206,Duke,USA,2014,1,23,72,11.2,2.2,1.8,-7.4,1.20%,7.10%,17.80%,54.50%,10.10%
427,Rodney McGruder,LAC,27,6.33,200,Kansas State,USA,Undrafted,Undrafted,Undrafted,66,7.6,3.6,1.7,-1.4,3.50%,10.60%,14.70%,51.00%,10.30%
428,Ron Baker,WAS,26,6.33,220,Wichita State,USA,Undrafted,Undrafted,Undrafted,15,0.9,0.7,1,-5.2,0.60%,6.90%,7.50%,30.90%,13.90%
429,Rondae Hollis-Jefferson,BKN,24,6.58,217,Arizona,USA,2015,1,23,59,8.9,5.3,1.6,0.7,6.00%,17.00%,21.00%,46.40%,11.90%
430,Royce O'Neale,UTA,26,6.50,226,Baylor,USA,Undrafted,Undrafted,Undrafted,82,5.2,3.5,1.5,4.8,1.30%,14.60%,10.80%,58.90%,10.20%
431,Rudy Gay,SAS,32,6.67,230,Connecticut,USA,2006,1,8,69,13.7,6.8,2.6,4.1,3.40%,20.90%,21.60%,58.30%,14.50%
432,Rudy Gobert,UTA,27,7.08,245,None,France,2013,1,27,81,15.9,12.9,2,6.9,11.70%,27.00%,17.50%,68.20%,9.50%
433,Russell Westbrook,OKC,30,6.25,200,California-Los Angeles,USA,2008,1,4,73,22.9,11.1,10.7,5,3.60%,25.50%,30.10%,50.10%,44.00%
434,Ryan Anderson,MIA,31,6.83,240,California,USA,2008,1,21,25,2.5,2.2,0.8,-12.8,5.50%,11.20%,12.00%,41.40%,8.80%
435,Ryan Arcidiacono,CHI,25,6.25,200,Villanova,USA,Undrafted,Undrafted,Undrafted,81,6.7,2.7,3.3,-5.8,1.30%,9.60%,11.70%,58.80%,19.10%
436,Ryan Broekhoff,DAL,28,6.58,215,None,Australia,Undrafted,Undrafted,Undrafted,42,4,1.5,0.5,8.3,1.70%,11.30%,14.00%,62.10%,6.90%
437,Salah Mejri,DAL,33,7.17,235,None,Tunisia,Undrafted,Undrafted,Undrafted,36,3.9,3.6,1,-4.4,8.10%,21.60%,15.30%,55.90%,13.70%
438,Sam Dekker,WAS,25,6.75,230,Wisconsin,USA,2015,1,18,47,6.1,3.1,1,-5.3,6.40%,12.30%,15.70%,51.90%,8.10%
439,Scott Machado,LAL,29,6.08,205,Iona,USA,Undrafted,Undrafted,Undrafted,4,2.5,0,0.8,0,0.00%,0.00%,13.00%,77.60%,21.40%
440,Semi Ojeleye,BOS,24,6.58,241,Southern Methodist,USA,2017,2,37,56,3.3,1.5,0.4,6,3.80%,9.30%,13.70%,53.10%,5.40%
441,Serge Ibaka,TOR,29,6.83,235,None,Democratic Re...,2008,1,24,74,15,8.1,1.3,6.2,7.80%,20.40%,22.70%,58.20%,7.60%
442,Seth Curry,POR,28,6.17,185,Duke,USA,Undrafted,Undrafted,Undrafted,74,7.9,1.6,0.9,4.3,1.90%,6.20%,16.40%,59.50%,6.80%
443,Shabazz Napier,BKN,27,6.08,180,Connecticut,USA,2014,1,24,56,9.4,1.8,2.6,1.3,1.70%,7.90%,23.40%,53.40%,23.50%
444,Shai Gilgeous-Alexander,LAC,20,6.50,181,Kentucky,Canada,2018,1,11,82,10.8,2.8,3.3,-2,2.60%,7.80%,18.20%,55.40%,17.90%
445,Shake Milton,PHI,22,6.50,207,Southern Methodist,USA,2018,2,54,20,4.4,1.8,0.9,-1.1,3.10%,9.60%,14.70%,48.30%,8.60%
446,Shaquille Harrison,CHI,25,6.33,190,Tulsa,USA,Undrafted,Undrafted,Undrafted,73,6.5,3,1.9,-10.2,2.20%,13.20%,16.00%,49.40%,14.20%
447,Shaun Livingston,GSW,33,6.58,192,None,USA,2004,1,4,64,4,1.8,1.8,3.2,4.30%,7.10%,11.80%,55.50%,15.40%
448,Shelvin Mack,CHA,29,6.25,203,Butler,USA,2011,2,34,57,7.5,1.8,3.2,-9.1,1.40%,6.90%,17.90%,48.90%,24.10%
449,Sindarius Thornwell,LAC,24,6.42,215,South Carolina,USA,2017,2,48,64,1,0.7,0.3,-0.8,1.50%,10.80%,10.50%,48.50%,7.90%
450,Skal Labissiere,POR,23,6.92,235,Kentucky,Haiti,2016,1,28,22,3,2,0.5,-8.3,5.10%,18.50%,15.40%,59.30%,7.80%
451,Solomon Hill,NOP,28,6.58,225,Arizona,USA,2013,1,23,44,4.3,3,1.3,-6.5,3.60%,10.20%,10.40%,49.70%,8.00%
452,Spencer Dinwiddie,BKN,26,6.50,210,Colorado,USA,2014,2,38,68,16.8,2.4,4.6,-2.7,1.30%,6.90%,24.20%,58.00%,27.20%
453,Stanley Johnson,NOP,23,6.58,245,Arizona,USA,2015,1,8,66,6.9,3.3,1.3,-7.9,2.50%,14.20%,18.60%,48.50%,11.80%
454,Stephen Curry,GSW,31,6.25,190,Davidson,USA,2009,1,7,69,27.3,5.3,5.2,13.7,2.00%,12.20%,29.20%,64.10%,22.50%
455,Sterling Brown,MIL,24,6.50,232,Southern Methodist,USA,2017,2,46,58,6.4,3.2,1.4,0.2,2.60%,13.00%,14.90%,56.30%,11.50%
456,Steven Adams,OKC,25,7.00,265,Pittsburgh,New Zealand,2013,1,12,80,13.9,9.5,1.6,6.7,12.90%,13.30%,16.00%,59.10%,6.30%
457,Svi Mykhailiuk,DET,22,6.67,205,Kansas,Ukraine,2018,2,47,42,3.2,0.9,0.9,-0.5,1.90%,5.50%,15.70%,44.70%,11.00%
458,T.J. McConnell,PHI,27,6.17,190,Arizona,USA,Undrafted,Undrafted,Undrafted,76,6.4,2.3,3.4,-0.7,1.80%,9.40%,14.80%,55.50%,24.90%
459,T.J. Warren,PHX,25,6.67,215,North Carolina State,USA,2014,1,14,43,18,4,1.5,-7.7,2.20%,10.80%,22.10%,58.00%,7.30%
460,TJ Leaf,IND,22,6.83,225,California-Los Angeles,USA,2017,1,18,58,3.9,2.2,0.4,3.6,7.70%,14.50%,15.80%,57.20%,6.30%
461,Tahjere McCall,BKN,24,6.42,190,Tennessee State,USA,Undrafted,Undrafted,Undrafted,1,4,1,0,63.9,0.00%,20.00%,13.60%,58.10%,0.00%
462,Taj Gibson,MIN,34,6.75,232,Southern California,USA,2009,1,26,70,10.8,6.5,1.2,-2.1,9.50%,16.10%,16.70%,61.20%,7.20%
463,Taurean Prince,ATL,25,6.67,220,Baylor,USA,2016,1,12,55,13.5,3.6,2.1,-6.9,1.30%,11.00%,19.00%,57.50%,10.70%
464,Terrance Ferguson,OKC,21,6.58,190,None,USA,2017,1,21,74,6.9,1.9,1,3.9,1.50%,5.50%,10.40%,56.60%,4.60%
465,Terrence Jones,HOU,27,6.75,252,Kentucky,USA,2012,1,18,2,1,2,0,-95.6,0.00%,57.10%,33.30%,22.50%,0.00%
466,Terrence Ross,ORL,28,6.58,206,Washington,USA,2012,1,8,81,15.1,3.5,1.7,-0.5,1.20%,11.30%,23.00%,56.10%,10.30%
467,Terry Rozier,BOS,25,6.08,190,Louisville,USA,2015,1,16,79,9,3.9,2.9,-1.1,1.60%,14.50%,18.10%,50.10%,19.30%
468,Thabo Sefolosha,UTA,35,6.58,220,None,Switzerland,2006,1,13,50,3.8,2.5,0.5,8.8,1.40%,18.10%,12.90%,59.90%,5.90%
469,Thaddeus Young,IND,31,6.67,221,Georgia Tech,USA,2007,1,12,81,12.6,6.5,2.5,2.5,7.80%,13.20%,17.90%,56.90%,12.00%
470,Theo Pinson,BKN,23,6.50,218,None,USA,Undrafted,Undrafted,Undrafted,18,4.5,2,1.2,-0.6,1.50%,12.60%,19.10%,49.00%,16.70%
471,Thomas Bryant,WAS,21,6.92,248,Indiana,USA,2017,2,42,72,10.5,6.3,1.3,-3.6,7.20%,21.90%,17.00%,67.40%,9.00%
472,Thomas Welsh,DEN,23,7.00,255,California-Los Angeles,USA,2018,2,58,11,1.6,0.4,0.5,2.3,0.00%,11.40%,15.30%,64.80%,20.00%
473,Thon Maker,DET,22,7.08,221,None,South Sudan,2016,1,10,64,5,3.2,0.7,0.9,3.90%,14.90%,14.80%,53.00%,6.60%
474,Tim Frazier,MIL,28,6.08,170,None,USA,Undrafted,Undrafted,Undrafted,59,5.3,2.8,4.2,-2.7,3.50%,10.60%,13.20%,54.40%,28.60%
475,Tim Hardaway Jr.,DAL,27,6.50,205,Michigan,USA,2013,1,24,65,18.1,3.4,2.4,-9.1,1.50%,9.00%,24.60%,52.70%,12.50%
476,Timothe Luwawu-Cabarrot,CHI,24,6.50,210,None,France,2016,1,24,50,4.6,1.9,0.5,-14.4,1.50%,12.50%,15.60%,48.90%,5.70%
477,Tobias Harris,PHI,26,6.75,235,Tennessee,USA,2011,1,19,82,20,7.9,2.8,0.4,2.40%,18.80%,22.50%,59.20%,12.60%
478,Tomas Satoransky,WAS,27,6.58,210,None,Czech Republi...,2012,2,32,80,8.9,3.5,5,-0.4,3.60%,9.00%,13.90%,59.00%,24.80%
479,Tony Bradley,UTA,21,6.83,248,North Carolina,USA,2017,1,28,3,5.7,5,0.3,-18.9,19.60%,18.80%,20.00%,50.40%,4.20%
480,Tony Parker,CHA,37,6.17,185,None,France,2001,1,28,56,9.5,1.5,3.7,-0.1,1.30%,6.70%,24.70%,51.20%,33.10%
481,Tony Snell,MIL,27,6.58,213,,USA,2013,1,20,74,6,2.1,0.9,6.6,2.10%,8.60%,12.70%,58.50%,6.90%
482,Torrey Craig,DEN,28,6.58,215,South Carolina Upstate,USA,Undrafted,Undrafted,Undrafted,75,5.7,3.5,1,3.3,5.70%,11.20%,12.10%,54.70%,6.20%
483,Trae Young,ATL,20,6.17,180,Oklahoma,USA,2018,1,5,81,19.1,3.7,8.1,-6.3,2.40%,9.10%,27.70%,53.90%,39.00%
484,Treveon Graham,BKN,25,6.42,225,Virginia Commonwealth,USA,Undrafted,Undrafted,Undrafted,35,5.3,3.1,1,2.3,2.80%,10.70%,12.30%,45.80%,6.20%
485,Trevon Duval,HOU,20,6.17,189,None,USA,Undrafted,Undrafted,Undrafted,3,1.7,0.3,0.7,7.7,0.00%,20.00%,23.10%,83.30%,66.70%
486,Trevor Ariza,WAS,33,6.67,215,California-Los Angeles,USA,2004,2,43,69,12.5,5.4,3.7,-6.8,2.10%,13.90%,16.40%,53.40%,14.90%
487,Trey Burke,DAL,26,6.08,175,Michigan,USA,2013,1,9,58,10.9,1.7,2.7,-1.5,2.30%,5.90%,24.20%,52.40%,22.90%
488,Trey Lyles,DEN,23,6.83,234,Kentucky,USA,2015,1,12,64,8.5,3.8,1.4,0,3.60%,17.20%,22.90%,50.00%,11.60%
489,Tristan Thompson,CLE,28,6.83,238,Texas,Canada,2011,1,4,43,10.9,10.2,2,-12.3,13.70%,23.70%,17.50%,55.10%,11.00%
490,Troy Brown Jr.,WAS,19,6.58,215,Oregon,USA,2018,1,15,52,4.8,2.8,1.5,-0.3,4.50%,14.90%,15.80%,48.70%,14.70%
491,Troy Caupain,ORL,23,6.33,210,Cincinnati,USA,Undrafted,Undrafted,Undrafted,4,2.5,0.8,1,25,7.10%,15.40%,21.60%,62.50%,40.00%
492,Troy Daniels,PHX,27,6.33,205,Virginia Commonwealth,USA,Undrafted,Undrafted,Undrafted,51,6.2,1.4,0.5,-6.4,1.60%,7.90%,17.10%,55.80%,5.20%
493,Troy Williams,SAC,24,6.58,218,Indiana,USA,Undrafted,Undrafted,Undrafted,21,5.3,2.8,0.5,-9.5,3.40%,14.40%,14.40%,53.10%,5.10%
494,Tyler Cavanaugh,UTA,25,6.75,238,George Washington,USA,Undrafted,Undrafted,Undrafted,11,0.8,0.7,0.1,-40.7,6.50%,12.80%,11.80%,41.40%,4.30%
495,Tyler Davis,OKC,22,6.83,266,None,USA,Undrafted,Undrafted,Undrafted,1,0,1,0,0,50.00%,0.00%,33.30%,0.00%,0.00%
496,Tyler Dorsey,MEM,23,6.42,183,Oregon,USA,2017,2,41,48,6.2,2.4,1.2,-2,3.60%,11.80%,18.20%,50.90%,11.80%
497,Tyler Johnson,PHX,27,6.33,190,Fresno State,USA,Undrafted,Undrafted,Undrafted,57,10.9,3,2.9,-4,2.10%,8.70%,18.00%,53.20%,16.50%
498,Tyler Lydon,DEN,23,6.83,225,Syracuse,USA,2017,1,24,25,0.9,0.7,0.2,-8.3,6.20%,13.30%,9.70%,59.50%,8.70%
499,Tyler Ulis,CHI,23,5.83,160,Kentucky,USA,2016,2,34,1,0,0,0,0,0.00%,0.00%,0.00%,0.00%,0.00%
500,Tyler Zeller,MEM,29,7.00,253,North Carolina,USA,2012,1,17,6,7.7,4,0.7,6.7,10.50%,12.30%,19.10%,60.70%,6.90%
501,Tyreke Evans,IND,29,6.50,220,Memphis,USA,2009,1,4,69,10.2,2.9,2.4,1.9,2.30%,11.40%,25.50%,48.30%,17.60%
502,Tyrone Wallace,LAC,25,6.42,198,California,USA,2016,2,60,62,3.5,1.6,0.7,3.7,3.00%,11.10%,17.40%,45.00%,9.00%
503,Tyson Chandler,LAL,36,7.08,240,None,USA,2001,1,2,55,3.1,5.6,0.7,-1.9,9.40%,21.30%,8.40%,63.00%,5.70%
504,Tyus Jones,MIN,23,6.17,196,Duke,USA,2015,1,24,68,6.9,2,4.8,-0.3,1.40%,6.90%,13.90%,49.10%,28.40%
505,Udonis Haslem,MIA,39,6.67,235,Florida,USA,Undrafted,Undrafted,Undrafted,10,2.5,2.7,0.2,-21.3,3.10%,24.00%,19.60%,36.00%,4.80%
506,Victor Oladipo,IND,27,6.33,210,Indiana,USA,2013,1,2,36,18.8,5.6,5.2,5.6,1.80%,15.40%,27.80%,51.90%,25.00%
507,Vince Carter,ATL,42,6.50,220,North Carolina,USA,1998,1,5,76,7.4,2.6,1.1,-6.3,2.10%,11.40%,16.40%,56.50%,9.70%
508,Vincent Edwards,HOU,23,6.67,225,Purdue,USA,2018,2,52,2,1.5,1,0,-6.1,5.90%,5.90%,11.10%,37.50%,0.00%
509,Wade Baldwin IV,POR,23,6.33,200,Vanderbilt,USA,2016,1,17,16,1.9,0.9,0.8,-36.8,1.80%,12.30%,22.70%,39.60%,24.00%
510,Walter Lemon Jr.,CHI,26,6.25,180,None,USA,Undrafted,Undrafted,Undrafted,6,14.3,4.5,5,-7.8,2.10%,13.60%,25.30%,46.80%,28.30%
511,Wayne Ellington,DET,31,6.42,200,North Carolina,USA,2009,1,28,53,10.3,2,1.4,-0.5,1.00%,7.30%,16.70%,56.90%,8.60%
512,Wayne Selden,CHI,24,6.42,230,Kansas,USA,Undrafted,Undrafted,Undrafted,75,6.9,2.4,1.5,-9.6,2.40%,9.80%,17.80%,49.10%,11.20%
513,Wendell Carter Jr.,CHI,20,6.83,255,West Virginia,USA,2018,1,7,44,10.3,7,1.8,-11.7,7.50%,19.80%,19.20%,54.10%,11.80%
514,Wes Iwundu,ORL,24,6.58,195,Kansas State,USA,2017,2,33,68,5,2.7,1.1,1.7,2.70%,10.80%,12.50%,53.10%,8.00%
515,Wesley Johnson,WAS,31,6.58,215,Syracuse,USA,2010,1,4,38,3.4,1.9,0.6,-7.3,2.00%,10.40%,11.50%,46.90%,5.40%
516,Wesley Matthews,IND,32,6.42,220,Marquette,USA,Undrafted,Undrafted,Undrafted,69,12.2,2.5,2.3,-2,1.50%,6.30%,17.50%,54.60%,11.30%
517,Will Barton,DEN,28,6.50,190,Memphis,USA,2012,2,40,43,11.5,4.6,2.9,0.6,2.60%,13.70%,19.50%,50.10%,14.60%
518,Willie Cauley-Stein,SAC,25,7.00,240,Kentucky,USA,2015,1,6,81,11.9,8.4,2.4,1.2,7.40%,21.30%,17.30%,56.60%,12.10%
519,Willy Hernangomez,CHA,25,6.92,240,None,Spain,2015,2,35,58,7.3,5.4,1,-6.2,13.00%,24.00%,20.60%,58.70%,11.20%
520,Wilson Chandler,LAC,32,6.75,225,DePaul,USA,2007,1,23,51,6,4.2,1.6,4.2,4.10%,13.20%,11.50%,53.70%,8.90%
521,Yante Maten,MIA,22,6.67,240,None,USA,Undrafted,Undrafted,Undrafted,2,1,1.5,0,14.8,7.10%,9.50%,13.30%,25.00%,0.00%
522,Yogi Ferrell,SAC,26,6.00,180,Indiana,USA,Undrafted,Undrafted,Undrafted,71,5.9,1.5,1.9,-2.6,1.10%,8.50%,16.00%,55.00%,17.60%
523,Yuta Watanabe,MEM,24,6.75,205,George Washington,Japan,Undrafted,Undrafted,Undrafted,15,2.6,2.1,0.5,5.5,2.20%,15.20%,14.80%,35.20%,6.30%
524,Zach Collins,POR,21,7.00,235,Gonzaga,USA,2017,1,10,77,6.6,4.2,0.9,0.1,7.80%,14.40%,16.60%,56.20%,7.60%
525,Zach LaVine,CHI,24,6.42,200,California-Los Angeles,USA,2014,1,13,63,23.7,4.7,4.5,-6.5,1.80%,11.30%,29.80%,57.40%,22.40%
526,Zach Lofton,DET,26,6.33,180,New Mexico State,USA,Undrafted,Undrafted,Undrafted,1,0,0,0,0,0.00%,0.00%,25.00%,0.00%,0.00%
527,Zaza Pachulia,DET,35,6.92,270,None,Georgia,2003,2,42,68,3.9,3.9,1.3,-4.6,10.10%,18.40%,14.70%,53.90%,16.10%
528,Zhaire Smith,PHI,20,6.33,199,Texas Tech,USA,2018,1,16,6,6.7,2.2,1.7,7.3,2.80%,8.70%,16.60%,53.30%,10.10%
529,Zhou Qi,HOU,23,7.08,210,None,China,2016,2,43,1,2,0,0,-66.7,0.00%,0.00%,33.30%,100%,0.00%
530,Tyler Zeller,MEM,29,7.00,253,North Carolina,USA,2012,1,17,6,7.7,4,0.7,6.7,10.50%,12.30%,19.10%,60.70%,6.90%
531,Tyreke Evans,IND,29,6.50,220,Memphis,USA,2009,1,4,69,10.2,2.9,2.4,1.9,2.30%,11.40%,25.50%,48.30%,17.60%
532,Tyrone Wallace,LAC,25,6.42,198,California,USA,2016,2,60,62,3.5,1.6,0.7,3.7,3.00%,11.10%,17.40%,45.00%,9.00%
533,Tyson Chandler,LAL,36,7.08,240,None,USA,2001,1,2,55,3.1,5.6,0.7,-1.9,9.40%,21.30%,8.40%,63.00%,5.70%
534,Tyus Jones,MIN,23,6.17,196,Duke,USA,2015,1,24,68,6.9,2,4.8,-0.3,1.40%,6.90%,13.90%,49.10%,28.40%
535,Udonis Haslem,MIA,39,6.67,235,Florida,USA,Undrafted,Undrafted,Undrafted,10,2.5,2.7,0.2,-21.3,3.10%,24.00%,19.60%,36.00%,4.80%
536,Victor Oladipo,IND,27,6.33,210,Indiana,USA,2013,1,2,36,18.8,5.6,5.2,5.6,1.80%,15.40%,27.80%,51.90%,25.00%
537,Vince Carter,ATL,42,6.50,220,North Carolina,USA,1998,1,5,76,7.4,2.6,1.1,-6.3,2.10%,11.40%,16.40%,56.50%,9.70%
538,Vincent Edwards,HOU,23,6.67,225,Purdue,USA,2018,2,52,2,1.5,1,0,-6.1,5.90%,5.90%,11.10%,37.50%,0.00%
539,Wade Baldwin IV,POR,23,6.33,200,Vanderbilt,USA,2016,1,17,16,1.9,0.9,0.8,-36.8,1.80%,12.30%,22.70%,39.60%,24.00%
540,Walter Lemon Jr.,CHI,26,6.25,180,None,USA,Undrafted,Undrafted,Undrafted,6,14.3,4.5,5,-7.8,2.10%,13.60%,25.30%,46.80%,28.30%
541,Wayne Ellington,DET,31,6.42,200,North Carolina,USA,2009,1,28,53,10.3,2,1.4,-0.5,1.00%,7.30%,16.70%,56.90%,8.60%
542,Wayne Selden,CHI,24,6.42,230,Kansas,USA,Undrafted,Undrafted,Undrafted,75,6.9,2.4,1.5,-9.6,2.40%,9.80%,17.80%,49.10%,11.20%
543,Wendell Carter Jr.,CHI,20,6.83,255,West Virginia,USA,2018,1,7,44,10.3,7,1.8,-11.7,7.50%,19.80%,19.20%,54.10%,11.80%
544,Wes Iwundu,ORL,24,6.58,195,Kansas State,USA,2017,2,33,68,5,2.7,1.1,1.7,2.70%,10.80%,12.50%,53.10%,8.00%
545,Wesley Johnson,WAS,31,6.58,215,Syracuse,USA,2010,1,4,38,3.4,1.9,0.6,-7.3,2.00%,10.40%,11.50%,46.90%,5.40%
546,Wesley Matthews,IND,32,6.42,220,Marquette,USA,Undrafted,Undrafted,Undrafted,69,12.2,2.5,2.3,-2,1.50%,6.30%,17.50%,54.60%,11.30%
547,Will Barton,DEN,28,6.50,190,Memphis,USA,2012,2,40,43,11.5,4.6,2.9,0.6,2.60%,13.70%,19.50%,50.10%,14.60%
548,Willie Cauley-Stein,SAC,25,7.00,240,Kentucky,USA,2015,1,6,81,11.9,8.4,2.4,1.2,7.40%,21.30%,17.30%,56.60%,12.10%
549,Willy Hernangomez,CHA,25,6.92,240,None,Spain,2015,2,35,58,7.3,5.4,1,-6.2,13.00%,24.00%,20.60%,58.70%,11.20%
550,Wilson Chandler,LAC,32,6.75,225,DePaul,USA,2007,1,23,51,6,4.2,1.6,4.2,4.10%,13.20%,11.50%,53.70%,8.90%
551,Yante Maten,MIA,22,6.67,240,None,USA,Undrafted,Undrafted,Undrafted,2,1,1.5,0,14.8,7.10%,9.50%,13.30%,25.00%,0.00%
552,Yogi Ferrell,SAC,26,6.00,180,Indiana,USA,Undrafted,Undrafted,Undrafted,71,5.9,1.5,1.9,-2.6,1.10%,8.50%,16.00%,55.00%,17.60%
553,Yuta Watanabe,MEM,24,6.75,205,George Washington,Japan,Undrafted,Undrafted,Undrafted,15,2.6,2.1,0.5,5.5,2.20%,15.20%,14.80%,35.20%,6.30%
554,Zach Collins,POR,21,7.00,235,Gonzaga,USA,2017,1,10,77,6.6,4.2,0.9,0.1,7.80%,14.40%,16.60%,56.20%,7.60%
555,Zach LaVine,CHI,24,6.42,200,California-Los Angeles,USA,2014,1,13,63,23.7,4.7,4.5,-6.5,1.80%,11.30%,29.80%,57.40%,22.40%
556,Zach Lofton,DET,26,6.33,180,New Mexico State,USA,Undrafted,Undrafted,Undrafted,1,0,0,0,0,0.00%,0.00%,25.00%,0.00%,0.00%
557,Zaza Pachulia,DET,35,6.92,270,None,Georgia,2003,2,42,68,3.9,3.9,1.3,-4.6,10.10%,18.40%,14.70%,53.90%,16.10%
558,Zhaire Smith,PHI,20,6.33,199,Texas Tech,USA,2018,1,16,6,6.7,2.2,1.7,7.3,2.80%,8.70%,16.60%,53.30%,10.10%
559,Zhou Qi,HOU,23,7.08,210,None,China,2016,2,43,1,2,0,0,-66.7,0.00%,0.00%,33.30%,100%,0.00%
560,Tyler Zeller,MEM,29,7.00,253,North Carolina,USA,2012,1,17,6,7.7,4,0.7,6.7,10.50%,12.30%,19.10%,60.70%,6.90%
561,Tyreke Evans,IND,29,6.50,220,Memphis,USA,2009,1,4,69,10.2,2.9,2.4,1.9,2.30%,11.40%,25.50%,48.30%,17.60%
562,Tyrone Wallace,LAC,25,6.42,198,California,USA,2016,2,60,62,3.5,1.6,0.7,3.7,3.00%,11.10%,17.40%,45.00%,9.00%
563,Tyson Chandler,LAL,36,7.08,240,None,USA,2001,1,2,55,3.1,5.6,0.7,-1.9,9.40%,21.30%,8.40%,63.00%,5.70%
564,Tyus Jones,MIN,23,6.17,196,Duke,USA,2015,1,24,68,6.9,2,4.8,-0.3,1.40%,6.90%,13.90%,49.10%,28.40%
565,Udonis Haslem,MIA,39,6.67,235,Florida,USA,Undrafted,Undrafted,Undrafted,10,2.5,2.7,0.2,-21.3,3.10%,24.00%,19.60%,36.00%,4.80%
566,Victor Oladipo,IND,27,6.33,210,Indiana,USA,2013,1,2,36,18.8,5.6,5.2,5.6,1.80%,15.40%,27.80%,51.90%,25.00%
567,Vince Carter,ATL,42,6.50,220,North Carolina,USA,1998,1,5,76,7.4,2.6,1.1,-6.3,2.10%,11.40%,16.40%,56.50%,9.70%
568,Vincent Edwards,HOU,23,6.67,225,Purdue,USA,2018,2,52,2,1.5,1,0,-6.1,5.90%,5.90%,11.10%,37.50%,0.00%
569,Wade Baldwin IV,POR,23,6.33,200,Vanderbilt,USA,2016,1,17,16,1.9,0.9,0.8,-36.8,1.80%,12.30%,22.70%,39.60%,24.00%
570,Walter Lemon Jr.,CHI,26,6.25,180,None,USA,Undrafted,Undrafted,Undrafted,6,14.3,4.5,5,-7.8,2.10%,13.60%,25.30%,46.80%,28.30%
571,Wayne Ellington,DET,31,6.42,200,North Carolina,USA,2009,1,28,53,10.3,2,1.4,-0.5,1.00%,7.30%,16.70%,56.90%,8.60%
572,Wayne Selden,CHI,24,6.42,230,Kansas,USA,Undrafted,Undrafted,Undrafted,75,6.9,2.4,1.5,-9.6,2.40%,9.80%,17.80%,49.10%,11.20%
573,Wendell Carter Jr.,CHI,20,6.83,255,West Virginia,USA,2018,1,7,44,10.3,7,1.8,-11.7,7.50%,19.80%,19.20%,54.10%,11.80%
574,Wes Iwundu,ORL,24,6.58,195,Kansas State,USA,2017,2,33,68,5,2.7,1.1,1.7,2.70%,10.80%,12.50%,53.10%,8.00%
575,Wesley Johnson,WAS,31,6.58,215,Syracuse,USA,2010,1,4,38,3.4,1.9,0.6,-7.3,2.00%,10.40%,11.50%,46.90%,5.40%
576,Wesley Matthews,IND,32,6.42,220,Marquette,USA,Undrafted,Undrafted,Undrafted,69,12.2,2.5,2.3,-2,1.50%,6.30%,17.50%,54.60%,11.30%
577,Will Barton,DEN,28,6.50,190,Memphis,USA,2012,2,40,43,11.5,4.6,2.9,0.6,2.60%,13.70%,19.50%,50.10%,14.60%
578,Willie Cauley-Stein,SAC,25,7.00,240,Kentucky,USA,2015,1,6,81,11.9,8.4,2.4,1.2,7.40%,21.30%,17.30%,56.60%,12.10%
579,Willy Hernangomez,CHA,25,6.92,240,None,Spain,2015,2,35,58,7.3,5.4,1,-6.2,13.00%,24.00%,20.60%,58.70%,11.20%
580,Wilson Chandler,LAC,32,6.75,225,DePaul,USA,2007,1,23,51,6,4.2,1.6,4.2,4.10%,13.20%,11.50%,53.70%,8.90%
581,Yante Maten,MIA,22,6.67,240,None,USA,Undrafted,Undrafted,Undrafted,2,1,1.5,0,14.8,7.10%,9.50%,13.30%,25.00%,0.00%
582,Yogi Ferrell,SAC,26,6.00,180,Indiana,USA,Undrafted,Undrafted,Undrafted,71,5.9,1.5,1.9,-2.6,1.10%,8.50%,16.00%,55.00%,17.60%
583,Yuta Watanabe,MEM,24,6.75,205,George Washington,Japan,Undrafted,Undrafted,Undrafted,15,2.6,2.1,0.5,5.5,2.20%,15.20%,14.80%,35.20%,6.30%
584,Zach Collins,POR,21,7.00,235,Gonzaga,USA,2017,1,10,77,6.6,4.2,0.9,0.1,7.80%,14.40%,16.60%,56.20%,7.60%
585,Zach LaVine,CHI,24,6.42,200,California-Los Angeles,USA,2014,1,13,63,23.7,4.7,4.5,-6.5,1.80%,11.30%,29.80%,57.40%,22.40%
586,Zach Lofton,DET,26,6.33,180,New Mexico State,USA,Undrafted,Undrafted,Undrafted,1,0,0,0,0,0.00%,0.00%,25.00%,0.00%,0.00%
587,Zaza Pachulia,DET,35,6.92,270,None,Georgia,2003,2,42,68,3.9,3.9,1.3,-4.6,10.10%,18.40%,14.70%,53.90%,16.10%
588,Zhaire Smith,PHI,20,6.33,199,Texas Tech,USA,2018,1,16,6,6.7,2.2,1.7,7.3,2.80%,8.70%,16.60%,53.30%,10.10%
589,Zhou Qi,HOU,23,7.08,210,None,China,2016,2,43,1,2,0,0,-66.7,0.00%,0.00%,33.30%,100%,0.00%
590,Tyler Zeller,MEM,29,7.00,253,North Carolina,USA,2012,1,17,6,7.7,4,0.7,6.7,10.50%,12.30%,19.10%,60.70%,6.90%
591,Tyreke Evans,IND,29,6.50,220,Memphis,USA,2009,1,4,69,10.2,2.9,2.4,1.9,2.30%,11.40%,25.50%,48.30%,17.60%
592,Tyrone Wallace,LAC,25,6.42,198,California,USA,2016,2,60,62,3.5,1.6,0.7,3.7,3.00%,11.10%,17.40%,45.00%,9.00%
593,Tyson Chandler,LAL,36,7.08,240,None,USA,2001,1,2,55,3.1,5.6,0.7,-1.9,9.40%,21.30%,8.40%,63.00%,5.70%
594,Tyus Jones,MIN,23,6.17,196,Duke,USA,2015,1,24,68,6.9,2,4.8,-0.3,1.40%,6.90%,13.90%,49.10%,28.40%
595,Udonis Haslem,MIA,39,6.67,235,Florida,USA,Undrafted,Undrafted,Undrafted,10,2.5,2.7,0.2,-21.3,3.10%,24.00%,19.60%,36.00%,4.80%
596,Victor Oladipo,IND,27,6.33,210,Indiana,USA,2013,1,2,36,18.8,5.6,5.2,5.6,1.80%,15.40%,27.80%,51.90%,25.00%
597,Vince Carter,ATL,42,6.50,220,North Carolina,USA,1998,1,5,76,7.4,2.6,1.1,-6.3,2.10%,11.40%,16.40%,56.50%,9.70%
598,Vincent Edwards,HOU,23,6.67,225,Purdue,USA,2018,2,52,2,1.5,1,0,-6.1,5.90%,5.90%,11.10%,37.50%,0.00%
599,Wade Baldwin IV,POR,23,6.33,200,Vanderbilt,USA,2016,1,17,16,1.9,0.9,0.8,-36.8,1.80%,12.30%,22.70%,39.60%,24.00%
600,Walter Lemon Jr.,CHI,26,6.25,180,None,USA,Undrafted,Undrafted,Undrafted,6,14.3,4.5,5,-7.8,2.10%,13.60%,25.30%,46.80%,28.30%
601,Wayne Ellington,DET,31,6.42,200,North Carolina,USA,2009,1,28,53,10.3,2,1.4,-0.5,1.00%,7.30%,16.70%,56.90%,8.60%
602,Wayne Selden,CHI,24,6.42,230,Kansas,USA,Undrafted,Undrafted,Undrafted,75,6.9,2.4,1.5,-9.6,2.40%,9.80%,17.80%,49.10%,11.20%
603,Wendell Carter Jr.,CHI,20,6.83,255,West Virginia,USA,2018,1,7,44,10.3,7,1.8,-11.7,7.50%,19.80%,19.20%,54.10%,11.80%
604,Wes Iwundu,ORL,24,6.58,195,Kansas State,USA,2017,2,33,68,5,2.7,1.1,1.7,2.70%,10.80%,12.50%,53.10%,8.00%
605,Wesley Johnson,WAS,31,6.58,215,Syracuse,USA,2010,1,4,38,3.4,1.9,0.6,-7.3,2.00%,10.40%,11.50%,46.90%,5.40%
606,Wesley Matthews,IND,32,6.42,220,Marquette,USA,Undrafted,Undrafted,Undrafted,69,12.2,2.5,2.3,-2,1.50%,6.30%,17.50%,54.60%,11.30%
607,Will Barton,DEN,28,6.50,190,Memphis,USA,2012,2,40,43,11.5,4.6,2.9,0.6,2.60%,13.70%,19.50%,50.10%,14.60%
608,Willie Cauley-Stein,SAC,25,7.00,240,Kentucky,USA,2015,1,6,81,11.9,8.4,2.4,1.2,7.40%,21.30%,17.30%,56.60%,12.10%
609,Willy Hernangomez,CHA,25,6.92,240,None,Spain,2015,2,35,58,7.3,5.4,1,-6.2,13.00%,24.00%,20.60%,58.70%,11.20%
610,Wilson Chandler,LAC,32,6.75,225,DePaul,USA,2007,1,23,51,6,4.2,1.6,4.2,4.10%,13.20%,11.50%,53.70%,8.90%
611,Yante Maten,MIA,22,6.67,240,None,USA,Undrafted,Undrafted,Undrafted,2,1,1.5,0,14.8,7.10%,9.50%,13.30%,25.00%,0.00%
612,Yogi Ferrell,SAC,26,6.00,180,Indiana,USA,Undrafted,Undrafted,Undrafted,71,5.9,1.5,1.9,-2.6,1.10%,8.50%,16.00%,55.00%,17.60%
613,Yuta Watanabe,MEM,24,6.75,205,George Washington,Japan,Undrafted,Undrafted,Undrafted,15,2.6,2.1,0.5,5.5,2.20%,15.20%,14.80%,35.20%,6.30%
614,Zach Collins,POR,21,7.00,235,Gonzaga,USA,2017,1,10,77,6.6,4.2,0.9,0.1,7.80%,14.40%,16.60%,56.20%,7.60%
615,Zach LaVine,CHI,24,6.42,200,California-Los Angeles,USA,2014,1,13,63,23.7,4.7,4.5,-6.5,1.80%,11.30%,29.80%,57.40%,22.40%
616,Zach Lofton,DET,26,6.33,180,New Mexico State,USA,Undrafted,Undrafted,Undrafted,1,0,0,0,0,0.00%,0.00%,25.00%,0.00%,0.00%
617,Zaza Pachulia,DET,35,6.92,270,None,Georgia,2003,2,42,68,3.9,3.9,1.3,-4.6,10.10%,18.40%,14.70%,53.90%,16.10%
618,Zhaire Smith,PHI,20,6.33,199,Texas Tech,USA,2018,1,16,6,6.7,2.2,1.7,7.3,2.80%,8.70%,16.60%,53.30%,10.10%
619,Zhou Qi,HOU,23,7.08,210,None,China,2016,2,43,1,2,0,0,-66.7,0.00%,0.00%,33.30%,100%,0.00%
620,Tyler Zeller,MEM,29,7.00,253,North Carolina,USA,2012,1,17,6,7.7,4,0.7,6.7,10.50%,12.30%,19.10%,60.70%,6.90%
621,Tyreke Evans,IND,29,6.50,220,Memphis,USA,2009,1,4,69,10.2,2.9,2.4,1.9,2.30%,11.40%,25.50%,48.30%,17.60%
622,Tyrone Wallace,LAC,25,6.42,198,California,USA,2016,2,60,62,3.5,1.6,0.7,3.7,3.00%,11.10%,17.40%,45.00%,9.00%
623,Tyson Chandler,LAL,36,7.08,240,None,USA,2001,1,2,55,3.1,5.6,0.7,-1.9,9.40%,21.30%,8.40%,63.00%,5.70%
624,Tyus Jones,MIN,23,6.17,196,Duke,USA,2015,1,24,68,6.9,2,4.8,-0.3,1.40%,6.90%,13.90%,49.10%,28.40%
625,Udonis Haslem,MIA,39,6.67,235,Florida,USA,Undrafted,Undrafted,Undrafted,10,2.5,2.7,0.2,-21.3,3.10%,24.00%,19.60%,36.00%,4.80%
626,Victor Oladipo,IND,27,6.33,210,Indiana,USA,2013,1,2,36,18.8,5.6,5.2,5.6,1.80%,15.40%,27.80%,51.90%,25.00%
627,Vince Carter,ATL,42,6.50,220,North Carolina,USA,1998,1,5,76,7.4,2.6,1.1,-6.3,2.10%,11.40%,16.40%,56.50%,9.70%
628,Vincent Edwards,HOU,23,6.67,225,Purdue,USA,2018,2,52,2,1.5,1,0,-6.1,5.90%,5.90%,11.10%,37.50%,0.00%
629,Wade Baldwin IV,POR,23,6.33,200,Vanderbilt,USA,2016,1,17,16,1.9,0.9,0.8,-36.8,1.80%,12.30%,22.70%,39.60%,24.00%
630,Walter Lemon Jr.,CHI,26,6.25,180,None,USA,Undrafted,Undrafted,Undrafted,6,14.3,4.5,5,-7.8,2.10%,13.60%,25.30%,46.80%,28.30%
631,Wayne Ellington,DET,31,6.42,200,North Carolina,USA,2009,1,28,53,10.3,2,1.4,-0.5,1.00%,7.30%,16.70%,56.90%,8.60%
632,Wayne Selden,CHI,24,6.42,230,Kansas,USA,Undrafted,Undrafted,Undrafted,75,6.9,2.4,1.5,-9.6,2.40%,9.80%,17.80%,49.10%,11.20%
633,Wendell Carter Jr.,CHI,20,6.83,255,West Virginia,USA,2018,1,7,44,10.3,7,1.8,-11.7,7.50%,19.80%,19.20%,54.10%,11.80%
634,Wes Iwundu,ORL,24,6.58,195,Kansas State,USA,2017,2,33,68,5,2.7,1.1,1.7,2.70%,10.80%,12.50%,53.10%,8.00%
635,Wesley Johnson,WAS,31,6.58,215,Syracuse,USA,2010,1,4,38,3.4,1.9,0.6,-7.3,2.00%,10.40%,11.50%,46.90%,5.40%
636,Wesley Matthews,IND,32,6.42,220,Marquette,USA,Undrafted,Undrafted,Undrafted,69,12.2,2.5,2.3,-2,1.50%,6.30%,17.50%,54.60%,11.30%
637,Will Barton,DEN,28,6.50,190,Memphis,USA,2012,2,40,43,11.5,4.6,2.9,0.6,2.60%,13.70%,19.50%,50.10%,14.60%
638,Willie Cauley-Stein,SAC,25,7.00,240,Kentucky,USA,2015,1,6,81,11.9,8.4,2.4,1.2,7.40%,21.30%,17.30%,56.60%,12.10%
639,Willy Hernangomez,CHA,25,6.92,240,None,Spain,2015,2,35,58,7.3,5.4,1,-6.2,13.00%,24.00%,20.60%,58.70%,11.20%
640,Wilson Chandler,LAC,32,6.75,225,DePaul,USA,2007,1,23,51,6,4.2,1.6,4.2,4.10%,13.20%,11.50%,53.70%,8.90%
641,Yante Maten,MIA,22,6.67,240,None,USA,Undrafted,Undrafted,Undrafted,2,1,1.5,0,14.8,7.10%,9.50%,13.30%,25.00%,0.00%
642,Yogi Ferrell,SAC,26,6.00,180,Indiana,USA,Undrafted,Undrafted,Undrafted,71,5.9,1.5,1.9,-2.6,1.10%,8.50%,16.00%,55.00%,17.60%
643,Yuta Watanabe,MEM,24,6.75,205,George Washington,Japan,Undrafted,Undrafted,Undrafted,15,2.6,2.1,0.5,5.5,2.20%,15.20%,14.80%,35.20%,6.30%
644,Zach Collins,POR,21,7.00,235,Gonzaga,USA,2017,1,10,77,6.6,4.2,0.9,0.1,7.80%,14.40%,16.60%,56.20%,7.60%
645,Zach LaVine,CHI,24,6.42,200,California-Los Angeles,USA,2014,1,13,63,23.7,4.7,4.5,-6.5,1.80%,11.30%,29.80%,57.40%,22.40%
646,Zach Lofton,DET,26,6.33,180,New Mexico State,USA,Undrafted,Undrafted,Undrafted,1,0,0,0,0,0.00%,0.00%,25.00%,0.00%,0.00%
647,Zaza Pachulia,DET,35,6.92,270,None,Georgia,2003,2,42,68,3.9,3.9,1.3,-4.6,10.10%,18.40%,14.70%,53.90%,16.10%
648,Zhaire Smith,PHI,20,6.33,199,Texas Tech,USA,2018,1,16,6,6.7,2.2,1.7,7.3,2.80%,8.70%,16.60%,53.30%,10.10%
649,Zhou Qi,HOU,23,7.08,210,None,China,2016,2,43,1,2,0,0,-66.7,0.00%,0.00%,33.30%,100%,0.00%
