,0,1,2,3,4,5,6,7,8,9,10,11
0,RK,PLAYER,TEAM,GP,G,A,PTS,+/-,TOI/G,SHFT,SHFT/G,PROD
1,1,"Ryan Suter, D",MIN,82,7,40,47,-8,26:42,2222,27.1,46:34
2,2,"Drew Doughty, D",LA,82,8,37,45,-34,26:36,2393,29.2,48:27
3,3,"Kris Letang, D",PIT,65,16,40,56,13,25:58,1923,29.6,30:07
4,4,"Seth Jones, D",CBJ,75,9,37,46,1,25:49,2214,29.5,42:06
5,5,"Roman Josi, D",NSH,82,15,41,56,9,25:10,2359,28.8,36:51
6,6,"Ivan Provorov, D",PHI,82,7,19,26,-16,25:07,2369,28.9,79:12
7,7,"Brent Burns, D",SJ,82,16,67,83,13,25:06,2200,26.8,24:47
8,8,"John Carlson, D",WSH,80,13,57,70,21,25:04,2041,25.5,28:38
9,9,"Rasmus Ristolainen, D",BUF,78,5,38,43,-41,24:38,2076,26.6,44:41
10,10,"Alexander Edler, D",VAN,56,10,24,34,3,24:34,1683,30.1,40:28
11,RK,PLAYER,TEAM,GP,G,A,PTS,+/-,TOI/G,SHFT,SHFT/G,PROD
12,11,"John Klingberg, D",DAL,64,10,35,45,6,24:32,1719,26.9,34:53
13,12,"Erik Karlsson, D",SJ,53,3,42,45,6,24:29,1384,26.1,28:50
14,13,"Dustin Byfuglien, D",WPG,42,4,27,31,4,24:22,991,23.6,33:00
15,14,"Esa Lindell, D",DAL,82,11,21,32,14,24:20,2314,28.2,62:20
16,15,"Thomas Chabot, D",OTT,70,14,41,55,-12,24:17,1936,27.7,30:54
17,16,"Mark Giordano, D",CGY,78,17,57,74,39,24:14,2177,27.9,25:33
18,17,"Jared Spurgeon, D",MIN,82,14,29,43,-1,24:09,2170,26.5,46:02
19,18,"Alex Pietrangelo, D",STL,71,13,28,41,2,24:05,2061,29.0,41:41
20,19,"Ryan Ellis, D",NSH,82,7,34,41,21,24:01,2320,28.3,48:01
21,20,"Hampus Lindholm, D",ANA,76,6,22,28,-5,24:00,2281,30.0,65:07
22,RK,PLAYER,TEAM,GP,G,A,PTS,+/-,TOI/G,SHFT,SHFT/G,PROD
23,21,"Oscar Klefbom, D",EDM,61,5,23,28,-11,23:59,1695,27.8,52:14
24,22,"Darnell Nurse, D",EDM,82,10,31,41,-5,23:49,2306,28.1,47:38
25,23,"Aaron Ekblad, D",FLA,82,13,24,37,1,23:39,2468,30.1,52:24
26,24,"Oliver Ekman-Larsson, D",ARI,81,14,30,44,-16,23:38,2231,27.5,43:31
27,25,"Shea Weber, D",MTL,58,14,19,33,15,23:29,1572,27.1,41:16
28,26,"Matt Dumba, D",MIN,32,12,10,22,-5,23:23,799,25.0,34:00
29,27,"Cam Fowler, D",ANA,59,5,18,23,-14,23:22,1727,29.3,59:56
30,28,"Mattias Ekholm, D",NSH,80,8,36,44,27,23:22,2288,28.6,42:28
31,29,"Morgan Rielly, D",TOR,82,20,52,72,24,23:07,2364,28.8,26:20
32,30,"Jeff Petry, D",MTL,82,13,33,46,-5,23:07,2185,26.6,41:12
33,RK,PLAYER,TEAM,GP,G,A,PTS,+/-,TOI/G,SHFT,SHFT/G,PROD
34,31,"Miro Heiskanen, D",DAL,82,12,21,33,-14,23:07,2282,27.8,57:26
35,32,"Jaccob Slavin, D",CAR,82,8,23,31,0,23:02,2203,26.9,60:56
36,33,"Duncan Keith, D",CHI,82,6,34,40,13,23:01,2272,27.7,47:11
37,34,"Zach Werenski, D",CBJ,82,11,33,44,-12,22:54,2250,27.4,42:40
38,35,"Jacob Trouba, D",WPG,82,8,42,50,8,22:53,1997,24.4,37:31
39,36,"Connor McDavid, C",EDM,78,41,75,116,3,22:50,1998,25.6,15:21
40,37,"Colton Parayko, D",STL,80,10,18,28,20,22:47,2329,29.1,65:05
41,38,"Victor Hedman, D",TB,70,12,42,54,24,22:46,1734,24.8,29:31
42,39,"P.K. Subban, D",NSH,63,9,22,31,5,22:40,1731,27.5,46:03
43,40,"Leon Draisaitl, C",EDM,82,50,55,105,2,22:35,2126,25.9,17:38
44,RK,PLAYER,TEAM,GP,G,A,PTS,+/-,TOI/G,SHFT,SHFT/G,PROD
45,41,"Erik Gustafsson, D",CHI,79,17,43,60,-6,22:35,2019,25.6,29:44
46,42,"Cody Ceci, D",OTT,74,7,19,26,-22,22:34,2048,27.7,64:12
47,43,"Patrick Kane, RW",CHI,81,44,66,110,2,22:29,1912,23.6,16:33
48,44,"Brandon Montour, D",BUF/ANA,82,8,27,35,-20,22:27,2252,27.5,52:35
49,45,"Keith Yandle, D",FLA,82,9,53,62,-17,22:27,2304,28.1,29:41
50,46,"Justin Faulk, D",CAR,82,11,24,35,9,22:25,2150,26.2,52:32
51,47,"Josh Morrissey, D",WPG,59,6,25,31,9,22:24,1439,24.4,42:38
52,48,"Ryan Pulock, D",NYI,82,9,28,37,21,22:22,2278,27.8,49:33
53,49,"Ben Hutton, D",VAN,69,5,15,20,-23,22:21,1908,27.7,77:07
54,50,"Aleksander Barkov, C",FLA,82,35,61,96,-3,22:21,2218,27.0,19:05
55,RK,PLAYER,TEAM,GP,G,A,PTS,+/-,TOI/G,SHFT,SHFT/G,PROD
56,51,"Michael Matheson, D",FLA,75,8,19,27,-24,22:19,2126,28.3,61:59
57,52,"Josh Manson, D",ANA,74,3,13,16,-8,22:18,2099,28.4,103:10
58,53,"Anze Kopitar, C",LA,81,22,38,60,-20,22:18,2146,26.5,30:06
59,54,"Charlie McAvoy, D",BOS,54,7,21,28,14,22:10,1448,26.8,42:45
60,55,"Sean Couturier, C",PHI,80,33,43,76,2,22:08,2143,26.8,23:17
61,56,"Nathan MacKinnon, C",COL,82,41,58,99,20,22:05,2024,24.7,18:17
62,57,"Ryan McDonagh, D",TB,82,9,37,46,38,22:05,2066,25.2,39:22
63,58,"Damon Severson, D",NJ,82,11,28,39,-27,22:03,2155,26.3,46:20
64,59,"Danny DeKeyser, D",DET,52,5,15,20,2,21:58,1479,28.4,57:06
65,60,"Nate Schmidt, D",VGS,61,9,21,30,22,21:57,1576,25.8,44:38
66,RK,PLAYER,TEAM,GP,G,A,PTS,+/-,TOI/G,SHFT,SHFT/G,PROD
67,61,"Matt Niskanen, D",WSH,80,8,17,25,-3,21:56,1909,23.9,70:10
68,62,"Mark Scheifele, C",WPG,82,38,46,84,8,21:52,1969,24.0,21:20
69,63,"Dylan Larkin, C",DET,76,32,41,73,-6,21:51,1973,26.0,22:44
70,64,"Erik Johnson, D",COL,80,7,18,25,8,21:49,2157,27.0,69:48
71,65,"Tyson Barrie, D",COL,78,14,45,59,-3,21:47,1850,23.7,28:47
72,66,"Sami Vatanen, D",NJ,50,4,13,17,-17,21:44,1317,26.3,63:54
73,67,"Mike Green, D",DET,43,5,21,26,-1,21:41,1185,27.6,35:51
74,68,"Dmitry Orlov, D",WSH,82,3,26,29,3,21:38,1914,23.3,61:10
75,69,"Zach Bogosian, D",BUF,65,3,16,19,-5,21:38,1574,24.2,73:59
76,70,"Adam Larsson, D",EDM,82,3,17,20,-28,21:37,2243,27.4,88:39
77,RK,PLAYER,TEAM,GP,G,A,PTS,+/-,TOI/G,SHFT,SHFT/G,PROD
78,71,"Nick Leddy, D",NYI,82,4,22,26,0,21:33,2133,26.0,67:57
79,72,"T.J. Brodie, D",CGY,79,9,25,34,29,21:28,2084,26.4,49:53
80,73,"Claude Giroux, LW",PHI,82,22,63,85,9,21:27,2138,26.1,20:42
81,74,"Ryan Murray, D",CBJ,56,1,28,29,20,21:26,1501,26.8,41:24
82,75,"Alec Martinez, D",LA,60,4,14,18,-2,21:22,1578,26.3,71:12
83,76,"Jake Muzzin, D",LA/TOR,80,9,28,37,21,21:20,2210,27.6,46:08
84,77,"Torey Krug, D",BOS,64,6,47,53,-2,21:18,1599,25.0,25:43
85,78,"Brady Skjei, D",NYR,78,8,17,25,-4,21:14,2141,27.4,66:15
86,79,"Jake Gardiner, D",TOR,62,3,27,30,19,21:13,1635,26.4,43:50
87,80,"Neal Pionk, D",NYR,73,6,20,26,-16,21:10,1998,27.4,59:25
88,RK,PLAYER,TEAM,GP,G,A,PTS,+/-,TOI/G,SHFT,SHFT/G,PROD
89,81,"Rasmus Dahlin, D",BUF,82,9,35,44,-13,21:09,1905,23.2,39:25
90,82,"Gabriel Landeskog, LW",COL,73,34,41,75,17,21:09,1711,23.4,20:35
91,83,"Zdeno Chara, D",BOS,62,5,9,14,22,21:05,1515,24.4,93:20
92,84,"Jimmy Schuldt, D",VGS,1,0,1,1,-1,21:03,22,22.0,21:03
93,85,"Marc-Edouard Vlasic, D",SJ,72,3,22,25,-6,21:03,1847,25.7,60:36
94,86,"Brian Dumoulin, D",PIT,76,3,20,23,31,21:02,2110,27.8,69:28
95,87,"Jonathan Toews, C",CHI,82,35,46,81,2,21:00,2090,25.5,21:16
96,88,"Sidney Crosby, C",PIT,79,35,65,100,18,21:00,2036,25.8,16:35
97,89,"Brandon Carlo, D",BOS,72,2,8,10,22,20:55,1840,25.6,150:38
98,90,"Alex Ovechkin, LW",WSH,81,51,38,89,7,20:55,1682,20.8,19:02
99,RK,PLAYER,TEAM,GP,G,A,PTS,+/-,TOI/G,SHFT,SHFT/G,PROD
100,91,"Travis Hamonic, D",CGY,69,7,12,19,21,20:52,1758,25.5,75:46
101,92,"Mikko Rantanen, RW",COL,74,31,56,87,13,20:51,1704,23.0,17:43
102,93,"Bo Horvat, C",VAN,82,27,34,61,-4,20:50,2217,27.0,28:00
103,94,"Andy Greene, D",NJ,82,5,20,25,-9,20:50,2027,24.7,68:20
104,95,"Alex Goligoski, D",ARI,76,3,24,27,-7,20:49,1878,24.7,58:35
105,96,"Noah Hanifin, D",CGY,80,5,28,33,18,20:46,2075,25.9,50:21
106,97,"Ryan O'Reilly, C",STL,82,28,49,77,22,20:46,2103,25.6,22:06
107,98,"Tyler Seguin, C",DAL,82,33,47,80,17,20:45,2278,27.8,21:16
108,99,"Derek Forbort, D",LA,81,2,12,14,-13,20:45,2075,25.6,120:00
109,100,"Jay Bouwmeester, D",STL,78,3,14,17,-3,20:44,2077,26.6,95:07
110,RK,PLAYER,TEAM,GP,G,A,PTS,+/-,TOI/G,SHFT,SHFT/G,PROD
111,101,"Blake Wheeler, RW",WPG,82,20,71,91,0,20:43,1979,24.1,18:39
112,102,"Mika Zibanejad, C",NYR,82,30,44,74,-12,20:34,2084,25.4,22:46
113,103,"Jonas Brodin, D",MIN,82,4,14,18,-15,20:33,1997,24.4,93:35
114,104,"Anton Stralman, D",TB,47,2,15,17,12,20:31,1113,23.7,56:44
115,105,"Justin Schultz, D",PIT,29,2,13,15,0,20:30,767,26.4,39:38
116,106,"Brett Pesce, D",CAR,73,7,22,29,35,20:29,1826,25.0,51:34
117,107,"Nikita Zaitsev, D",TOR,81,3,11,14,2,20:28,2145,26.5,118:27
118,108,"Jack Eichel, C",BUF,77,28,54,82,-11,20:26,1756,22.8,19:11
119,109,"Kris Russell, D",EDM,72,3,13,16,5,20:26,1858,25.8,91:55
120,110,"Dustin Brown, RW",LA,72,22,29,51,-17,20:24,1823,25.3,28:48
121,RK,PLAYER,TEAM,GP,G,A,PTS,+/-,TOI/G,SHFT,SHFT/G,PROD
122,111,"Tyler Myers, D",WPG,80,9,22,31,11,20:21,1806,22.6,52:30
123,112,"Justin Braun, D",SJ,78,2,14,16,-14,20:18,1957,25.1,98:59
124,113,"Ron Hainsey, D",TOR,81,5,18,23,30,20:15,2181,26.9,71:20
125,114,"Jakob Chychrun, D",ARI,53,5,15,20,-12,20:15,1235,23.3,53:40
126,115,"Chris Tanev, D",VAN,55,2,10,12,3,20:10,1530,27.8,92:26
127,116,"Sebastian Aho, LW",CAR,82,30,53,83,25,20:09,2008,24.5,19:54
128,117,"Shea Theodore, D",VGS,79,12,25,37,-4,20:06,1938,24.5,42:55
129,118,"Ryan Nugent-Hopkins, C",EDM,82,28,41,69,-13,20:06,1997,24.4,23:53
130,119,"Johnny Gaudreau, LW",CGY,82,36,63,99,18,20:04,1923,23.5,16:37
131,120,"Elias Lindholm, C",CGY,81,27,51,78,30,20:02,2062,25.5,20:48
132,RK,PLAYER,TEAM,GP,G,A,PTS,+/-,TOI/G,SHFT,SHFT/G,PROD
133,121,"Jason Demers, D",ARI,35,2,6,8,9,20:00,909,26.0,87:28
134,122,"Nikita Kucherov, RW",TB,82,41,87,128,24,19:58,1765,21.5,12:47
135,123,"Filip Hronek, D",DET,46,5,18,23,-10,19:58,1201,26.1,39:55
136,124,"Niklas Kronwall, D",DET,79,3,24,27,-5,19:57,2047,25.9,58:22
137,125,"Nicklas Backstrom, C",WSH,80,22,52,74,2,19:57,1759,22.0,21:34
138,126,"Troy Stecher, D",VAN,78,2,21,23,9,19:55,1915,24.6,67:32
139,127,"Samuel Girard, D",COL,82,4,23,27,8,19:54,1966,24.0,60:24
140,128,"Mark Stone, RW",OTT/VGS,77,33,40,73,17,19:53,1782,23.1,20:58
141,129,"Deryk Engelland, D",VGS,74,2,10,12,-3,19:53,1740,23.5,122:34
142,130,"Artemi Panarin, LW",CBJ,79,28,59,87,14,19:51,1816,23.0,18:01
143,RK,PLAYER,TEAM,GP,G,A,PTS,+/-,TOI/G,SHFT,SHFT/G,PROD
144,131,"Nick Jensen, D",DET/WSH,80,2,18,20,4,19:51,2004,25.1,79:24
145,132,"Mats Zuccarello, RW",DAL/NYR,48,12,28,40,-8,19:51,1129,23.5,23:49
146,133,"David Schlemko, D",MTL/PHI,18,0,2,2,-1,19:51,469,26.1,178:36
147,134,"Mitch Marner, C",TOR,82,26,68,94,22,19:49,2066,25.2,17:17
148,135,"Caleb Jones, D",EDM,17,1,5,6,-9,19:48,434,25.5,56:05
149,136,"Alexander Radulov, RW",DAL,70,29,43,72,22,19:47,1768,25.3,19:14
150,137,"Ian Cole, D",COL,71,2,13,15,-1,19:45,1682,23.7,93:30
151,138,"David Savard, D",CBJ,82,8,16,24,19,19:45,2083,25.4,67:27
152,139,"Niklas Hjalmarsson, D",ARI,82,0,10,10,8,19:42,2047,25.0,161:31
153,140,"Taylor Hall, LW",NJ,33,11,26,37,-6,19:41,727,22.0,17:33
154,RK,PLAYER,TEAM,GP,G,A,PTS,+/-,TOI/G,SHFT,SHFT/G,PROD
155,141,"Dougie Hamilton, D",CAR,82,18,21,39,0,19:40,1994,24.3,41:21
156,142,"Vincent Trocheck, C",FLA,55,10,24,34,-9,19:40,1366,24.8,31:48
157,143,"Shayne Gostisbehere, D",PHI,78,9,28,37,-20,19:40,1772,22.7,41:26
158,144,"Colin Miller, D",VGS,65,3,26,29,0,19:39,1581,24.3,44:02
159,145,"Brad Marchand, LW",BOS,79,36,64,100,15,19:37,1821,23.1,15:30
160,146,"Travis Sanheim, D",PHI,82,9,26,35,-4,19:34,2011,24.5,45:49
161,147,"Ryan Johansen, C",NSH,80,14,50,64,7,19:33,2000,25.0,24:26
162,148,"Connor Murphy, D",CHI,52,5,8,13,12,19:29,1352,26.0,77:57
163,149,"Brayden McNabb, D",VGS,81,4,12,16,11,19:29,1927,23.8,98:36
164,150,"Ryan Getzlaf, C",ANA,67,14,34,48,-19,19:28,1568,23.4,27:10
165,RK,PLAYER,TEAM,GP,G,A,PTS,+/-,TOI/G,SHFT,SHFT/G,PROD
166,151,"Marc Staal, D",NYR,79,3,10,13,-9,19:25,2061,26.1,118:00
167,152,"Joel Edmundson, D",STL,64,2,9,11,8,19:23,1691,26.4,112:47
168,153,"Libor Sulak, D",DET,6,0,0,0,-4,19:23,163,27.2,0:00
169,154,"Cam Atkinson, RW",CBJ,80,41,28,69,3,19:23,1951,24.4,22:28
170,155,"Jake Guentzel, C",PIT,82,40,36,76,13,19:21,2008,24.5,20:52
171,156,"Tony DeAngelo, D",NYR,61,4,26,30,6,19:20,1494,24.5,39:18
172,157,"Dylan DeMelo, D",OTT,77,4,18,22,-1,19:17,1972,25.6,67:29
173,158,"Jack Johnson, D",PIT,82,1,12,13,-4,19:17,2124,25.9,121:36
174,159,"Will Butcher, D",NJ,78,4,26,30,-17,19:16,1804,23.1,50:06
175,160,"Travis Zajac, C",NJ,80,19,27,46,-25,19:16,1818,22.7,33:30
176,RK,PLAYER,TEAM,GP,G,A,PTS,+/-,TOI/G,SHFT,SHFT/G,PROD
177,161,"Kyle Connor, LW",WPG,82,34,32,66,-7,19:15,1749,21.3,23:55
178,162,"Erik Cernak, D",TB,58,5,11,16,25,19:15,1416,24.4,69:47
179,163,"Derek Stepan, C",ARI,72,15,20,35,-2,19:13,1845,25.6,39:32
180,164,"Michal Kempny, D",WSH,71,6,19,25,24,19:11,1560,22.0,54:29
181,165,"Roman Polak, D",DAL,77,1,8,9,6,19:10,1878,24.4,163:59
182,166,"Brock Boeser, RW",VAN,69,26,30,56,-2,19:10,1621,23.5,23:36
183,167,"Viktor Arvidsson, RW",NSH,58,34,14,48,12,19:09,1388,23.9,23:08
184,168,"Matt Grzelcyk, D",BOS,66,3,15,18,9,19:08,1652,25.0,70:08
185,169,"Brent Seabrook, D",CHI,78,5,23,28,-6,19:06,2018,25.9,53:11
186,170,"John Tavares, C",TOR,82,47,41,88,19,19:05,1969,24.0,17:47
187,RK,PLAYER,TEAM,GP,G,A,PTS,+/-,TOI/G,SHFT,SHFT/G,PROD
188,171,"Sean Monahan, C",CGY,78,34,48,82,7,19:03,1805,23.1,18:07
189,172,"Joe Pavelski, C",SJ,75,38,26,64,-4,19:03,1809,24.1,22:19
190,173,"Tomas Hertl, C",SJ,77,35,39,74,5,19:01,1834,23.8,19:47
191,174,"Henri Jokiharju, D",CHI,38,0,12,12,-7,18:59,946,24.9,60:06
192,175,"Sam Reinhart, C",BUF,82,22,43,65,-10,18:57,1730,21.1,23:55
193,176,"Jake McCabe, D",BUF,59,4,10,14,-4,18:57,1364,23.1,79:50
194,177,"Kevin Shattenkirk, D",NYR,73,2,26,28,-15,18:56,1685,23.1,49:22
195,178,"Brayden Point, C",TB,79,41,51,92,27,18:55,1675,21.2,16:14
196,179,"Maxime Lajoie, D",OTT,56,7,8,15,-25,18:54,1393,24.9,70:34
197,180,"Jordan Oesterle, D",ARI,71,6,14,20,-3,18:54,1645,23.2,67:04
198,RK,PLAYER,TEAM,GP,G,A,PTS,+/-,TOI/G,SHFT,SHFT/G,PROD
199,181,"Jonathan Huberdeau, C",FLA,82,30,62,92,-14,18:51,1846,22.5,16:48
200,182,"William Karlsson, C",VGS,82,24,32,56,1,18:51,1737,21.2,27:35
201,183,"Matt Duchene, C",OTT/CBJ,73,31,39,70,-3,18:50,1601,21.9,19:38
202,184,"Johnny Boychuk, D",NYI,74,3,16,19,10,18:50,1864,25.2,73:20
203,185,"Evgeni Malkin, C",PIT,68,21,51,72,-25,18:48,1554,22.9,17:45
204,186,"Evgeny Kuznetsov, C",WSH,76,21,51,72,7,18:47,1508,19.8,19:50
205,187,"John Moore, D",BOS,61,4,9,13,0,18:46,1517,24.9,88:05
206,188,"David Pastrnak, LW",BOS,66,38,43,81,6,18:45,1395,21.1,15:16
207,189,"Scott Mayfield, D",NYI,79,4,15,19,18,18:44,1888,23.9,77:53
208,190,"Mike Reilly, D",MTL,57,3,8,11,0,18:41,1329,23.3,96:46
209,RK,PLAYER,TEAM,GP,G,A,PTS,+/-,TOI/G,SHFT,SHFT/G,PROD
210,191,"Jakub Voracek, RW",PHI,78,20,46,66,-16,18:40,1777,22.8,22:04
211,192,"Zach Parise, LW",MIN,74,28,33,61,-2,18:40,1665,22.5,22:38
212,193,"Adam Pelech, D",NYI,78,5,16,21,22,18:38,1898,24.3,69:11
213,194,"Filip Forsberg, C",NSH,64,28,22,50,8,18:37,1577,24.6,23:49
214,195,"Ben Chiarot, D",WPG,78,5,15,20,6,18:37,1629,20.9,72:36
215,196,"T.J. Oshie, RW",WSH,69,25,29,54,5,18:37,1422,20.6,23:46
216,197,"Carl Dahlstrom, D",CHI,38,0,6,6,9,18:36,963,25.3,117:49
217,198,"Logan Couture, C",SJ,81,27,43,70,-6,18:36,1970,24.3,21:31
218,199,"Olli Maatta, D",PIT,60,1,13,14,9,18:35,1525,25.4,79:40
219,200,"Brayden Schenn, C",STL,72,17,37,54,3,18:35,1642,22.8,24:47
220,RK,PLAYER,TEAM,GP,G,A,PTS,+/-,TOI/G,SHFT,SHFT/G,PROD
221,201,"Joe Hicketts, D",DET,11,0,0,0,-9,18:35,249,22.6,0:00
222,202,"Trevor Daley, D",DET,44,2,6,8,-3,18:34,1157,26.3,102:04
223,203,"Auston Matthews, C",TOR,68,37,36,73,-9,18:33,1591,23.4,17:17
224,204,"Jeff Skinner, LW",BUF,82,40,23,63,0,18:31,1721,21.0,24:06
225,205,"Calvin de Haan, D",CAR,74,1,13,14,1,18:31,1694,22.9,97:50
226,206,"Thomas Hickey, D",NYI,40,0,4,4,5,18:30,1011,25.3,185:03
227,207,"Rickard Rakell, C",ANA,69,18,25,43,-13,18:28,1526,22.1,29:38
228,208,"Patrice Bergeron, C",BOS,65,32,47,79,23,18:28,1510,23.2,15:11
229,209,"Evander Kane, LW",SJ,75,30,26,56,-4,18:25,1734,23.1,24:39
230,210,"Vladimir Tarasenko, RW",STL,76,33,35,68,8,18:24,1768,23.3,20:33
231,RK,PLAYER,TEAM,GP,G,A,PTS,+/-,TOI/G,SHFT,SHFT/G,PROD
232,211,"Evgenii Dadonov, RW",FLA,82,28,42,70,-6,18:22,1834,22.4,21:31
233,212,"Kevin Connauton, D",ARI,50,1,7,8,-2,18:21,1133,22.7,114:41
234,213,"Mikael Granlund, C",NSH/MIN,79,16,38,54,-8,18:21,1730,21.9,26:50
235,214,"Steven Stamkos, C",TB,82,45,53,98,4,18:18,1789,21.8,15:18
236,215,"Mikko Koivu, C",MIN,48,8,21,29,-2,18:18,1086,22.6,30:17
237,216,"Nick Holden, D",VGS,61,3,12,15,5,18:18,1395,22.9,74:23
238,217,"Jordan Staal, C",CAR,50,11,17,28,6,18:17,1279,25.6,32:39
239,218,"Kevin Hayes, C",NYR/WPG,71,19,36,55,-2,18:17,1628,22.9,23:35
240,219,"Reilly Smith, RW",VGS,74,19,34,53,13,18:16,1563,21.1,25:30
241,220,"Mark Pysyk, D",FLA,70,1,10,11,-1,18:16,1798,25.7,116:15
242,RK,PLAYER,TEAM,GP,G,A,PTS,+/-,TOI/G,SHFT,SHFT/G,PROD
243,221,"Dennis Cholowski, D",DET,52,7,9,16,-20,18:15,1219,23.4,59:19
244,222,"Clayton Keller, C",ARI,82,14,33,47,-21,18:14,1905,23.2,31:48
245,223,"Erik Gudbranson, D",PIT/VAN,76,2,8,10,-20,18:14,1870,24.6,138:33
246,224,"Jamie Benn, LW",DAL,78,27,26,53,14,18:14,1968,25.2,26:49
247,225,"Elias Pettersson, C",VAN,71,28,38,66,3,18:14,1598,22.5,19:36
248,226,"Jordie Benn, D",MTL,81,5,17,22,15,18:12,1947,24.0,66:59
249,227,"Gavin Bayreuther, D",DAL,19,2,3,5,2,18:11,461,24.3,69:07
250,228,"Jeff Carter, C",LA,76,13,20,33,-20,18:09,1827,24.0,41:49
251,229,"Kyle Palmieri, RW",NJ,74,27,23,50,-9,18:09,1580,21.4,26:52
252,230,"Jonathan Marchessault, C",VGS,82,25,34,59,2,18:09,1637,20.0,25:13
253,RK,PLAYER,TEAM,GP,G,A,PTS,+/-,TOI/G,SHFT,SHFT/G,PROD
254,231,"Tom Wilson, RW",WSH,63,22,18,40,11,18:09,1340,21.3,28:34
255,232,"Jaden Schwartz, LW",STL,69,11,25,36,-6,18:08,1576,22.8,34:44
256,233,"Eric Staal, C",MIN,81,22,30,52,-7,18:08,1695,20.9,28:14
257,234,"Paul Stastny, C",VGS,50,13,29,42,14,18:06,1006,20.1,21:33
258,235,"Nico Hischier, C",NJ,69,17,30,47,0,18:06,1485,21.5,26:34
259,236,"Quinn Hughes, D",VAN,5,0,3,3,0,18:05,109,21.8,30:08
260,237,"Mirco Mueller, D",NJ,53,1,10,11,-3,18:04,1272,24.0,87:04
261,238,"Erik Brannstrom, D",OTT,2,0,0,0,0,18:04,50,25.0,0:00
262,239,"Victor Olofsson, RW",BUF,6,2,2,4,1,18:01,125,20.8,27:01
263,240,"Phil Kessel, RW",PIT,82,27,55,82,-19,17:59,1786,21.8,17:58
264,RK,PLAYER,TEAM,GP,G,A,PTS,+/-,TOI/G,SHFT,SHFT/G,PROD
265,241,"Brock Nelson, C",NYI,82,25,28,53,20,17:58,1828,22.3,27:48
266,242,"Mikhail Sergachev, D",TB,75,6,26,32,12,17:55,1603,21.4,42:00
267,243,"Mathew Barzal, C",NYI,82,18,44,62,-5,17:55,1601,19.5,23:42
268,244,"Teuvo Teravainen, LW",CAR,82,21,55,76,30,17:55,1898,23.1,19:19
269,245,"Devon Toews, D",NYI,48,5,13,18,7,17:54,1078,22.5,47:43
270,246,"Mikael Backlund, C",CGY,77,21,26,47,34,17:54,1786,23.2,29:18
271,247,"Jon Merrill, D",VGS,57,3,12,15,16,17:53,1269,22.3,67:56
272,248,"Radko Gudas, D",PHI,77,4,16,20,6,17:53,1784,23.2,68:49
273,249,"Jean-Gabriel Pageau, C",OTT,39,4,8,12,-12,17:51,932,23.9,57:59
274,250,"Brett Kulak, D",MTL,57,6,11,17,12,17:51,1275,22.4,59:49
275,RK,PLAYER,TEAM,GP,G,A,PTS,+/-,TOI/G,SHFT,SHFT/G,PROD
276,251,"Mike Hoffman, LW",FLA,82,36,34,70,-24,17:50,1740,21.2,20:53
277,252,"Nick Schmaltz, C",CHI/ARI,40,7,18,25,-12,17:50,847,21.2,28:31
278,253,"Anthony Mantha, RW",DET,67,25,23,48,-8,17:50,1436,21.4,24:53
279,254,"Dan Girardi, D",TB,62,4,12,16,6,17:48,1371,22.1,68:58
280,255,"Phillip Danault, C",MTL,81,12,41,53,17,17:47,2017,24.9,27:10
281,256,"Victor Mete, D",MTL,71,0,13,13,17,17:46,1650,23.2,97:04
282,257,"Kevan Miller, D",BOS,39,0,7,7,8,17:45,919,23.6,98:52
283,258,"Brenden Dillon, D",SJ,82,1,21,22,19,17:45,1792,21.9,66:08
284,259,"Pierre-Luc Dubois, C",CBJ,82,27,34,61,16,17:43,1820,22.2,23:48
285,260,"Connor Clifton, D",BOS,19,0,1,1,5,17:42,454,23.9,336:24
286,RK,PLAYER,TEAM,GP,G,A,PTS,+/-,TOI/G,SHFT,SHFT/G,PROD
287,261,"Nick Foligno, LW",CBJ,73,17,18,35,12,17:42,1618,22.2,36:55
288,262,"Alex DeBrincat, RW",CHI,82,41,35,76,0,17:42,1666,20.3,19:05
289,263,"Brandon Saad, LW",CHI,80,23,24,47,-9,17:41,1863,23.3,30:06
290,264,"Markus Nutivaara, D",CBJ,80,5,16,21,3,17:41,1846,23.1,67:21
291,265,"David Krejci, C",BOS,81,20,53,73,7,17:41,1699,21.0,19:36
292,266,"Alex Biega, D",VAN,41,2,14,16,0,17:40,991,24.2,45:16
293,267,"Ben Harpur, D",OTT,51,1,4,5,-13,17:37,1176,23.1,179:43
294,268,"Marco Scandella, D",BUF,63,6,7,13,-13,17:37,1410,22.4,85:20
295,269,"Matthew Tkachuk, LW",CGY,80,34,43,77,14,17:36,1696,21.2,18:17
296,270,"Vince Dunn, D",STL,78,12,23,35,14,17:32,1820,23.3,39:04
297,RK,PLAYER,TEAM,GP,G,A,PTS,+/-,TOI/G,SHFT,SHFT/G,PROD
298,271,"Gustav Nyquist, C",DET/SJ,81,22,38,60,1,17:31,1818,22.4,23:39
299,272,"J.T. Compher, LW",COL,66,16,16,32,-8,17:29,1441,21.8,36:02
300,273,"Brandon Sutter, C",VAN,26,4,2,6,-12,17:28,676,26.0,75:41
301,274,"Carl Soderberg, C",COL,82,23,26,49,-5,17:27,1858,22.7,29:12
302,275,"Justin Williams, RW",CAR,82,23,30,53,-4,17:27,1814,22.1,26:59
303,276,"Lawrence Pilut, D",BUF,33,1,5,6,-8,17:25,714,21.6,95:48
304,277,"Chris Kreider, LW",NYR,79,28,24,52,4,17:24,1783,22.6,26:26
305,278,"Max Domi, C",MTL,82,28,44,72,20,17:23,1751,21.4,19:47
306,279,"Christian Wolanin, D",OTT,30,4,8,12,3,17:20,673,22.4,43:18
307,280,"Travis Dermott, D",TOR,64,4,13,17,-5,17:18,1453,22.7,65:09
308,RK,PLAYER,TEAM,GP,G,A,PTS,+/-,TOI/G,SHFT,SHFT/G,PROD
309,281,"Karl Alzner, D",MTL,9,0,1,1,1,17:18,215,23.9,155:42
310,282,"Zach Hyman, C",TOR,71,21,20,41,16,17:17,1700,23.9,29:55
311,283,"Fredrik Claesson, D",NYR,37,2,4,6,3,17:15,837,22.6,106:21
312,284,"Patrik Laine, RW",WPG,82,30,20,50,-24,17:14,1620,19.8,28:15
313,285,"Jonathan Ericsson, D",DET,52,3,2,5,-10,17:13,1235,23.8,179:05
314,286,"Tyler Toffoli, RW",LA,82,13,21,34,-16,17:13,1902,23.2,41:30
315,287,"Jake Chelios, D",DET,5,0,0,0,0,17:12,102,20.4,0:00
316,288,"Nikita Zadorov, D",COL,70,7,7,14,19,17:12,1487,21.2,86:01
317,289,"Derrick Pouliot, D",VAN,62,3,9,12,-1,17:10,1403,22.6,88:39
318,290,"Matt Roy, LW",LA,25,2,4,6,-1,17:08,545,21.8,71:22
319,RK,PLAYER,TEAM,GP,G,A,PTS,+/-,TOI/G,SHFT,SHFT/G,PROD
320,291,"Greg Pateryn, D",MIN,80,1,6,7,-11,17:07,1675,20.9,195:39
321,292,"Noah Juulsen, D",MTL,21,1,4,5,5,17:07,506,24.1,71:53
322,293,"Jacob Larsson, D",ANA,49,0,5,5,-4,17:07,1163,23.7,167:43
323,294,"Jakob Silfverberg, LW",ANA,73,24,19,43,-9,17:06,1639,22.5,29:01
324,295,"David Perron, LW",STL,57,23,23,46,3,17:06,1189,20.9,21:11
325,296,"Anders Lee, LW",NYI,82,28,23,51,20,17:05,1664,20.3,27:28
326,297,"Ben Lovejoy, D",DAL/NJ,71,2,7,9,-1,17:05,1608,22.6,134:47
327,298,"Gustav Forsling, D",CHI,43,3,6,9,-9,17:05,994,23.1,81:37
328,299,"Jason Zucker, LW",MIN,81,21,21,42,-9,17:05,1635,20.2,32:56
329,300,"Boone Jenner, C",CBJ,77,16,22,38,6,17:04,1705,22.1,34:34
330,RK,PLAYER,TEAM,GP,G,A,PTS,+/-,TOI/G,SHFT,SHFT/G,PROD
331,301,"Chris Tierney, C",OTT,81,9,39,48,-22,17:02,1737,21.4,28:44
332,302,"Michael Del Zotto, D",STL/VAN/ANA,42,1,9,10,-2,17:02,925,22.0,71:31
333,303,"Josh Anderson, RW",CBJ,82,27,20,47,25,17:01,1814,22.1,29:42
334,304,"Blake Coleman, C",NJ,78,22,14,36,-19,17:01,1656,21.2,36:51
335,305,"Xavier Ouellet, D",MTL,19,0,3,3,-3,17:01,407,21.4,107:44
336,306,"Max Pacioretty, LW",VGS,66,22,18,40,-13,17:00,1214,18.4,28:03
337,307,"Andreas Athanasiou, C",DET,76,30,24,54,-9,16:58,1677,22.1,23:53
338,308,"Timo Meier, RW",SJ,78,30,36,66,9,16:58,1730,22.2,20:03
339,309,"Alex Chiasson, RW",EDM,73,22,16,38,-1,16:58,1572,21.5,32:36
340,310,"Mackenzie Weegar, D",FLA,64,4,11,15,-3,16:58,1471,23.0,72:23
341,RK,PLAYER,TEAM,GP,G,A,PTS,+/-,TOI/G,SHFT,SHFT/G,PROD
342,311,"Robert Hagg, D",PHI,82,5,15,20,-3,16:57,1893,23.1,69:28
343,312,"Marc Methot, D",DAL,9,0,0,0,-3,16:56,228,25.3,0:00
344,313,"Jonathan Drouin, C",MTL,81,18,35,53,-8,16:56,1706,21.1,25:52
345,314,"Alex Iafallo, C",LA,82,15,18,33,-17,16:50,1817,22.2,41:49
346,315,"Josh Bailey, LW",NYI,82,16,40,56,8,16:50,1638,20.0,24:38
347,316,"Ryan Dzingel, LW",OTT/CBJ,78,26,30,56,-9,16:49,1583,20.3,23:25
348,317,"Connor Carrick, D",DAL/NJ,34,2,9,11,-13,16:48,718,21.1,51:55
349,318,"Charlie Coyle, C",BOS/MIN,81,12,22,34,-1,16:47,1676,20.7,39:58
350,319,"Alex Tuch, RW",VGS,74,20,32,52,13,16:44,1344,18.2,23:48
351,320,"Calle Rosen, D",TOR,4,1,0,1,-3,16:42,101,25.3,66:49
352,RK,PLAYER,TEAM,GP,G,A,PTS,+/-,TOI/G,SHFT,SHFT/G,PROD
353,321,"Juuso Riikola, D",PIT,37,2,3,5,3,16:41,856,23.1,123:28
354,322,"Marcus Pettersson, D",PIT/ANA,84,2,23,25,17,16:41,1961,23.3,56:03
355,323,"Frans Nielsen, C",DET,72,10,25,35,-7,16:41,1641,22.8,34:18
356,324,"Steven Santini, D",NJ,39,1,3,4,-6,16:39,837,21.5,162:24
357,325,"Kasperi Kapanen, RW",TOR,78,20,24,44,12,16:37,1805,23.1,29:26
358,326,"Richard Panik, RW",ARI,75,14,19,33,-3,16:37,1730,23.1,37:44
359,327,"James van Riemsdyk, LW",PHI,66,27,21,48,-10,16:36,1342,20.3,22:49
360,328,"Erik Haula, LW",VGS,15,2,5,7,1,16:35,289,19.3,35:32
361,329,"Will Borgen, D",BUF,4,0,0,0,-5,16:33,91,22.8,0:00
362,330,"Lars Eller, C",WSH,81,13,23,36,-1,16:32,1576,19.5,37:12
363,RK,PLAYER,TEAM,GP,G,A,PTS,+/-,TOI/G,SHFT,SHFT/G,PROD
364,331,"Libor Hajek, D",NYR,5,1,0,1,1,16:32,107,21.4,82:39
365,332,"Jordan Eberle, RW",NYI,78,19,18,37,-6,16:32,1514,19.4,34:50
366,333,"Alex Petrovic, D",EDM/FLA,35,0,2,2,-15,16:32,785,22.4,289:12
367,334,"Tyler Bertuzzi, LW",DET,73,21,26,47,11,16:31,1547,21.2,25:39
368,335,"Ryan Kesler, C",ANA,60,5,3,8,-19,16:30,1358,22.6,123:44
369,336,"Andrej Sekera, D",EDM,24,0,4,4,3,16:29,548,22.8,98:56
370,337,"Patrik Nemeth, D",COL,74,1,9,10,5,16:29,1528,20.6,122:00
371,338,"Adam Henrique, C",ANA,82,18,24,42,-5,16:27,1772,21.6,32:07
372,339,"Radek Faksa, C",DAL,81,15,15,30,-3,16:26,1953,24.1,44:21
373,340,"Tomas Tatar, LW",MTL,80,25,33,58,21,16:25,1737,21.7,22:38
374,RK,PLAYER,TEAM,GP,G,A,PTS,+/-,TOI/G,SHFT,SHFT/G,PROD
375,341,"Brendan Gallagher, RW",MTL,82,33,19,52,10,16:24,1775,21.6,25:51
376,342,"Andrew MacDonald, D",PHI,47,0,9,9,-5,16:24,1014,21.6,85:36
377,343,"Zack Smith, C",OTT,70,9,19,28,-6,16:21,1513,21.6,40:52
378,344,"Tyler Bozak, C",STL,72,13,25,38,-3,16:21,1534,21.3,30:58
379,345,"Patrick Marleau, C",TOR,82,16,21,37,-6,16:21,1774,21.6,36:13
380,346,"Artem Anisimov, C",CHI,78,15,22,37,-2,16:21,1611,20.7,34:27
381,347,"Nick Bonino, C",NSH,81,17,18,35,27,16:18,1873,23.1,37:44
382,348,"Chad Ruhwedel, D",PIT,18,1,1,2,-9,16:17,401,22.3,146:29
383,349,"Ilya Kovalchuk, LW",LA,64,16,18,34,-26,16:14,1263,19.7,30:33
384,350,"Nino Niederreiter, RW",CAR/MIN,82,23,30,53,-4,16:14,1637,20.0,25:06
385,RK,PLAYER,TEAM,GP,G,A,PTS,+/-,TOI/G,SHFT,SHFT/G,PROD
386,351,"Colin White, C",OTT,71,14,27,41,-24,16:12,1455,20.5,28:03
387,352,"Nazem Kadri, C",TOR,73,16,28,44,-2,16:11,1499,20.5,26:51
388,353,"Jake DeBrusk, LW",BOS,68,27,15,42,2,16:10,1319,19.4,26:10
389,354,"Dylan Strome, C",CHI/ARI,78,20,37,57,-8,16:09,1511,19.4,22:06
390,355,"Braydon Coburn, D",TB,74,4,19,23,4,16:07,1504,20.3,51:50
391,356,"Pavel Zacha, C",NJ,61,13,12,25,-6,16:05,1224,20.1,39:14
392,357,"John Gilmour, D",NYR,5,0,0,0,-3,16:05,106,21.2,0:00
393,358,"Kyle Capobianco, D",ARI,2,0,0,0,-2,16:05,38,19.0,0:00
394,359,"Korbinian Holzer, D",ANA,22,1,3,4,5,16:04,523,23.8,88:22
395,360,"Jimmy Vesey, LW",NYR,81,17,18,35,-6,16:03,1681,20.8,37:09
396,RK,PLAYER,TEAM,GP,G,A,PTS,+/-,TOI/G,SHFT,SHFT/G,PROD
397,361,"Dan Hamhuis, D",NSH,57,0,5,5,-2,16:03,1197,21.0,182:56
398,362,"Colton Sissons, C",NSH,75,15,15,30,20,16:03,1652,22.0,40:06
399,363,"Andy Welinski, D",ANA,26,1,3,4,-5,16:02,551,21.2,104:15
400,364,"Rasmus Andersson, D",CGY,79,2,17,19,17,16:02,1639,20.7,66:41
401,365,"Brady Tkachuk, LW",OTT,71,22,23,45,-10,16:01,1442,20.3,25:17
402,366,"Oscar Fantenberg, D",CGY/LA,61,2,2,4,3,16:00,1295,21.2,244:00
403,367,"Brad Richardson, C",ARI,66,19,8,27,6,15:58,1549,23.5,39:01
404,368,"Tyler Johnson, C",TB,80,29,18,47,15,15:57,1650,20.6,27:08
405,369,"Michael Stone, D",CGY,14,0,5,5,0,15:56,303,21.6,44:37
406,370,"Carl Gunnarsson, D",STL,25,3,4,7,8,15:56,568,22.7,56:53
407,RK,PLAYER,TEAM,GP,G,A,PTS,+/-,TOI/G,SHFT,SHFT/G,PROD
408,371,"Marcus Johansson, C",BOS/NJ,58,13,17,30,-16,15:55,1106,19.1,30:47
409,372,"Andrew Shaw, C",MTL,63,19,28,47,17,15:55,1267,20.1,21:20
410,373,"Bryan Rust, RW",PIT,72,18,17,35,10,15:54,1610,22.4,32:43
411,374,"Luke Kunin, C",MIN,49,6,11,17,-9,15:53,1014,20.7,45:47
412,375,"Alexander Steen, LW",STL,65,10,17,27,2,15:50,1429,22.0,38:08
413,376,"Yanni Gourde, LW",TB,80,22,26,48,9,15:50,1597,20.0,26:23
414,377,"Bryan Little, C",WPG,82,15,26,41,-12,15:50,1719,21.0,31:39
415,378,"Slater Koekkoek, D",CHI/TB,31,2,4,6,4,15:50,655,21.1,81:47
416,379,"Evan Rodrigues, RW",BUF,74,9,20,29,-7,15:49,1528,20.6,40:22
417,380,"Joel Armia, RW",MTL,57,13,10,23,0,15:48,1213,21.3,39:08
418,RK,PLAYER,TEAM,GP,G,A,PTS,+/-,TOI/G,SHFT,SHFT/G,PROD
419,381,"Vladislav Namestnikov, C",NYR,78,11,20,31,-7,15:48,1651,21.2,39:44
420,382,"Luke Glendening, C",DET,78,10,13,23,2,15:47,1818,23.3,53:32
421,383,"Adam McQuaid, D",NYR/CBJ,50,3,4,7,2,15:47,1147,22.9,112:41
422,384,"Nikolaj Ehlers, LW",WPG,62,21,16,37,2,15:46,1190,19.2,26:24
423,385,"Alex Galchenyuk, C",ARI,72,19,22,41,-19,15:44,1485,20.6,27:37
424,386,"Blake Comeau, LW",DAL,77,7,11,18,-7,15:44,1776,23.1,67:16
425,387,"Jesper Fast, RW",NYR,66,8,12,20,-3,15:43,1420,21.5,51:52
426,388,"Kyle Turris, C",NSH,55,7,16,23,-6,15:42,1109,20.2,37:31
427,389,"Matt Hunwick, D",BUF,14,0,2,2,-7,15:41,280,20.0,109:49
428,390,"Bobby Ryan, RW",OTT,78,15,27,42,-29,15:41,1563,20.0,29:07
429,RK,PLAYER,TEAM,GP,G,A,PTS,+/-,TOI/G,SHFT,SHFT/G,PROD
430,391,"Egor Yakovlev, D",NJ,25,2,5,7,-6,15:40,504,20.2,55:58
431,392,"Cameron Gaunce, D",TB,2,0,0,0,3,15:40,39,19.5,0:00
432,393,"Wayne Simmonds, RW",PHI/NSH,79,17,13,30,-16,15:40,1530,19.4,41:15
433,394,"Dmitry Kulikov, D",WPG,57,0,6,6,4,15:40,1060,18.6,148:48
434,395,"Brooks Orpik, D",WSH,53,2,7,9,8,15:40,1030,19.4,92:14
435,396,"Christian Folin, D",MTL/PHI,45,0,6,6,6,15:40,979,21.8,117:26
436,397,"Ondrej Kase, RW",ANA,30,11,9,20,0,15:39,593,19.8,23:29
437,398,"Kevin Fiala, LW",NSH/MIN,83,13,26,39,-23,15:38,1650,19.9,33:17
438,399,"Jan Rutta, D",CHI/TB,37,2,6,8,4,15:36,787,21.3,72:06
439,400,"Ryan Strome, C",EDM/NYR,81,19,16,35,-3,15:34,1658,20.5,36:02
440,RK,PLAYER,TEAM,GP,G,A,PTS,+/-,TOI/G,SHFT,SHFT/G,PROD
441,401,"Mark Borowiecki, D",OTT,53,1,4,5,-12,15:34,1214,22.9,165:02
442,402,"Artturi Lehkonen, LW",MTL,82,11,20,31,10,15:33,1780,21.7,41:09
443,403,"Joe Thornton, C",SJ,73,16,35,51,8,15:33,1492,20.4,22:15
444,404,"Jeremy Lauzon, D",BOS,16,1,0,1,-1,15:32,350,21.9,248:37
445,405,"William Nylander, RW",TOR,54,7,20,27,-4,15:31,1145,21.2,31:01
446,406,"Nathan Beaulieu, D",BUF/WPG,48,3,9,12,6,15:30,929,19.4,62:01
447,407,"Juuso Valimaki, D",CGY,24,1,2,3,-2,15:29,475,19.8,123:52
448,408,"Patric Hornqvist, RW",PIT,69,18,19,37,-3,15:29,1412,20.5,28:51
449,409,"Robert Bortuzzo, D",STL,59,2,8,10,9,15:28,1323,22.4,91:17
450,410,"Luca Sbisa, D",NYI,9,0,1,1,0,15:28,197,21.9,139:13
451,RK,PLAYER,TEAM,GP,G,A,PTS,+/-,TOI/G,SHFT,SHFT/G,PROD
452,411,"Sean Walker, D",LA,39,3,7,10,-8,15:26,783,20.1,60:11
453,412,"Calle Jarnkrok, C",NSH,79,10,16,26,13,15:26,1688,21.4,46:53
454,413,"Casey Nelson, D",BUF,38,1,5,6,1,15:25,752,19.8,97:35
455,414,"Justin Abdelkader, LW",DET,71,6,13,19,-14,15:24,1465,20.6,57:32
456,415,"Filip Zadina, RW",DET,9,1,2,3,-5,15:23,182,20.2,46:09
457,416,"Cody Eakin, C",VGS,78,22,19,41,19,15:23,1421,18.2,29:15
458,417,"Philippe Myers, RW",PHI,21,1,1,2,-5,15:22,409,19.5,161:21
459,418,"Taro Hirose, LW",DET,10,1,6,7,0,15:18,194,19.4,21:51
460,419,"Brendan Smith, D",NYR,63,4,9,13,-7,15:18,1291,20.5,74:07
461,420,"Eric Gryba, D",NJ,10,0,0,0,-1,15:18,194,19.4,0:00
462,RK,PLAYER,TEAM,GP,G,A,PTS,+/-,TOI/G,SHFT,SHFT/G,PROD
463,421,"Vinnie Hinostroza, C",ARI,72,16,23,39,-4,15:16,1497,20.8,28:11
464,422,"Zach Trotman, D",PIT,13,0,1,1,4,15:16,273,21.0,198:27
465,423,"Travis Konecny, C",PHI,82,24,25,49,-4,15:16,1652,20.1,25:32
466,424,"Madison Bowey, D",DET/WSH,50,2,8,10,-1,15:16,970,19.4,76:17
467,425,"Mark Barberio, D",COL,12,1,0,1,-6,15:14,232,19.3,182:42
468,426,"Mattias Janmark, C",DAL,81,6,19,25,-4,15:13,1774,21.9,49:18
469,427,"Radim Simek, D",SJ,41,1,8,9,7,15:13,850,20.7,69:19
470,428,"Martin Marincin, D",TOR,24,1,4,5,-4,15:12,523,21.8,72:57
471,429,"Dylan McIlrath, D",DET,7,0,0,0,2,15:11,133,19.0,0:00
472,430,"Pavel Buchnevich, LW",NYR,64,21,17,38,-10,15:10,1235,19.3,25:33
473,RK,PLAYER,TEAM,GP,G,A,PTS,+/-,TOI/G,SHFT,SHFT/G,PROD
474,431,"Jesper Bratt, LW",NJ,51,8,25,33,-8,15:10,961,18.8,23:26
475,432,"Sven Baertschi, LW",VAN,26,9,5,14,-9,15:08,520,20.0,28:06
476,433,"Craig Smith, C",NSH,76,21,17,38,11,15:08,1545,20.3,30:15
477,434,"Nick Bjugstad, C",PIT/FLA,64,14,12,26,6,15:07,1340,20.9,37:13
478,435,"Nolan Patrick, C",PHI,72,13,18,31,-8,15:05,1484,20.6,35:01
479,436,"Alexander Wennberg, C",CBJ,75,2,23,25,-1,15:05,1497,20.0,45:13
480,437,"Trevor van Riemsdyk, D",CAR,78,3,11,14,-4,15:04,1563,20.0,83:53
481,438,"Markus Granlund, C",VAN,77,12,10,22,-4,15:03,1663,21.6,52:38
482,439,"Brendan Guhle, D",BUF/ANA,8,0,1,1,-2,15:01,161,20.1,120:07
483,440,"Nick Ritchie, LW",ANA,60,9,22,31,6,15:00,1153,19.2,29:02
484,RK,PLAYER,TEAM,GP,G,A,PTS,+/-,TOI/G,SHFT,SHFT/G,PROD
485,441,"Dion Phaneuf, D",LA,67,1,5,6,-21,15:00,1420,21.2,167:29
486,442,"Derick Brassard, C",PIT/COL/FLA,70,14,9,23,-19,15:00,1406,20.1,45:38
487,443,"Nikolay Goldobin, RW",VAN,63,7,20,27,-10,14:59,1243,19.7,34:58
488,444,"Carl Grundstrom, RW",LA,15,5,1,6,-4,14:58,285,19.0,37:25
489,445,"Sam Steel, C",ANA,22,6,5,11,2,14:58,421,19.1,29:55
490,446,"James Neal, LW",CGY,63,7,12,19,-5,14:57,1252,19.9,49:35
491,447,"Matthew Benning, D",EDM,70,5,12,17,11,14:57,1499,21.4,61:32
492,448,"Brett Howden, C",NYR,66,6,17,23,-16,14:56,1322,20.0,42:52
493,449,"Josh Jacobs, D",NJ,1,0,0,0,-1,14:54,19,19.0,0:00
494,450,"Brad Hunt, D",MIN/VGS,42,5,7,12,-2,14:53,771,18.4,52:06
495,RK,PLAYER,TEAM,GP,G,A,PTS,+/-,TOI/G,SHFT,SHFT/G,PROD
496,451,"Ondrej Palat, LW",TB,64,8,26,34,4,14:53,1208,18.9,28:01
497,452,"Alexander Kerfoot, C",COL,78,15,27,42,-9,14:53,1486,19.1,27:38
498,453,"Ben Gleason, D",DAL,4,0,1,1,-1,14:53,78,19.5,59:31
499,454,"Alex Killorn, C",TB,82,18,22,40,22,14:52,1632,19.9,30:29
500,455,"Bogdan Kiselevich, D",FLA/WPG,32,0,8,8,-3,14:51,628,19.6,59:25
501,456,"Scott Laughton, C",PHI,82,12,20,32,-11,14:51,1668,20.3,38:03
502,457,"Anthony Cirelli, C",TB,82,19,20,39,25,14:51,1644,20.0,31:13
503,458,"Brandon Manning, D",CHI/EDM,39,2,2,4,-15,14:50,858,22.0,144:42
504,459,"Corey Perry, RW",ANA,31,6,4,10,-16,14:49,572,18.5,45:57
505,460,"Jake Virtanen, RW",VAN,70,15,10,25,-4,14:49,1522,21.7,41:29
506,RK,PLAYER,TEAM,GP,G,A,PTS,+/-,TOI/G,SHFT,SHFT/G,PROD
507,461,"Zack Kassian, RW",EDM,79,15,11,26,-6,14:48,1564,19.8,44:58
508,462,"Lucas Wallmark, C",CAR,81,10,18,28,-8,14:48,1763,21.8,42:47
509,463,"Jamie Oleksiak, D",DAL/PIT,57,4,8,12,5,14:44,1175,20.6,69:58
510,464,"Carl Hagelin, LW",LA/PIT/WSH,58,5,14,19,7,14:44,1153,19.9,44:57
511,465,"Kevin Gravel, D",EDM,36,0,3,3,-2,14:43,752,20.9,176:30
512,466,"J.T. Miller, C",TB,75,13,34,47,8,14:40,1360,18.1,23:24
513,467,"Frank Vatrano, C",FLA,81,24,15,39,-10,14:40,1620,20.0,30:27
514,468,"Andrei Svechnikov, RW",CAR,82,20,17,37,0,14:39,1685,20.5,32:27
515,469,"Anthony Beauvillier, LW",NYI,81,18,10,28,1,14:39,1435,17.7,42:21
516,470,"Adam Lowry, C",WPG,78,12,11,23,6,14:38,1688,21.6,49:38
517,RK,PLAYER,TEAM,GP,G,A,PTS,+/-,TOI/G,SHFT,SHFT/G,PROD
518,471,"Steven Kampfer, D",BOS,35,3,3,6,-6,14:38,713,20.4,85:19
519,472,"Conor Sheary, LW",BUF,78,14,20,34,-18,14:37,1480,19.0,33:32
520,473,"Pontus Aberg, LW",ANA/MIN,59,12,13,25,-14,14:36,1107,18.8,34:26
521,474,"Max Comtois, LW",ANA,10,2,5,7,3,14:35,190,19.0,20:50
522,475,"Ryan Lindgren, D",NYR,5,0,0,0,-6,14:35,102,20.4,0:00
523,476,"Sam Gagner, C",EDM/VAN,32,6,7,13,-6,14:35,596,18.6,35:54
524,477,"Darren Helm, C",DET,61,7,10,17,-11,14:34,1264,20.7,52:17
525,478,"Paul Byron, C",MTL,56,15,16,31,16,14:34,1160,20.7,26:18
526,479,"Ashton Sautner, D",VAN,17,0,1,1,-2,14:33,358,21.1,247:15
527,480,"Jaycob Megna, D",ANA,28,1,3,4,-1,14:32,599,21.4,101:43
528,RK,PLAYER,TEAM,GP,G,A,PTS,+/-,TOI/G,SHFT,SHFT/G,PROD
529,481,"Jared McCann, C",PIT/FLA,78,19,16,35,-1,14:32,1696,21.7,32:22
530,482,"Josh Ho-Sang, RW",NYI,10,1,1,2,2,14:31,177,17.7,72:37
531,483,"Adrian Kempe, RW",LA,81,12,16,28,-10,14:30,1696,20.9,41:56
532,484,"Austin Watson, LW",NSH,37,7,9,16,11,14:30,744,20.1,33:30
533,485,"Jordan Martinook, LW",CAR,82,15,10,25,1,14:29,1735,21.2,47:30
534,486,"Brandon Pirri, C",VGS,31,12,6,18,7,14:27,515,16.6,24:52
535,487,"Drake Caggiula, C",CHI/EDM,55,12,11,23,-5,14:26,1042,18.9,34:30
536,488,"Michael Grabner, RW",ARI,41,9,7,16,-2,14:23,898,21.9,36:52
537,489,"Christian Dvorak, C",ARI,20,2,5,7,-2,14:23,405,20.3,41:06
538,490,"Tim Heed, D",SJ,37,2,11,13,9,14:22,671,18.1,40:53
539,RK,PLAYER,TEAM,GP,G,A,PTS,+/-,TOI/G,SHFT,SHFT/G,PROD
540,491,"Christian Jaros, D",OTT,61,1,9,10,-14,14:22,1294,21.2,87:38
541,492,"Brock McGinn, LW",CAR,82,10,16,26,10,14:19,1700,20.7,45:07
542,493,"Josh Mahura, D",ANA,17,1,4,5,0,14:18,334,19.6,48:38
543,494,"Johan Larsson, LW",BUF,73,6,8,14,-8,14:18,1380,18.9,74:31
544,495,"Valtteri Filppula, C",NYI,72,17,14,31,19,14:16,1389,19.3,33:09
545,496,"Devin Shore, C",DAL/ANA,76,10,19,29,-12,14:16,1558,20.5,37:22
546,497,"Colton White, D",NJ,3,0,0,0,-2,14:14,62,20.7,0:00
547,498,"Matt Calvert, LW",COL,82,11,15,26,-10,14:12,1577,19.2,44:45
548,499,"Vladimir Sobotka, C",BUF,69,5,8,13,-20,14:11,1320,19.1,75:17
549,500,"Patrick Maroon, LW",STL,74,10,18,28,-3,14:10,1287,17.4,37:26
550,RK,PLAYER,TEAM,GP,G,A,PTS,+/-,TOI/G,SHFT,SHFT/G,PROD
551,501,"Jonas Siegenthaler, D",WSH,26,0,4,4,6,14:09,481,18.5,91:59
552,502,"Dominik Kahun, C",CHI,82,13,24,37,10,14:09,1531,18.7,31:21
553,503,"Thomas Vanek, LW",DET,64,16,20,36,-12,14:07,1188,18.6,25:05
554,504,"Brandon Tanev, LW",WPG,80,14,15,29,9,14:07,1685,21.1,38:55
555,505,"Micheal Ferland, LW",CAR,71,17,23,40,13,14:06,1406,19.8,25:01
556,506,"Loui Eriksson, LW",VAN,81,11,18,29,-11,14:04,1668,20.6,39:17
557,507,"Roope Hintz, LW",DAL,58,9,13,22,-11,14:03,1270,21.9,37:03
558,508,"Tanner Pearson, LW",LA/PIT/VAN,80,18,9,27,-15,14:03,1625,20.3,41:38
559,509,"Jakub Vrana, C",WSH,82,24,23,47,20,14:02,1415,17.3,24:29
560,510,"Chris Butler, D",STL,13,1,1,2,3,14:02,265,20.4,91:15
561,RK,PLAYER,TEAM,GP,G,A,PTS,+/-,TOI/G,SHFT,SHFT/G,PROD
562,511,"Josh Leivo, LW",TOR/VAN,76,14,10,24,5,14:02,1439,18.9,44:25
563,512,"Casey Cizikas, C",NYI,73,20,13,33,22,14:01,1476,20.2,31:01
564,513,"Mikkel Boedker, LW",OTT,71,7,28,35,-23,14:01,1277,18.0,28:26
565,514,"Trevor Lewis, C",LA,44,3,9,12,-9,14:01,862,19.6,51:25
566,515,"Kevin Labanc, RW",SJ,82,17,39,56,-1,14:01,1515,18.5,20:31
567,516,"Igor Ozhiganov, D",TOR,53,3,4,7,0,14:01,1016,19.2,106:06
568,517,"Cal Clutterbuck, RW",NYI,73,8,15,23,6,13:58,1445,19.8,44:20
569,518,"Danton Heinen, C",BOS,77,11,23,34,13,13:58,1345,17.5,31:38
570,519,"Joe Morrow, D",WPG,41,1,6,7,0,13:58,669,16.3,81:45
571,520,"Troy Terry, RW",ANA,32,4,9,13,8,13:57,585,18.3,34:19
572,RK,PLAYER,TEAM,GP,G,A,PTS,+/-,TOI/G,SHFT,SHFT/G,PROD
573,521,"David Kampf, C",CHI,63,4,15,19,-6,13:55,1261,20.0,46:09
574,522,"Sami Niku, D",WPG,30,1,3,4,0,13:55,484,16.1,104:23
575,523,"Luke Schenn, D",VAN/ANA,26,0,2,2,-10,13:54,535,20.6,180:46
576,524,"Leo Komarov, C",NYI,82,6,20,26,18,13:53,1517,18.5,43:48
577,525,"Patrick Eaves, RW",ANA,7,0,0,0,-4,13:53,137,19.6,0:00
578,526,"Vitaly Abramov, RW",OTT,1,0,0,0,-3,13:52,18,18.0,0:00
579,527,"Filip Chlapik, C",OTT,5,1,0,1,-2,13:52,85,17.0,69:19
580,528,"Taylor Fedun, D",DAL,54,4,7,11,2,13:51,1101,20.4,68:01
581,529,"Andrew Ladd, LW",NYI,26,3,8,11,3,13:51,473,18.2,32:43
582,530,"Oskar Sundqvist, C",STL,74,14,17,31,-1,13:49,1384,18.7,32:59
583,RK,PLAYER,TEAM,GP,G,A,PTS,+/-,TOI/G,SHFT,SHFT/G,PROD
584,531,"Derek Ryan, C",CGY,81,13,25,38,21,13:48,1579,19.5,29:25
585,532,"Brandon Davidson, D",CHI,10,0,1,1,-4,13:48,201,20.1,137:56
586,533,"Connor Brown, RW",TOR,82,8,21,29,11,13:48,1632,19.9,38:59
587,534,"Tyler Lewington, D",WSH,2,1,1,2,3,13:48,40,20.0,13:47
588,535,"Filip Chytil, C",NYR,75,11,12,23,-22,13:47,1300,17.3,44:57
589,536,"Kyle Okposo, RW",BUF,78,14,15,29,-9,13:47,1361,17.4,37:04
590,537,"Brendan Leipsic, LW",LA/VAN,62,7,16,23,-14,13:47,1128,18.2,37:09
591,538,"Eric Tangradi, LW",NJ,6,0,1,1,-3,13:47,103,17.2,82:41
592,539,"Sean Kuraly, C",BOS,71,8,13,21,6,13:46,1304,18.4,46:34
593,540,"Matt Nieto, LW",COL,64,4,19,23,2,13:46,1240,19.4,38:19
594,RK,PLAYER,TEAM,GP,G,A,PTS,+/-,TOI/G,SHFT,SHFT/G,PROD
595,541,"Anton Blidh, LW",BOS,1,0,0,0,0,13:46,19,19.0,0:00
596,542,"Antoine Roussel, LW",VAN,65,9,22,31,5,13:46,1402,21.6,28:51
597,543,"Oskar Lindblom, LW",PHI,81,17,16,33,-9,13:45,1532,18.9,33:44
598,544,"Jesperi Kotkaniemi, C",MTL,79,11,23,34,1,13:44,1452,18.4,31:55
599,545,"Ilya Lyubushkin, D",ARI,41,0,4,4,-9,13:44,768,18.7,140:49
600,546,"Julius Honka, D",DAL,29,0,4,4,-2,13:43,557,19.2,99:25
601,547,"Ryan Donato, C",BOS/MIN,56,10,15,25,-15,13:42,977,17.4,30:41
602,548,"Miles Wood, LW",NJ,63,10,14,24,-10,13:42,1113,17.7,35:56
603,549,"Joel Hanley, D",DAL,16,0,0,0,0,13:42,306,19.1,0:00
604,550,"Nick Lappin, RW",NJ,11,0,0,0,-6,13:41,193,17.5,0:00
605,RK,PLAYER,TEAM,GP,G,A,PTS,+/-,TOI/G,SHFT,SHFT/G,PROD
606,551,"Andreas Johnsson, LW",TOR,73,20,23,43,14,13:40,1406,19.3,23:12
607,552,"Josh Teves, D",VAN,1,0,0,0,-1,13:40,17,17.0,0:00
608,553,"Brian Lashoff, D",DET,4,0,1,1,-1,13:40,80,20.0,54:38
609,554,"Zach Aston-Reese, C",PIT,43,8,9,17,12,13:39,877,20.4,34:32
610,555,"Jay Beagle, C",VAN,57,3,10,13,-8,13:39,1239,21.7,59:52
611,556,"Jordan Greenway, LW",MIN,81,12,12,24,-12,13:38,1448,17.9,45:59
612,557,"Zemgus Girgensons, C",BUF,72,5,13,18,-11,13:37,1306,18.1,54:26
613,558,"Christian Djoos, D",WSH,45,1,9,10,9,13:34,782,17.4,61:04
614,559,"Josh Archibald, RW",ARI,68,12,10,22,1,13:34,1397,20.5,41:56
615,560,"Colin Wilson, C",COL,65,12,15,27,-6,13:34,1182,18.2,32:39
616,RK,PLAYER,TEAM,GP,G,A,PTS,+/-,TOI/G,SHFT,SHFT/G,PROD
617,561,"Nick Cousins, C",ARI,81,7,20,27,-8,13:33,1532,18.9,40:38
618,562,"Joel Eriksson Ek, C",MIN,58,7,7,14,-7,13:30,1076,18.6,55:57
619,563,"Joakim Nordstrom, C",BOS,70,7,5,12,0,13:29,1300,18.6,78:38
620,564,"Magnus Paajarvi, LW",OTT,80,11,8,19,-14,13:28,1516,19.0,56:42
621,565,"Dean Kukan, D",CBJ,25,0,5,5,6,13:28,470,18.8,67:19
622,566,"Jordan Weal, C",MTL/PHI/ARI,63,8,13,21,-8,13:28,1134,18.0,40:23
623,567,"Riley Sheahan, C",PIT/FLA,82,9,10,19,-9,13:28,1627,19.8,58:05
624,568,"Chris Wagner, RW",BOS,76,12,7,19,3,13:27,1373,18.1,53:48
625,569,"Casey Mittelstadt, C",BUF,77,12,13,25,-19,13:27,1333,17.3,41:25
626,570,"Brian Boyle, C",NJ/NSH,73,18,6,24,-14,13:26,1255,17.2,40:52
627,RK,PLAYER,TEAM,GP,G,A,PTS,+/-,TOI/G,SHFT,SHFT/G,PROD
628,571,"Joonas Donskoi, RW",SJ,80,14,23,37,10,13:25,1469,18.4,29:01
629,572,"Drake Batherson, RW",OTT,20,3,6,9,-2,13:25,338,16.9,29:48
630,573,"Tyler Pitlick, RW",DAL,47,8,4,12,-2,13:23,972,20.7,52:24
631,574,"Jason Dickinson, C",DAL,67,6,16,22,9,13:22,1392,20.8,40:43
632,575,"Michael Frolik, RW",CGY,65,16,18,34,24,13:22,1138,17.5,25:32
633,576,"Brogan Rafferty, D",VAN,2,0,0,0,-1,13:21,35,17.5,0:00
634,577,"Andreas Englund, D",OTT,3,0,0,0,-2,13:20,60,20.0,0:00
635,578,"Brett Connolly, RW",WSH,81,22,24,46,13,13:20,1267,15.6,23:28
636,579,"Dominik Simon, C",PIT,71,8,20,28,8,13:19,1311,18.5,33:47
637,580,"Ian McCoshen, D",FLA,19,1,1,2,-2,13:19,350,18.4,126:32
638,RK,PLAYER,TEAM,GP,G,A,PTS,+/-,TOI/G,SHFT,SHFT/G,PROD
639,581,"Josh Brown, D",FLA,37,1,1,2,-3,13:18,723,19.5,246:03
640,582,"Sam Bennett, C",CGY,71,13,14,27,-6,13:17,1276,18.0,34:56
641,583,"Eeli Tolvanen, RW",NSH,4,1,1,2,2,13:16,68,17.0,26:32
642,584,"Jason Spezza, C",DAL,76,8,19,27,-13,13:16,1513,19.9,37:21
643,585,"Blake Pietila, LW",NJ,19,0,1,1,-7,13:16,317,16.7,252:01
644,586,"Milan Lucic, LW",EDM,79,6,14,20,-9,13:14,1422,18.0,52:16
645,587,"Paul LaDue, D",LA,33,2,3,5,0,13:13,579,17.5,87:15
646,588,"Max Jones, LW",ANA,30,2,3,5,-1,13:10,549,18.3,79:02
647,589,"Christian Fischer, RW",ARI,71,11,7,18,-13,13:10,1332,18.8,51:56
648,590,"Louis Belpedio, D",MIN,2,0,0,0,0,13:08,31,15.5,0:00
649,RK,PLAYER,TEAM,GP,G,A,PTS,+/-,TOI/G,SHFT,SHFT/G,PROD
650,591,"Ryan Hartman, RW",PHI/NSH,83,12,14,26,1,13:07,1476,17.8,41:52
651,592,"Dalton Prout, D",CGY,20,1,1,2,1,13:07,343,17.2,131:09
652,593,"Robert Thomas, C",STL,70,9,24,33,-2,13:04,1181,16.9,27:43
653,594,"Kailer Yamamoto, RW",EDM,17,1,1,2,-6,13:04,298,17.5,111:01
654,595,"Chris Wideman, D",EDM/OTT/PIT/FLA,25,2,5,7,-12,13:03,470,18.8,46:38
655,596,"Scott Harrington, D",CBJ,73,2,15,17,6,13:03,1338,18.3,56:01
656,597,"Kevin Roy, C",ANA,3,0,0,0,-1,13:03,54,18.0,0:00
657,598,"Patrik Berglund, C",BUF,23,2,2,4,-5,13:03,412,17.9,74:59
658,599,"David Backes, C",BOS,70,7,13,20,0,13:02,1175,16.8,45:38
659,600,"Isac Lundestrom, C",ANA,15,0,2,2,-1,13:02,277,18.5,97:43
660,RK,PLAYER,TEAM,GP,G,A,PTS,+/-,TOI/G,SHFT,SHFT/G,PROD
661,601,"Tyson Jost, C",COL,70,11,15,26,-2,13:00,1143,16.3,35:01
662,602,"Nate Thompson, C",LA/MTL,78,5,8,13,-1,13:00,1542,19.8,78:01
663,603,"Noel Acciari, C",BOS,72,6,8,14,-3,12:59,1238,17.2,66:47
664,604,"Marcus Sorensen, RW",SJ,80,17,13,30,10,12:58,1478,18.5,34:34
665,605,"Lawson Crouse, LW",ARI,81,11,14,25,5,12:57,1603,19.8,41:57
666,606,"Justin Falk, D",OTT,10,0,0,0,-4,12:56,190,19.0,0:00
667,607,"Kenny Agostino, LW",MTL/NJ,63,6,18,24,-3,12:55,1072,17.0,33:54
668,608,"Joey Anderson, RW",NJ,34,4,3,7,-7,12:54,582,17.1,62:39
669,609,"Denis Malgin, C",FLA,50,7,9,16,-10,12:53,944,18.9,40:16
670,610,"Martin Hanzal, C",DAL,7,1,1,2,-4,12:52,140,20.0,45:01
671,RK,PLAYER,TEAM,GP,G,A,PTS,+/-,TOI/G,SHFT,SHFT/G,PROD
672,611,"Daniel Brickley, D",LA,4,0,1,1,-2,12:49,74,18.5,51:14
673,612,"Conor Garland, RW",ARI,47,13,5,18,1,12:47,810,17.2,33:23
674,613,"Nico Sturm, C",MIN,2,0,0,0,0,12:47,37,18.5,0:00
675,614,"Tyler Motte, C",VAN,74,9,7,16,-12,12:46,1425,19.3,59:05
676,615,"Joakim Ryan, D",SJ,44,0,7,7,-1,12:46,710,16.1,80:17
677,616,"Alexandre Texier, C",CBJ,2,1,0,1,3,12:46,32,16.0,25:32
678,,"Dennis Gilbert, D",CHI,1,0,0,0,0,12:46,17,17.0,0:00
679,618,"Dante Fabbro, D",NSH,4,1,0,1,-1,12:44,67,16.8,50:57
680,619,"Stefan Noesen, RW",NJ,41,3,5,8,-19,12:44,674,16.4,65:15
681,620,"Mark Jankowski, C",CGY,79,14,18,32,6,12:42,1458,18.5,31:22
682,RK,PLAYER,TEAM,GP,G,A,PTS,+/-,TOI/G,SHFT,SHFT/G,PROD
683,621,"Anthony Duclair, LW",OTT/CBJ,74,19,14,33,-2,12:42,1286,17.4,28:28
684,622,"Jason Garrison, D",CHI/EDM,17,1,0,1,1,12:42,305,17.9,215:50
685,623,"Troy Brouwer, RW",FLA,75,12,9,21,-6,12:41,1384,18.5,45:19
686,624,"Erik Condra, RW",DAL,6,1,0,1,-2,12:41,115,19.2,76:06
687,625,"Tom Kuhnhackl, RW",NYI,36,4,5,9,1,12:41,629,17.5,50:43
688,626,"Nathan Bastian, RW",NJ,7,3,0,3,0,12:41,119,17.0,29:35
689,627,"Justin Dowling, C",DAL,11,0,1,1,-4,12:40,206,18.7,139:21
690,628,"Brady Keeper, D",FLA,1,0,0,0,1,12:40,18,18.0,0:00
691,629,"Robby Fabbri, C",STL,32,2,4,6,-4,12:39,521,16.3,67:29
692,630,"Tobias Rieder, C",EDM,67,0,11,11,-8,12:39,1220,18.2,77:00
693,RK,PLAYER,TEAM,GP,G,A,PTS,+/-,TOI/G,SHFT,SHFT/G,PROD
694,631,"Ryan Carpenter, C",VGS,68,5,13,18,-6,12:37,1079,15.9,47:39
695,632,"Kevin Rooney, C",NJ,41,6,4,10,-4,12:37,738,18.0,51:42
696,633,"Peter Cehlarik, LW",BOS,20,4,2,6,3,12:36,315,15.8,41:58
697,634,"Andrew Cogliano, C",DAL/ANA,78,6,11,17,1,12:35,1547,19.8,57:46
698,635,"Dominic Turgeon, C",DET,4,0,0,0,-3,12:35,76,19.0,0:00
699,636,"Zach Sanford, LW",STL,60,8,12,20,8,12:35,1037,17.3,37:44
700,637,"Jujhar Khaira, LW",EDM,60,3,15,18,-12,12:34,1073,17.9,41:53
701,638,"Carter Rowney, RW",ANA,62,7,13,20,0,12:33,1117,18.0,38:54
702,639,"Mark Friedman, D",PHI,1,0,0,0,-1,12:33,19,19.0,0:00
703,640,"Haydn Fleury, D",CAR,20,0,1,1,4,12:32,340,17.0,250:40
704,RK,PLAYER,TEAM,GP,G,A,PTS,+/-,TOI/G,SHFT,SHFT/G,PROD
705,641,"Chase De Leo, C",ANA,1,0,0,0,1,12:32,18,18.0,0:00
706,642,"Max Veronneau, RW",OTT,12,2,2,4,-5,12:31,191,15.9,37:33
707,643,"Warren Foegele, LW",CAR,77,10,5,15,-17,12:30,1412,18.3,64:08
708,644,"Justin Holl, D",TOR,11,0,1,1,-5,12:29,191,17.4,137:18
709,645,"Oscar Lindberg, C",OTT/VGS,55,9,11,20,4,12:28,896,16.3,34:18
710,646,"Tomas Nosek, C",VGS,68,8,9,17,-10,12:28,1055,15.5,49:53
711,647,"Jason Pominville, RW",BUF,73,16,15,31,-4,12:28,1232,16.9,29:21
712,648,"Pierre-Edouard Bellemare, RW",VGS,76,6,9,15,2,12:26,1196,15.7,62:58
713,649,"Oliver Kylington, D",CGY,38,3,5,8,3,12:25,633,16.7,59:00
714,650,"Samuel Morin, D",PHI,5,0,0,0,-3,12:22,86,17.2,0:00
715,RK,PLAYER,TEAM,GP,G,A,PTS,+/-,TOI/G,SHFT,SHFT/G,PROD
716,651,"Brandon Dubinsky, C",CBJ,61,6,8,14,-16,12:21,1178,19.3,53:50
717,652,"Evan Bouchard, D",EDM,7,1,0,1,-5,12:21,112,16.0,86:29
718,653,"Rudolfs Balcers, LW",OTT,36,5,9,14,-7,12:21,585,16.3,31:46
719,654,"Oliver Bjorkstrand, RW",CBJ,77,23,13,36,8,12:20,1248,16.2,26:23
720,655,"Nick Seeler, D",MIN,71,2,5,7,-4,12:20,1169,16.5,125:05
721,656,"Laurent Dauphin, C",ARI/NSH,1,0,0,0,-1,12:19,17,17.0,0:00
722,657,"Colby Cave, C",BOS/EDM,53,3,5,8,-5,12:19,909,17.2,81:34
723,658,"Colton Sceviour, C",FLA,59,5,10,15,-2,12:18,1055,17.9,48:21
724,659,"Drew Stafford, RW",NJ,57,5,8,13,-7,12:16,868,15.2,53:46
725,660,"Joel L'Esperance, RW",DAL,18,2,0,2,-4,12:15,330,18.3,110:14
726,RK,PLAYER,TEAM,GP,G,A,PTS,+/-,TOI/G,SHFT,SHFT/G,PROD
727,661,"Mathieu Perreault, C",WPG,82,15,15,30,-1,12:14,1350,16.5,33:26
728,662,"Michael McLeod, C",NJ,21,0,3,3,-8,12:12,337,16.0,85:22
729,663,"Alexander Nylander, LW",BUF,12,2,2,4,-4,12:12,190,15.8,36:34
730,664,"Andrew Copp, C",WPG,69,11,14,25,20,12:10,1215,17.6,33:33
731,665,"Karson Kuhlman, RW",BOS,11,3,2,5,5,12:09,183,16.6,26:43
732,666,"Tage Thompson, C",BUF,65,7,5,12,-22,12:08,1031,15.9,65:42
733,667,"Chandler Stephenson, C",WSH,64,5,6,11,-13,12:07,1005,15.7,70:29
734,668,"Michael Dal Colle, LW",NYI,28,3,4,7,3,12:07,435,15.5,48:26
735,669,"Victor Rask, C",CAR/MIN,49,3,6,9,-4,12:06,839,17.1,65:53
736,670,"Cameron Schilling, D",WPG,4,0,1,1,0,12:06,61,15.3,48:23
737,RK,PLAYER,TEAM,GP,G,A,PTS,+/-,TOI/G,SHFT,SHFT/G,PROD
738,671,"Michael Rasmussen, C",DET,62,8,10,18,-8,12:05,1014,16.4,41:35
739,672,"Ben Street, RW",ANA,21,3,2,5,-4,12:04,373,17.8,50:41
740,673,"Jacob MacDonald, D",FLA,2,1,0,1,1,12:03,33,16.5,24:06
741,674,"Andrej Sustr, D",ANA,5,0,0,0,0,12:02,93,18.6,0:00
742,675,"Cedric Paquette, C",TB,80,13,4,17,7,12:00,1400,17.5,56:29
743,676,"Henrik Borgstrom, C",FLA,50,8,10,18,-14,12:00,852,17.0,33:20
744,677,"Marcus Foligno, LW",MIN,82,7,12,19,-1,11:58,1336,16.3,51:39
745,678,"Daniel Sprong, RW",PIT/ANA,63,14,9,23,-16,11:57,970,15.4,32:44
746,679,"Jesse Puljujarvi, RW",EDM,46,4,5,9,-14,11:57,769,16.7,61:05
747,680,"Danny O'Regan, C",BUF,1,0,0,0,0,11:56,15,15.0,0:00
748,RK,PLAYER,TEAM,GP,G,A,PTS,+/-,TOI/G,SHFT,SHFT/G,PROD
749,681,"Anthony Bitetto, D",NSH/MIN,36,0,3,3,-7,11:56,563,15.6,143:06
750,682,"Valeri Nichushkin, RW",DAL,57,0,10,10,-4,11:55,1027,18.0,67:55
751,683,"Yannick Weber, D",NSH,62,2,6,8,7,11:55,1039,16.8,92:19
752,684,"Eric Robinson, LW",CBJ,13,0,0,0,-4,11:50,197,15.2,0:00
753,685,"Jake Dotchin, D",ANA,20,0,1,1,-4,11:49,336,16.8,236:11
754,686,"Anders Bjork, LW",BOS,20,1,2,3,-1,11:48,305,15.3,78:39
755,687,"Jakob Forsbacka Karlsson, C",BOS,28,3,6,9,1,11:48,431,15.4,36:41
756,688,"Dale Weise, RW",MTL/PHI,51,5,6,11,-8,11:47,905,17.7,54:36
757,689,"Tomas Hyka, LW",VGS,17,1,3,4,-2,11:46,258,15.2,50:00
758,690,"Matt Read, RW",MIN,12,1,0,1,-2,11:45,191,15.9,141:03
759,RK,PLAYER,TEAM,GP,G,A,PTS,+/-,TOI/G,SHFT,SHFT/G,PROD
760,691,"Tom Pyatt, C",OTT/VAN,37,0,2,2,-16,11:43,621,16.8,216:42
761,692,"Kyle Brodziak, C",EDM,70,6,3,9,-14,11:42,1190,17.0,90:56
762,693,"Derek Grant, C",PIT/ANA,56,4,10,14,-6,11:41,969,17.3,46:44
763,694,"Charles Hudon, LW",MTL,32,3,2,5,-9,11:40,489,15.3,74:42
764,695,"Alex Formenton, LW",OTT,9,1,0,1,-2,11:40,138,15.3,105:01
765,696,"Jaret Anderson-Dolan, C",LA,5,0,1,1,-2,11:36,75,15.0,58:01
766,697,"Brendan Perlini, LW",CHI/ARI,68,14,7,21,-17,11:36,1069,15.7,37:34
767,698,"Zach Senyshyn, RW",BOS,2,1,0,1,0,11:36,31,15.5,23:11
768,699,"Ivan Barbashev, LW",STL,80,14,12,26,-4,11:31,1336,16.7,35:25
769,700,"Matt Cullen, C",PIT,71,7,13,20,6,11:31,1307,18.4,40:51
770,RK,PLAYER,TEAM,GP,G,A,PTS,+/-,TOI/G,SHFT,SHFT/G,PROD
771,701,"Melker Karlsson, RW",SJ,79,12,4,16,-1,11:30,1405,17.8,56:46
772,702,"Jordan Schmaltz, D",STL,20,0,2,2,-7,11:29,339,17.0,114:51
773,703,"Trevor Carrick, D",CAR,1,0,0,0,-1,11:29,13,13.0,0:00
774,704,"Scott Wilson, C",BUF,15,0,3,3,-8,11:27,245,16.3,57:15
775,705,"Jacob De La Rose, LW",DET/MTL,60,3,6,9,-13,11:26,958,16.0,76:15
776,706,"Matt Martin, LW",NYI,67,6,8,14,5,11:26,1072,16.0,54:43
777,707,"Ryan Spooner, C",EDM/NYR/VAN,52,3,6,9,-12,11:26,819,15.8,66:01
778,708,"Michael Raffl, LW",PHI,67,6,12,18,-1,11:25,1083,16.2,42:29
779,709,"Kiefer Sherwood, RW",ANA,50,6,6,12,1,11:22,784,15.7,47:22
780,710,"Ryan Poehling, C",MTL,1,3,0,3,3,11:22,19,19.0,3:47
781,RK,PLAYER,TEAM,GP,G,A,PTS,+/-,TOI/G,SHFT,SHFT/G,PROD
782,,"Riley Stillman, D",FLA,1,0,0,0,0,11:22,19,19.0,0:00
783,712,"Mathieu Joseph, RW",TB,70,13,13,26,5,11:22,1146,16.4,30:34
784,713,"Par Lindholm, C",TOR/WPG,65,1,12,13,5,11:21,1136,17.5,56:44
785,714,"Ty Rattie, RW",EDM,50,4,7,11,-2,11:21,761,15.2,51:34
786,715,"Dakota Mermis, D",ARI,1,0,0,0,1,11:20,17,17.0,0:00
787,716,"Austin Czarnik, C",CGY,54,6,12,18,-1,11:20,838,15.5,33:59
788,717,"Antti Suomela, C",SJ,27,3,5,8,1,11:19,447,16.6,38:11
789,718,"John Quenneville, C",NJ,19,1,0,1,-1,11:19,288,15.2,214:59
790,719,"Matt Irwin, D",NSH,44,1,6,7,5,11:18,685,15.6,71:00
791,720,"Dylan Sikura, C",CHI,33,0,8,8,2,11:17,510,15.5,46:32
792,RK,PLAYER,TEAM,GP,G,A,PTS,+/-,TOI/G,SHFT,SHFT/G,PROD
793,721,"Michael Chaput, C",MTL/ARI,32,0,5,5,-4,11:13,545,17.0,71:49
794,722,"Blake Lizotte, C",LA,1,0,0,0,-1,11:12,14,14.0,0:00
795,723,"Mario Kempe, RW",ARI,52,4,5,9,5,11:11,918,17.7,64:37
796,724,"Ryan Murphy, D",NJ/MIN,3,0,1,1,1,11:10,44,14.7,33:30
797,725,"Ryan Callahan, RW",TB,52,7,10,17,7,11:08,845,16.3,34:04
798,726,"Andre Burakovsky, LW",WSH,76,12,13,25,2,11:08,1060,13.9,33:49
799,727,"Matt Luff, RW",LA,33,8,3,11,-2,11:07,533,16.2,33:20
800,728,"Ryan Graves, D",COL,26,3,2,5,4,11:06,405,15.6,57:44
801,729,"Sven Andrighetto, RW",COL,64,7,10,17,10,11:04,930,14.5,41:40
802,730,"Dryden Hunt, LW",FLA,31,3,7,10,0,11:04,469,15.1,34:17
803,RK,PLAYER,TEAM,GP,G,A,PTS,+/-,TOI/G,SHFT,SHFT/G,PROD
804,731,"Teddy Blueger, C",PIT,28,6,4,10,7,11:03,454,16.2,30:57
805,732,"Eric Fehr, RW",MIN,72,7,8,15,-8,11:03,1163,16.2,53:00
806,733,"Barclay Goodrow, LW",SJ,82,7,10,17,4,11:01,1411,17.2,53:06
807,734,"Guillaume Brisebois, D",VAN,8,0,0,0,-4,11:01,134,16.8,0:00
808,735,"Kevin Stenlund, C",CBJ,4,0,0,0,0,10:58,59,14.8,0:00
809,736,"Adam Gaudette, C",VAN,56,5,7,12,-8,10:57,897,16.0,51:05
810,737,"Ryan Kuffner, LW",DET,10,0,0,0,-4,10:56,150,15.0,0:00
811,738,"Jakub Zboril, D",BOS,2,0,0,0,0,10:56,42,21.0,0:00
812,739,"Juho Lammikko, RW",FLA,40,0,6,6,-7,10:56,665,16.6,72:52
813,740,"Janne Kuokkanen, C",CAR,7,0,0,0,-2,10:55,101,14.4,0:00
814,RK,PLAYER,TEAM,GP,G,A,PTS,+/-,TOI/G,SHFT,SHFT/G,PROD
815,741,"Brian Gibbons, C",OTT/ANA,64,8,11,19,-5,10:55,1037,16.2,36:46
816,742,"Tomas Plekanec, C",MTL,3,1,0,1,0,10:53,58,19.3,32:38
817,743,"Ryan Reaves, RW",VGS,80,9,11,20,1,10:52,1063,13.3,43:29
818,744,"Denis Gurianov, RW",DAL,21,1,3,4,-3,10:52,349,16.6,57:04
819,745,"Devante Smith-Pelly, RW",WSH,54,4,4,8,-6,10:51,778,14.4,73:15
820,746,"Riley Nash, C",CBJ,78,3,9,12,-8,10:50,1157,14.8,70:27
821,747,"Cody Goloubef, D",OTT,5,0,0,0,0,10:49,79,15.8,0:00
822,748,"Tanner Fritz, C",NYI,8,0,1,1,-3,10:49,113,14.1,86:35
823,749,"Luke Johnson, C",CHI,15,0,1,1,-8,10:49,238,15.9,162:11
824,750,"Matt Tennyson, D",BUF,4,0,0,0,-4,10:45,63,15.8,0:00
825,RK,PLAYER,TEAM,GP,G,A,PTS,+/-,TOI/G,SHFT,SHFT/G,PROD
826,751,"Lias Andersson, C",NYR,42,2,4,6,-13,10:43,663,15.8,75:01
827,752,"Matt Bartkowski, D",MIN,2,1,0,1,2,10:42,33,16.5,21:24
828,753,"Lukas Radil, LW",SJ,36,7,4,11,7,10:41,550,15.3,34:57
829,754,"Jamie McGinn, LW",FLA,19,4,3,7,-5,10:41,292,15.4,28:58
830,755,"Erik Burgdoerfer, D",OTT,4,0,0,0,-1,10:40,55,13.8,0:00
831,756,"Tim Schaller, LW",VAN,47,3,7,10,-2,10:40,761,16.2,50:06
832,757,"Greg McKegg, C",CAR,41,6,5,11,-2,10:40,650,15.9,39:44
833,758,"C.J. Smith, LW",BUF,11,2,0,2,0,10:39,157,14.3,58:36
834,759,"Adam Clendening, D",CBJ,4,0,0,0,1,10:39,64,16.0,0:00
835,760,"Paul Carey, C",BOS/OTT,7,0,0,0,0,10:39,91,13.0,0:00
836,RK,PLAYER,TEAM,GP,G,A,PTS,+/-,TOI/G,SHFT,SHFT/G,PROD
837,761,"Christoffer Ehn, C",DET,60,3,6,9,-5,10:37,874,14.6,70:45
838,762,"Alexandre Fortin, LW",CHI,24,3,3,6,-6,10:35,349,14.5,42:21
839,763,"Adam Erne, LW",TB,65,7,13,20,10,10:33,976,15.0,34:16
840,764,"Andrew Mangiapane, LW",CGY,44,8,5,13,11,10:33,653,14.8,35:41
841,765,"Garnet Hathaway, RW",CGY,76,11,8,19,14,10:32,1160,15.3,42:06
842,766,"Matthew Peca, C",MTL,39,3,7,10,-14,10:31,594,15.2,41:02
843,767,"Logan Brown, C",OTT,2,0,0,0,-2,10:31,27,13.5,0:00
844,768,"Kyle Clifford, LW",LA,72,11,10,21,4,10:29,1084,15.1,35:57
845,769,"Miikka Salomaki, RW",NSH,37,3,4,7,5,10:27,540,14.6,55:16
846,770,"Adam Cracknell, RW",ANA,2,0,0,0,-1,10:26,35,17.5,0:00
847,RK,PLAYER,TEAM,GP,G,A,PTS,+/-,TOI/G,SHFT,SHFT/G,PROD
848,771,"Marcus Kruger, C",CHI,74,4,8,12,-2,10:25,1231,16.6,64:13
849,772,"Matt Puempel, LW",DET,8,1,0,1,-2,10:24,116,14.5,83:13
850,773,"Remi Elie, LW",BUF,16,0,1,1,-3,10:21,235,14.7,165:36
851,774,"Brett Seney, LW",NJ,51,5,8,13,-14,10:20,705,13.8,40:31
852,775,"Kalle Kossila, C",ANA,8,1,0,1,-1,10:18,131,16.4,82:26
853,776,"Nic Dowd, C",WSH,64,8,14,22,10,10:18,862,13.5,29:56
854,777,"Jean-Sebastien Dea, C",NJ/PIT/FLA,23,4,2,6,0,10:15,339,14.7,39:18
855,778,"Nate Prosser, D",MIN,15,0,0,0,1,10:13,209,13.9,0:00
856,779,"Sam Carrick, C",ANA,6,0,1,1,-1,10:13,96,16.0,61:19
857,780,"Michael Amadio, C",LA,43,6,7,13,-1,10:12,606,14.1,33:45
858,RK,PLAYER,TEAM,GP,G,A,PTS,+/-,TOI/G,SHFT,SHFT/G,PROD
859,781,"Dillon Heatherington, D",DAL,5,0,1,1,4,10:11,71,14.2,50:56
860,782,"Danick Martel, C",TB,9,0,2,2,3,10:11,124,13.8,45:48
861,783,"Nikita Scherbak, LW",LA/MTL,8,1,0,1,-4,10:11,114,14.3,81:25
862,784,"Vinni Lettieri, C",NYR,27,1,2,3,-7,10:09,359,13.3,91:24
863,785,"Phil Di Giuseppe, LW",CAR/NSH,24,1,3,4,-3,10:08,339,14.1,60:48
864,786,"Nelson Nogier, D",WPG,1,0,0,0,0,10:06,11,11.0,0:00
865,787,"Dmitrij Jaskin, RW",WSH,37,2,6,8,-5,10:05,462,12.5,46:38
866,788,"Dillon Dube, C",CGY,25,1,4,5,2,10:04,350,14.0,50:20
867,789,"Nicolas Deslauriers, LW",MTL,48,2,3,5,-12,10:02,668,13.9,96:21
868,790,"Martin Necas, C",CAR,7,1,1,2,0,10:01,103,14.7,35:05
869,RK,PLAYER,TEAM,GP,G,A,PTS,+/-,TOI/G,SHFT,SHFT/G,PROD
870,791,"Rocco Grimaldi, C",NSH,53,5,8,13,-2,10:00,747,14.1,40:47
871,792,"Valentin Zykov, RW",EDM/CAR/VGS,28,2,3,5,-5,9:57,342,12.2,55:43
872,793,"William Carrier, LW",VGS,54,8,1,9,-4,9:57,700,13.0,59:40
873,794,"Tyler Ennis, LW",TOR,51,12,6,18,-6,9:56,683,13.4,28:09
874,795,"Jacob Middleton, D",SJ,3,0,1,1,-1,9:56,41,13.7,29:48
875,796,"Jonny Brodzinski, C",LA,13,2,1,3,0,9:55,176,13.5,43:00
876,797,"Mark Alt, D",COL,2,0,0,0,0,9:55,29,14.5,0:00
877,798,"Sammy Blais, LW",STL,32,2,2,4,-1,9:51,429,13.4,78:49
878,799,"Travis Boyd, C",WSH,53,5,15,20,6,9:50,695,13.1,26:02
879,800,"Daniel Carr, LW",VGS,6,1,0,1,-1,9:50,73,12.2,58:57
880,RK,PLAYER,TEAM,GP,G,A,PTS,+/-,TOI/G,SHFT,SHFT/G,PROD
881,801,"Jack Roslovic, C",WPG,77,9,15,24,-2,9:45,1015,13.2,31:15
882,802,"Colin Blackwell, C",NSH,6,0,0,0,-1,9:44,86,14.3,0:00
883,803,"Gabriel Bourque, LW",COL,55,2,6,8,3,9:44,757,13.8,66:56
884,804,"Rem Pitlick, C",NSH,1,0,0,0,0,9:43,14,14.0,0:00
885,805,"Corban Knight, C",PHI,23,1,3,4,-5,9:41,304,13.2,55:39
886,806,"Jordan Kyrou, C",STL,16,1,2,3,-1,9:40,213,13.3,51:31
887,807,"Boo Nieves, C",NYR,43,4,6,10,-4,9:39,573,13.3,41:31
888,808,"Brett Ritchie, RW",DAL,53,4,2,6,-7,9:36,814,15.4,84:50
889,809,"Luke Witkowski, D",DET,34,0,2,2,-5,9:36,447,13.1,163:09
890,810,"Michael Bunting, LW",ARI,5,1,0,1,0,9:33,71,14.2,47:47
891,RK,PLAYER,TEAM,GP,G,A,PTS,+/-,TOI/G,SHFT,SHFT/G,PROD
892,811,"Anthony Greco, RW",FLA,1,0,0,0,-3,9:30,16,16.0,0:00
893,812,"Alan Quine, C",CGY,13,3,2,5,0,9:30,172,13.2,24:41
894,813,"Markus Hannikainen, LW",CBJ,44,4,3,7,-5,9:29,599,13.6,59:34
895,814,"Clark Bishop, C",CAR,20,1,2,3,-3,9:27,269,13.5,63:02
896,815,"Jayce Hawryluk, C",FLA,42,7,5,12,-8,9:26,588,14.0,33:00
897,816,"Saku Maenalanen, RW",CAR,34,4,4,8,0,9:26,506,14.9,40:04
898,817,"Rourke Chartier, C",SJ,13,1,0,1,-5,9:24,187,14.4,122:14
899,818,"Trent Frederic, C",BOS,15,0,0,0,-4,9:24,198,13.2,0:00
900,819,"Gabriel Carlsson, D",CBJ,1,0,0,0,-1,9:21,17,17.0,0:00
901,820,"Kurtis MacDermid, D",LA,11,0,1,1,-1,9:21,146,13.3,102:49
902,RK,PLAYER,TEAM,GP,G,A,PTS,+/-,TOI/G,SHFT,SHFT/G,PROD
903,821,"Mikhail Vorobyev, C",PHI,15,1,1,2,0,9:20,183,12.2,70:00
904,,"Mark Letestu, C",CBJ,2,0,0,0,-1,9:20,27,13.5,0:00
905,823,"Kole Sherwood, RW",CBJ,2,0,0,0,0,9:14,25,12.5,0:00
906,824,"Martin Frk, RW",DET,30,1,5,6,-9,9:11,389,13.0,45:55
907,825,"Kerby Rychel, LW",CGY,2,0,0,0,-1,9:11,26,13.0,0:00
908,826,"J.T. Brown, RW",MIN,56,3,5,8,0,9:10,692,12.4,64:11
909,827,"John Hayden, C",CHI,54,3,2,5,-12,9:10,712,13.2,98:56
910,828,"Jori Lehtera, C",PHI,27,1,2,3,-7,9:07,389,14.4,82:00
911,829,"Urho Vaakanainen, D",BOS,2,0,0,0,-1,9:06,25,12.5,0:00
912,830,"Trevor Moore, LW",TOR,25,2,6,8,1,9:06,335,13.4,28:25
913,RK,PLAYER,TEAM,GP,G,A,PTS,+/-,TOI/G,SHFT,SHFT/G,PROD
914,831,"Sheldon Dries, C",COL,40,3,3,6,-7,9:04,519,13.0,60:29
915,832,"Brandon Gignac, C",NJ,1,0,0,0,-2,9:04,12,12.0,0:00
916,833,"Chris Kunitz, LW",CHI,56,5,5,10,-7,9:04,747,13.3,50:43
917,834,"Brendan Lemieux, LW",NYR/WPG,63,12,5,17,6,9:03,795,12.6,33:31
918,835,"Vladislav Kamenev, LW",COL,23,2,3,5,-2,9:02,295,12.8,41:34
919,836,"Zac Dalpe, C",CBJ,1,0,1,1,1,9:01,16,16.0,9:01
920,837,"Frederick Gaudreau, C",NSH,55,3,1,4,1,9:01,732,13.3,123:56
921,838,"Lukas Sedlak, C",CBJ,47,4,2,6,-5,9:00,620,13.2,70:29
922,839,"Stefan Elliott, D",OTT,3,0,1,1,1,8:59,45,15.0,26:57
923,840,"Connor Brickley, C",NYR,14,1,3,4,3,8:59,172,12.3,31:25
924,RK,PLAYER,TEAM,GP,G,A,PTS,+/-,TOI/G,SHFT,SHFT/G,PROD
925,841,"Brad Malone, C",EDM,16,0,0,0,0,8:57,218,13.6,0:00
926,842,"Austin Wagner, LW",LA,62,12,9,21,2,8:56,827,13.3,26:21
927,843,"Matt Hendricks, C",WPG/MIN,26,0,3,3,-2,8:50,327,12.6,76:37
928,844,"Patrick Russell, RW",EDM,6,0,0,0,0,8:47,76,12.7,0:00
929,845,"Stephen Gionta, RW",NYI,5,0,0,0,-4,8:47,71,14.2,0:00
930,846,"Sheldon Rempal, RW",LA,7,0,0,0,-1,8:44,85,12.1,0:00
931,847,"Josh Currie, RW",EDM,21,2,3,5,2,8:43,259,12.3,36:34
932,848,"Dylan Gambrell, C",SJ,8,0,0,0,1,8:38,98,12.3,0:00
933,849,"Cory Conacher, LW",TB,1,0,0,0,0,8:35,13,13.0,0:00
934,850,"Nick Paul, LW",OTT,20,1,1,2,-10,8:28,225,11.3,84:44
935,RK,PLAYER,TEAM,GP,G,A,PTS,+/-,TOI/G,SHFT,SHFT/G,PROD
936,851,"Jake Bean, D",CAR,2,0,0,0,0,8:28,26,13.0,0:00
937,852,"Gemel Smith, C",BOS/DAL,17,2,1,3,-4,8:22,220,12.9,47:25
938,853,"Frederik Gauthier, C",TOR,70,3,11,14,3,8:22,867,12.4,41:49
939,854,"Sonny Milano, LW",CBJ,8,1,0,1,0,8:19,94,11.8,66:34
940,855,"Mason Appleton, C",WPG,36,3,7,10,9,8:12,427,11.9,29:32
941,856,"Nathan Walker, LW",WSH,3,0,1,1,1,8:09,32,10.7,24:26
942,857,"Joe Gambardella, C",EDM,15,0,3,3,2,8:06,169,11.3,40:31
943,858,"Micheal Haley, C",SJ/FLA,43,2,4,6,-2,8:05,536,12.5,57:59
944,859,"Mackenzie MacEachern, LW",STL,29,3,2,5,0,8:02,336,11.6,46:35
945,860,"Jordan Nolan, C",STL,14,0,2,2,2,7:56,165,11.8,55:34
946,RK,PLAYER,TEAM,GP,G,A,PTS,+/-,TOI/G,SHFT,SHFT/G,PROD
947,861,"Andreas Martinsen, C",CHI,24,1,3,4,-5,7:56,293,12.2,47:36
948,862,"Ross Johnston, LW",NYI,17,1,3,4,3,7:55,189,11.1,33:38
949,863,"Phil Varone, C",PHI,47,3,4,7,-2,7:55,516,11.0,53:07
950,864,"Wade Megan, C",DET,11,0,1,1,-4,7:53,123,11.2,86:39
951,865,"Jakub Jerabek, D",STL,1,0,0,0,-3,7:52,15,15.0,0:00
952,866,"Jacob Nilsson, C",CHI,2,0,0,0,-2,7:52,21,10.5,0:00
953,867,"Lee Stempniak, RW",BOS,2,0,0,0,-1,7:49,21,10.5,0:00
954,868,"Andrew Agozzino, LW",COL,11,1,1,2,2,7:49,113,10.3,42:57
955,869,"Steven Fogarty, C",NYR,10,0,0,0,-1,7:46,112,11.2,0:00
956,870,"Nic Petan, C",TOR/WPG,18,1,2,3,-5,7:38,193,10.7,45:49
957,RK,PLAYER,TEAM,GP,G,A,PTS,+/-,TOI/G,SHFT,SHFT/G,PROD
958,871,"Garrett Wilson, LW",PIT,50,2,6,8,2,7:37,590,11.8,47:35
959,872,"Brendan Gaunce, C",VAN,3,1,2,3,3,7:37,37,12.3,7:36
960,873,"Tim Gettinger, LW",NYR,4,0,0,0,0,7:31,42,10.5,0:00
961,874,"Max McCormick, LW",OTT,14,1,0,1,-6,7:30,153,10.9,105:00
962,875,"Joseph Blandisi, C",PIT/ANA,9,0,0,0,-1,7:27,100,11.1,0:00
963,876,"Tyrell Goulbourne, LW",PHI,2,0,0,0,0,7:25,23,11.5,0:00
964,877,"Matt Donovan, D",NSH,2,0,1,1,0,7:24,21,10.5,14:47
965,878,"Darren Archibald, LW",OTT/VAN,12,1,1,2,-3,7:23,138,11.5,44:15
966,879,"Kurtis Gabriel, RW",NJ,22,2,2,4,0,7:22,254,11.5,40:33
967,880,"Matt Beleskey, LW",NYR,4,1,0,1,1,7:22,42,10.5,29:29
968,RK,PLAYER,TEAM,GP,G,A,PTS,+/-,TOI/G,SHFT,SHFT/G,PROD
969,881,"Anthony Richard, C",NSH,1,0,0,0,-1,7:22,12,12.0,0:00
970,882,"Maxim Mamin, C",FLA,7,0,0,0,-2,7:21,79,11.3,0:00
971,883,"Zack MacEwen, C",VAN,4,0,1,1,-4,7:11,47,11.8,28:44
972,884,"Anton Lindholm, D",COL,2,0,0,0,-1,7:11,22,11.0,0:00
973,885,"Nikita Soshnikov, RW",STL,5,0,0,0,-1,7:10,57,11.4,0:00
974,886,"Zac Rinaldo, C",NSH,23,1,2,3,1,7:07,251,10.9,54:37
975,887,"Justin Kloos, C",ANA,1,0,0,0,0,7:04,10,10.0,0:00
976,888,"Jack Rodewald, RW",OTT,6,0,0,0,0,7:04,54,9.0,0:00
977,889,"Kyle Rau, C",MIN,6,0,1,1,0,7:01,62,10.3,42:05
978,890,"Ryan Lomberg, LW",CGY,4,0,0,0,0,6:59,43,10.8,0:00
979,RK,PLAYER,TEAM,GP,G,A,PTS,+/-,TOI/G,SHFT,SHFT/G,PROD
980,891,"Nicolas Roy, C",CAR,6,0,0,0,0,6:57,70,11.7,0:00
981,892,"Cooper Marody, C",EDM,6,0,0,0,-1,6:55,59,9.8,0:00
982,893,"Marko Dano, C",COL,8,0,0,0,-1,6:53,86,10.8,0:00
983,894,"Kristian Vesalainen, LW",WPG,5,0,1,1,0,6:50,50,10.0,34:12
984,895,"Logan O'Connor, RW",COL,5,0,0,0,-2,6:49,49,9.8,0:00
985,896,"Dominic Toninato, C",COL,2,1,0,1,0,6:42,21,10.5,13:24
986,897,"Cody McLeod, LW",NYR/NSH,38,1,0,1,-13,6:29,363,9.6,246:26
987,898,"A.J. Greer, LW",COL,15,1,1,2,-2,6:16,142,9.5,47:00
988,899,"Justin Bailey, RW",PHI,11,0,1,1,0,5:44,98,8.9,63:05
989,900,"Nicolas Aube-Kubel, RW",PHI,9,0,0,0,1,5:35,72,8.0,0:00
990,RK,PLAYER,TEAM,GP,G,A,PTS,+/-,TOI/G,SHFT,SHFT/G,PROD
991,901,"Reid Boucher, C",VAN,1,0,0,0,0,5:28,10,10.0,0:00
992,902,"Adam Johnson, C",PIT,6,0,2,2,2,5:18,55,9.2,15:55
993,903,"Curtis Lazar, RW",CGY,1,0,0,0,-1,4:48,9,9.0,0:00
994,904,"Anthony Peluso, RW",CGY,4,0,0,0,-1,4:07,27,6.8,0:00
995,905,"Derek MacKenzie, C",FLA,1,0,0,0,0,2:43,4,4.0,0:00
996,906,"Chris Thorburn, RW",STL,1,0,0,0,0,1:52,3,3.0,0:00
