,PLAYER,INJURY COUNT,CAP HIT,CHIP,GAMES MISSED,INJURY TYPE,POSITION,SEASON,TEAM
0,Abdelkader Justin,2,4.25,51.829268293,1,Cheek,F,2017/18,Detroit
1,Abdelkader Justin,2,4.25,310.975609756,6,Lower body,F,2017/18,Detroit
2,Acciari Noel,3,0.725,114.93902439,13,Finger,F,2017/18,Boston
3,Acciari Noel,3,0.725,61.890243901999995,7,Lower body,F,2017/18,Boston
4,Acciari Noel,3,0.725,8.841463415,1,Upper body,F,2017/18,Boston
5,Aho Sebastian,1,1.775,86.585365854,4,Concussion,F,2017/18,Carolina
6,Andersen Frederik,1,5.0,121.95121951200001,2,Upper body,G,2017/18,Toronto
7,Anderson Josh,1,1.85,383.536585366,17,Knee,F,2017/18,Columbus
8,Andreoff Andy,1,0.6775,41.31097561,5,Upper body,F,2017/18,Los Angeles
9,Andrighetto Sven,2,1.4,478.04878048800003,28,Leg,F,2017/18,Colorado
10,Andrighetto Sven,2,1.4,51.219512195,3,Lower body,F,2017/18,Colorado
11,Anisimov Artem,1,4.55,554.87804878,10,Upper body,F,2017/18,Chicago
12,Antipin Victor,1,1.775,86.585365854,4,Concussion,D,2017/18,Buffalo
13,Arvidsson Viktor,2,4.25,51.829268293,1,Lower body,F,2017/18,Nashville
14,Arvidsson Viktor,2,4.25,103.658536585,2,Lower body,F,2017/18,Nashville
15,Aston-Reese Zach,1,0.925,146.646341463,13,Upper body,F,2017/18,Pittsburgh
16,Atkinson Cam,2,3.5,469.512195122,11,Foot,F,2017/18,Columbus
17,Atkinson Cam,2,3.5,170.731707317,4,Lower body,F,2017/18,Columbus
18,Auvitu Yohann,1,0.7,17.073170732,2,Foot,D,2017/18,Edmonton
19,Backes David,2,6.0,878.048780488,12,Colon,F,2017/18,Boston
20,Backes David,2,6.0,365.85365853699994,5,Knee,F,2017/18,Boston
21,Baertschi Sven,2,1.85,248.17073170700002,11,Jaw,F,2017/18,Vancouver
22,Baertschi Sven,2,1.85,383.536585366,17,Shoulder,F,2017/18,Vancouver
23,Bailey Josh,2,3.3,160.975609756,4,Lower body,F,2017/18,NY Islanders
24,Bailey Josh,2,3.3,80.487804878,2,Upper body,F,2017/18,NY Islanders
25,Bailey Justin,1,0.894167,54.522378049,5,Lower body,F,2017/18,Buffalo
26,Barberio Mark,1,0.75,301.829268293,33,Lower body,D,2017/18,Colorado
27,Barkov Aleksander,2,5.9,71.951219512,1,Upper body,F,2017/18,Florida
28,Barkov Aleksander,2,5.9,143.902439024,2,Upper body,F,2017/18,Florida
29,Barrie Tyson,2,5.5,871.951219512,13,Hand,D,2017/18,Colorado
30,Barrie Tyson,2,5.5,67.073170732,1,Upper body,D,2017/18,Colorado
31,Beagle Jay,1,1.75,64.024390244,3,Upper body,F,2017/18,Washington
32,Beaulieu Nathan,2,2.4,117.07317073200001,4,Upper body,D,2017/18,Buffalo
33,Beaulieu Nathan,2,2.4,204.87804878,7,Upper body,D,2017/18,Buffalo
34,Beauvillier Anthony,1,1.106667,13.495939024,1,Leg,F,2017/18,NY Islanders
35,Bellemare Pierre-Edouard,1,1.45,123.780487805,7,Hand,F,2017/18,Vegas
36,Benning Matt,1,1.075,26.219512195,2,Upper body,D,2017/18,Edmonton
37,Bergeron Patrice,2,6.875,1089.93902439,13,Foot,F,2017/18,Boston
38,Bergeron Patrice,2,6.875,419.207317073,5,Lower body,F,2017/18,Boston
39,Berglund Patrik,1,3.85,1126.829268293,24,Shoulder,F,2017/18,St. Louis
40,Bernier Jonathan,3,2.75,268.292682927,8,Concussion,G,2017/18,Colorado
41,Bernier Jonathan,3,2.75,100.60975609799999,3,Infection,G,2017/18,Colorado
42,Bernier Jonathan,3,2.75,167.682926829,5,Neck,G,2017/18,Colorado
43,Bieksa Kevin,2,4.0,195.12195122,4,Hand,D,2017/18,Anaheim
44,Bieksa Kevin,2,4.0,536.585365854,11,Hand,D,2017/18,Anaheim
45,Bishop Ben,4,4.9166669999999995,59.959353658999994,1,Back,G,2017/18,Dallas
46,Bishop Ben,4,4.9166669999999995,59.959353658999994,1,Facial,G,2017/18,Dallas
47,Bishop Ben,4,4.9166669999999995,299.796768293,5,Lower body,G,2017/18,Dallas
48,Bishop Ben,4,4.9166669999999995,539.634182927,9,Lower body,G,2017/18,Dallas
49,Bjork Anders,1,1.066667,442.276560976,34,Shoulder,F,2017/18,Boston
50,Blais Sammy,2,0.725833,8.851621951,1,Concussion,F,2017/18,St. Louis
51,Blais Sammy,2,0.725833,79.66459756100001,9,Lower body,F,2017/18,St. Louis
52,Blandisi Joseph,1,0.68,33.170731707,4,Upper body,F,2017/18,Anaheim
53,Boeser Brock,3,1.491667,291.05697561,16,Back,F,2017/18,Vancouver
54,Boeser Brock,3,1.491667,18.191060976,1,Foot,F,2017/18,Vancouver
55,Boeser Brock,3,1.491667,18.191060976,1,Hand,F,2017/18,Vancouver
56,Bogosian Zach,2,5.142857,1567.944207317,25,Lower body,D,2017/18,Buffalo
57,Bogosian Zach,2,5.142857,2445.992963415,39,Lower body,D,2017/18,Buffalo
58,Boll Jared,1,0.9,164.634146341,15,Lower body,F,2017/18,Anaheim
59,Bolland Dave,1,5.5,5500.0,82,Lower body,"F ""retired""",2017/18,Arizona/Phoenix
60,Bonino Nick,1,4.1,550.0,11,Lower body,F,2017/18,Nashville
61,Booth David,1,0.7,8.536585366,1,Groin,F,2017/18,Detroit
62,Borowiecki Mark,2,1.1,281.707317073,21,Concussion,D,2017/18,Ottawa
63,Borowiecki Mark,2,1.1,26.829268293000002,2,Upper body,D,2017/18,Ottawa
64,Bortuzzo Robert,1,1.15,70.12195122,5,Knee,D,2017/18,St. Louis
65,Boucher Reid,1,0.6875,25.152439024,3,Hand,F,2017/18,Vancouver
66,Bourque Gabriel,1,0.75,18.292682927,2,Upper body,F,2017/18,Colorado
67,Bouwmeester Jay,2,5.4,1382.926829268,21,Ankle,D,2017/18,St. Louis
68,Bouwmeester Jay,2,5.4,1053.658536585,16,Hip,D,2017/18,St. Louis
69,Boychuk Johnny,1,6.0,1317.0731707319999,18,Lower body,D,2017/18,NY Islanders
70,Boyle Brian,1,2.75,100.60975609799999,3,Shoulder,F,2017/18,New Jersey
71,Brassard Derick,1,3.0,182.926829268,5,Groin,F,2017/18,Pittsburgh
72,Bratt Jesper,1,0.825,10.06097561,1,Foot,F,2017/18,New Jersey
73,Brickley Connor,1,0.75,27.43902439,3,Upper body,F,2017/18,Florida
74,Brodie T.J.,1,4.6504,510.409756098,9,Upper body,D,2017/18,Calgary
75,Brodin Jonas,1,4.1666669999999995,457.317109756,9,Hand,D,2017/18,Minnesota
76,Brouwer Troy,1,4.5,329.26829268299997,6,Facial,F,2017/18,Calgary
77,Buchnevich Pavel,1,0.925,78.963414634,7,Concussion,F,2017/18,NY Rangers
78,Budaj Peter,1,1.025,400.0,32,Leg,G,2017/18,Tampa Bay
79,Burakovsky Andre,1,3.0,731.707317073,20,Thumb,F,2017/18,Washington
80,Byfuglien Dustin,2,7.6,185.365853659,2,Lower body,D,2017/18,Winnipeg/Atlanta
81,Byfuglien Dustin,2,7.6,926.829268293,10,Lower body,D,2017/18,Winnipeg/Atlanta
82,Caggiula Drake,2,1.35,49.390243901999995,3,Foot,F,2017/18,Edmonton
83,Caggiula Drake,2,1.35,16.463414634,1,Mouth,F,2017/18,Edmonton
84,Callahan Ryan,3,5.8,70.731707317,1,Lower body,F,2017/18,Tampa Bay
85,Callahan Ryan,3,5.8,353.658536585,5,Upper body,F,2017/18,Tampa Bay
86,Callahan Ryan,3,5.8,565.853658537,8,Upper body,F,2017/18,Tampa Bay
87,Calvert Matt,1,2.2,321.951219512,12,Upper body,F,2017/18,Columbus
88,Carlo Brandon,1,0.894167,54.522378049,5,Lower body,D,2017/18,Boston
89,Carlsson Gabriel,1,0.894166,109.044634146,10,Upper body,D,2017/18,Columbus
90,Carrick Connor,1,0.75,18.292682927,2,Upper body,D,2017/18,Toronto
91,Carrier William,2,0.856667,167.154536585,16,Upper body,F,2017/18,Vegas
92,Carrier William,2,0.856667,282.07328048799997,27,Upper body,F,2017/18,Vegas
93,Carter Jeff,1,5.272727,3536.585182927,55,Ankle,F,2017/18,Los Angeles
94,Cehlarik Peter,1,0.925,180.487804878,16,Leg,F,2017/18,Boston
95,Chara Zdeno,1,4.0,439.024390244,9,Upper body,D,2017/18,Boston
96,Chlapik Filip,1,0.894166,32.713390244,3,Upper body,F,2017/18,Ottawa
97,Chychrun Jakob,2,1.35,477.43902439,29,Knee,D,2017/18,Arizona/Phoenix
98,Chychrun Jakob,2,1.35,32.926829268,2,Lower body,D,2017/18,Arizona/Phoenix
99,Cizikas Casey,3,3.35,245.12195122,6,Hand,F,2017/18,NY Islanders
100,Cizikas Casey,3,3.35,163.414634146,4,Lower body,F,2017/18,NY Islanders
101,Cizikas Casey,3,3.35,285.975609756,7,Upper body,F,2017/18,NY Islanders
102,Clarkson David,1,5.25,5250.0,82,Back,"F ""retired""",2017/18,Vegas
103,Clifford Kyle,1,1.6,546.341463415,28,Upper body,F,2017/18,Los Angeles
104,Clowe Ryane,1,4.85,4850.0,82,Concussion,"F ""retired""",2017/18,New Jersey
105,Clutterbuck Cal,1,3.5,128.048780488,3,Lower body,F,2017/18,NY Islanders
106,Cole Ian,1,2.1,76.829268293,3,Mouth,D,2017/18,Pittsburgh
107,Comeau Blake,1,2.4,87.804878049,3,Upper body,F,2017/18,Colorado
108,Compher J.T.,2,1.0,73.170731707,6,Thumb,F,2017/18,Colorado
109,Compher J.T.,2,1.0,73.170731707,6,Upper body,F,2017/18,Colorado
110,Condon Mike,1,2.4,87.804878049,3,Concussion,G,2017/18,Ottawa
111,Connauton Kevin,1,1.0,24.390243901999998,2,Lower body,D,2017/18,Arizona/Phoenix
112,Connolly Brett,1,1.5,128.048780488,7,Concussion,F,2017/18,Washington
113,Connor Kyle,1,1.775,21.646341463000002,1,Lower body,F,2017/18,Winnipeg/Atlanta
114,Couture Logan,1,6.0,292.682926829,4,Concussion,F,2017/18,San Jose
115,Coyle Charlie,1,3.2,624.390243902,16,Leg,F,2017/18,Minnesota
116,Crawford Corey,1,6.0,3439.024390244,47,Upper body,G,2017/18,Chicago
117,Criscuolo Kyle,1,0.65,87.195121951,11,Upper body,F,2017/18,Buffalo
118,Dadonov Evgeni,1,4.0,390.243902439,8,Shoulder,F,2017/18,Florida
119,Daley Trevor,2,3.166667,115.85367073200001,3,Lower body,D,2017/18,Detroit
120,Daley Trevor,2,3.166667,77.235780488,2,Upper body,D,2017/18,Detroit
121,Dalpe Zac,1,0.725,26.524390244,3,Upper body,F,2017/18,Columbus
122,Danault Phillip,3,0.9125,166.92073170700002,15,Concussion,F,2017/18,Montreal
123,Danault Phillip,3,0.9125,11.12804878,1,Neck,F,2017/18,Montreal
124,Danault Phillip,3,0.9125,155.79268292700002,14,Neck,F,2017/18,Montreal
125,Dansk Oscar,1,0.65,285.36585365900004,36,Lower body,G,2017/18,Vegas
126,Dauphin Laurent,1,0.894167,163.567134146,15,Lower body,F,2017/18,Arizona/Phoenix
127,DeAngelo Tony,1,1.263333,184.878,12,Ankle,D,2017/18,NY Rangers
128,DeBrusk Jake,2,1.288333,47.134134146,3,Upper body,F,2017/18,Boston
129,DeBrusk Jake,2,1.288333,125.69102439,8,Upper body,F,2017/18,Boston
130,DeKeyser Danny,1,5.0,1036.585365854,17,Ankle,D,2017/18,Detroit
131,Demers Jason,2,3.9375,144.054878049,3,Upper body,D,2017/18,Arizona/Phoenix
132,Demers Jason,2,3.9375,480.182926829,10,Upper body,D,2017/18,Arizona/Phoenix
133,Dermott Travis,1,0.863333,21.056902439,2,Lower body,D,2017/18,Toronto
134,Desharnais David,2,1.0,12.195121950999999,1,Kidney stones,F,2017/18,NY Rangers
135,Desharnais David,2,1.0,12.195121950999999,1,Wrist,F,2017/18,NY Rangers
136,Djoos Christian,1,0.65,47.56097561,6,Upper body,D,2017/18,Washington
137,Donskoi Joonas,2,1.9,139.024390244,6,Lower body,F,2017/18,San Jose
138,Donskoi Joonas,2,1.9,185.365853659,8,Upper body,F,2017/18,San Jose
139,Dorsett Derek,1,2.65,2003.658536585,62,Neck,F,2017/18,Vancouver
140,Draisaitl Leon,1,8.5,414.63414634099996,4,Concussion,F,2017/18,Edmonton
141,Drouin Jonathan,2,5.5,201.219512195,3,Lower body,F,2017/18,Montreal
142,Drouin Jonathan,2,5.5,67.073170732,1,Upper body,F,2017/18,Montreal
143,Dubinsky Brandon,1,5.85,1284.146341463,18,Orbital bone,F,2017/18,Columbus
144,Dubnyk Devan,1,4.3333330000000005,317.073146341,6,Lower body,G,2017/18,Minnesota
145,Duclair Anthony,1,1.2,190.243902439,13,Lower body,F,2017/18,Chicago
146,Dumont Gabriel,2,0.65,47.56097561,6,Ankle,F,2017/18,Ottawa
147,Dumont Gabriel,2,0.65,71.341463415,9,Ankle,F,2017/18,Ottawa
148,Dumoulin Brian,1,4.1,100.0,2,Concussion,D,2017/18,Pittsburgh
149,Dvorak Christian,1,1.106667,53.983756098,4,Lower body,F,2017/18,Arizona/Phoenix
150,Dzingel Ryan,1,1.8,21.951219511999998,1,Head,F,2017/18,Ottawa
151,Eaves Patrick,1,3.15,115.243902439,3,Lower body,F,2017/18,Anaheim
152,Edler Alexander,1,5.0,731.707317073,12,Knee,D,2017/18,Vancouver
153,Edmundson Joel,1,1.05,166.463414634,13,Arm,D,2017/18,St. Louis
154,Eichel Jack,1,3.775,690.548780488,15,Ankle,F,2017/18,Buffalo
155,Elie Remi,1,0.894167,10.90447561,1,Lower body,F,2017/18,Dallas
156,Elliott Brian,2,2.75,134.146341463,4,Lower body,G,2017/18,Philadelphia
157,Elliott Brian,2,2.75,838.414634146,25,Lower body,G,2017/18,Philadelphia
158,Ellis Ryan,1,2.5,1158.536585366,38,Knee,D,2017/18,Nashville
159,Emelin Alexei,1,3.0,73.170731707,2,Upper body,D,2017/18,Nashville
160,Engelland Deryk,1,2.0,24.390243901999998,1,Upper body,D,2017/18,Vegas
161,Enstrom Tobias,3,5.75,280.487804878,4,Lower body,D,2017/18,Winnipeg/Atlanta
162,Enstrom Tobias,3,5.75,560.975609756,8,Lower body,D,2017/18,Winnipeg/Atlanta
163,Enstrom Tobias,3,5.75,1612.8048780489999,23,Lower body,D,2017/18,Winnipeg/Atlanta
164,Eriksson Loui,2,6.0,878.048780488,12,Knee,F,2017/18,Vancouver
165,Eriksson Loui,2,6.0,1463.414634146,20,Ribs,F,2017/18,Vancouver
166,Erne Adam,1,0.894167,65.426853659,6,Lower body,F,2017/18,Tampa Bay
167,Fabbri Robby,1,1.106667,1106.667,82,Knee,F,2017/18,St. Louis
168,Faksa Radek,2,2.2,53.658536585,2,Foot,F,2017/18,Dallas
169,Faksa Radek,2,2.2,26.829268293000002,1,Lower body,F,2017/18,Dallas
170,Fantenberg Oscar,1,0.925,22.56097561,2,Back,D,2017/18,Los Angeles
171,Fast Jesper,3,1.85,67.682926829,3,Groin,F,2017/18,NY Rangers
172,Fast Jesper,3,1.85,112.804878049,5,Hip,F,2017/18,NY Rangers
173,Fast Jesper,3,1.85,67.682926829,3,Leg,F,2017/18,NY Rangers
174,Faulk Justin,1,4.8333330000000005,176.829256098,3,Upper body,D,2017/18,Carolina
175,Fedun Taylor,1,0.65,174.390243902,22,Lower body,D,2017/18,Buffalo
176,Fehr Eric,2,2.0,24.390243901999998,1,Lower body,F,2017/18,San Jose
177,Fehr Eric,2,2.0,170.731707317,7,Lower body,F,2017/18,San Jose
178,Ferland Micheal,2,1.75,21.341463415,1,Lower body,F,2017/18,Calgary
179,Ferland Micheal,2,1.75,85.365853659,4,Lower body,F,2017/18,Calgary
180,Ferraro Landon,1,0.7,42.682926829,5,Hip,F,2017/18,Minnesota
181,Fiala Kevin,1,1.363333,16.626012195,1,Upper body,F,2017/18,Nashville
182,Filppula Valtteri,1,5.0,60.975609756000004,1,Arm,F,2017/18,Philadelphia
183,Fischer Christian,1,1.075833,13.119914634,1,Lower body,F,2017/18,Arizona/Phoenix
184,Fleury Marc-Andre,1,5.75,1753.048780488,25,Concussion,G,2017/18,Vegas
185,Foligno Marcus,1,2.875,35.06097561,1,Facial,F,2017/18,Minnesota
186,Foligno Nick,2,5.5,268.292682927,4,Lower body,F,2017/18,Columbus
187,Foligno Nick,2,5.5,402.43902439,6,Lower body,F,2017/18,Columbus
188,Folin Christian,1,0.85,62.195121951000004,6,Upper body,D,2017/18,Los Angeles
189,Forbort Derek,2,0.65,15.853658537000001,2,Lower body,D,2017/18,Los Angeles
190,Forbort Derek,2,0.65,15.853658537000001,2,Upper body,D,2017/18,Los Angeles
191,Forsberg Anton,1,0.75,45.731707317,5,Lower body,G,2017/18,Chicago
192,Forsling Gustav,1,0.925,33.841463415,3,Head,D,2017/18,Chicago
193,Fowler Cam,2,4.0,585.365853659,12,Lower body,D,2017/18,Anaheim
194,Fowler Cam,2,4.0,146.341463415,3,Shoulder,D,2017/18,Anaheim
195,Franson Cody,1,1.0,85.365853659,7,Upper body,D,2017/18,Chicago
196,Franzen Johan,1,3.9545449999999995,3954.545,82,Concussion,"F ""retired""",2017/18,Detroit
197,Fritz Tanner,1,0.65,39.634146341,5,Lower body,F,2017/18,NY Islanders
198,Frk Martin,1,0.65,63.414634146000004,8,Groin,F,2017/18,Detroit
199,Frolik Michael,1,4.3,629.268292683,12,Jaw,F,2017/18,Calgary
200,Gaborik Marian,2,4.875,1307.9268292680001,22,Knee,F,2017/18,Los Angeles
201,Gaborik Marian,2,4.875,535.06097561,9,Back,F,2017/18,Ottawa
202,Gagner Sam,2,3.15,268.902439024,7,Ankle,F,2017/18,Vancouver
203,Gagner Sam,2,3.15,38.414634146,1,Concussion,F,2017/18,Vancouver
204,Gaunce Brendan,2,0.75,219.512195122,24,Lower body,F,2017/18,Vancouver
205,Gaunce Brendan,2,0.75,118.902439024,13,Shoulder,F,2017/18,Vancouver
206,Getzlaf Ryan,3,8.25,1911.585365854,19,Facial,F,2017/18,Anaheim
207,Getzlaf Ryan,3,8.25,201.219512195,2,Lower body,F,2017/18,Anaheim
208,Getzlaf Ryan,3,8.25,301.829268293,3,Lower body,F,2017/18,Anaheim
209,Gibbons Brian,1,0.65,174.390243902,22,Thumb,F,2017/18,New Jersey
210,Gibson John,4,2.3,28.048780488000002,1,Concussion,G,2017/18,Anaheim
211,Gibson John,4,2.3,84.146341463,3,Lower body,G,2017/18,Anaheim
212,Gibson John,4,2.3,112.195121951,4,Lower body,G,2017/18,Anaheim
213,Gibson John,4,2.3,84.146341463,3,Upper body,G,2017/18,Anaheim
214,Girardi Dan,2,3.0,109.756097561,3,Lower body,D,2017/18,Tampa Bay
215,Girardi Dan,2,3.0,73.170731707,2,Neck,D,2017/18,Tampa Bay
216,Girgensons Zemgus,2,1.6,58.536585366000004,3,Facial,F,2017/18,Buffalo
217,Girgensons Zemgus,2,1.6,58.536585366000004,3,Lower body,F,2017/18,Buffalo
218,Glendening Luke,2,1.8,263.41463414599997,12,Hand,F,2017/18,Detroit
219,Glendening Luke,2,1.8,21.951219511999998,1,Upper body,F,2017/18,Detroit
220,Goodrow Barclay,3,0.65,87.195121951,11,Lower body,F,2017/18,San Jose
221,Goodrow Barclay,3,0.65,31.707317073000002,4,Upper body,F,2017/18,San Jose
222,Goodrow Barclay,3,0.65,55.487804878,7,Upper body,F,2017/18,San Jose
223,Gorges Josh,1,3.9,380.487804878,8,Lower body,D,2017/18,Buffalo
224,Gostisbehere Shayne,1,4.5,164.634146341,3,Upper body,D,2017/18,Philadelphia
225,Grabovski Mikhail,1,5.0,5000.0,82,Concussion,"F ""retired""",2017/18,Vegas
226,Granlund Markus,2,0.9,307.317073171,28,Ankle,F,2017/18,Vancouver
227,Granlund Markus,2,0.9,10.975609755999999,1,Upper body,F,2017/18,Vancouver
228,Granlund Mikael,1,5.75,350.60975609800005,5,Groin,F,2017/18,Minnesota
229,Graovac Tyler,1,0.625,121.95121951200001,16,Upper body,F,2017/18,Washington
230,Green Mike,2,6.0,512.195121951,7,Lower body,D,2017/18,Detroit
231,Green Mike,2,6.0,658.5365853659999,9,Neck,D,2017/18,Detroit
232,Greiss Thomas,1,3.333333,691.0568414630001,17,Lower body,G,2017/18,NY Islanders
233,Griffith Seth,1,0.65,47.56097561,6,Upper body,F,2017/18,Buffalo
234,Grzelcyk Matt,1,0.925,22.56097561,2,Lower body,D,2017/18,Boston
235,Gudas Radko,1,3.35,81.707317073,2,Upper body,D,2017/18,Philadelphia
236,Gudbranson Erik,3,3.5,213.414634146,5,Back,D,2017/18,Vancouver
237,Gudbranson Erik,3,3.5,512.195121951,12,Shoulder,D,2017/18,Vancouver
238,Gudbranson Erik,3,3.5,512.195121951,12,Upper body,D,2017/18,Vancouver
239,Guhle Brendan,1,0.888333,10.833329268,1,Upper body,D,2017/18,Buffalo
240,Gunnarsson Carl,2,2.9,282.926829268,8,Knee,D,2017/18,St. Louis
241,Gunnarsson Carl,2,2.9,35.365853659,1,Upper body,D,2017/18,St. Louis
242,Hagg Robert,1,0.894167,43.617902439,4,Lower body,D,2017/18,Philadelphia
243,Hall Taylor,2,6.0,219.512195122,3,Hand,F,2017/18,New Jersey
244,Hall Taylor,2,6.0,146.341463415,2,Knee,F,2017/18,New Jersey
245,Hamhuis Dan,1,3.75,91.463414634,2,Groin,D,2017/18,Dallas
246,Hammond Andrew,1,1.35,197.56097561,12,Concussion,G,2017/18,Colorado
247,Hamonic Travis,3,3.857143,47.038329268000005,1,Lower body,D,2017/18,Calgary
248,Hamonic Travis,3,3.857143,141.114987805,3,Lower body,D,2017/18,Calgary
249,Hamonic Travis,3,3.857143,188.15331707299998,4,Upper body,D,2017/18,Calgary
250,Hanifin Noah,1,1.775,64.93902439,3,Concussion,D,2017/18,Carolina
251,Hanzal Martin,7,4.75,1274.390243902,22,Back,F,2017/18,Dallas
252,Hanzal Martin,7,4.75,405.487804878,7,Hamstring,F,2017/18,Dallas
253,Hanzal Martin,7,4.75,115.853658537,2,Hand,F,2017/18,Dallas
254,Hanzal Martin,7,4.75,57.926829268,1,Lower body,F,2017/18,Dallas
255,Hanzal Martin,7,4.75,173.780487805,3,Lower body,F,2017/18,Dallas
256,Hanzal Martin,7,4.75,289.63414634099996,5,Lower body,F,2017/18,Dallas
257,Hanzal Martin,7,4.75,57.926829268,1,Soreness,F,2017/18,Dallas
258,Harpur Ben,2,0.773333,9.430890244,1,Shoulder,D,2017/18,Ottawa
259,Harpur Ben,2,0.773333,56.585341463,6,Shoulder,D,2017/18,Ottawa
260,Hartman Ryan,1,0.863333,10.52845122,1,Upper body,F,2017/18,Chicago
261,Hartnell Scott,1,1.0,158.536585366,13,Lower body,F,2017/18,Nashville
262,Haula Erik,1,2.75,134.146341463,4,Lower body,F,2017/18,Vegas
263,Hayden John,1,0.925,67.682926829,6,Upper body,F,2017/18,Chicago
264,Hayes Kevin,1,2.6,190.243902439,6,Lower body,F,2017/18,NY Rangers
265,Hedman Victor,1,7.875,480.182926829,5,Lower body,D,2017/18,Tampa Bay
266,Heed Tim,1,0.65,39.634146341,5,Upper body,D,2017/18,San Jose
267,Helm Darren,1,3.85,281.707317073,6,Lower body,F,2017/18,Detroit
268,Hemsky Ales,1,1.0,902.43902439,74,Concussion,F,2017/18,Montreal
269,Hendricks Matt,3,0.7,59.756097561000004,7,Lower body,F,2017/18,Winnipeg/Atlanta
270,Hendricks Matt,3,0.7,110.975609756,13,Lower body,F,2017/18,Winnipeg/Atlanta
271,Hendricks Matt,3,0.7,17.073170732,2,Upper body,F,2017/18,Winnipeg/Atlanta
272,Hertl Tomas,1,3.0,109.756097561,3,Shoulder,F,2017/18,San Jose
273,Hickey Thomas,1,2.2,107.317073171,4,Upper body,D,2017/18,NY Islanders
274,Hjalmarsson Niklas,3,4.1,400.0,8,Lower body,D,2017/18,Arizona/Phoenix
275,Hjalmarsson Niklas,3,4.1,500.0,10,Upper body,D,2017/18,Arizona/Phoenix
276,Hjalmarsson Niklas,3,4.1,800.0,16,Upper body,D,2017/18,Arizona/Phoenix
277,Holtby Braden,1,6.1,148.780487805,2,Knee,G,2017/18,Washington
278,Honka Julius,1,1.363333,16.626012195,1,Upper body,D,2017/18,Dallas
279,Hornqvist Patric,3,4.25,155.487804878,3,Hand,F,2017/18,Pittsburgh
280,Hornqvist Patric,3,4.25,414.63414634099996,8,Lower body,F,2017/18,Pittsburgh
281,Hornqvist Patric,3,4.25,51.829268293,1,Upper body,F,2017/18,Pittsburgh
282,Horton Nathan,1,5.3,5300.0,82,Back,"F ""retired""",2017/18,Toronto
283,Horvat Bo,1,5.5,1207.3170731710002,18,Ankle,F,2017/18,Vancouver
284,Hossa Marian,1,5.275,5275.0,82,Skin infection,"F ""retired""",2017/18,Chicago
285,Howard Jimmy,1,5.2916669999999995,64.53252439,1,Lower body,G,2017/18,Detroit
286,Hudon Charles,2,0.65,7.926829268,1,Upper body,F,2017/18,Montreal
287,Hudon Charles,2,0.65,31.707317073000002,4,Upper body,F,2017/18,Montreal
288,Hunwick Matt,2,2.25,411.58536585400003,15,Concussion,D,2017/18,Pittsburgh
289,Hunwick Matt,2,2.25,54.87804878,2,Upper body,D,2017/18,Pittsburgh
290,Hutchinson Michael,2,1.15,70.12195122,5,Concussion,G,2017/18,Winnipeg/Atlanta
291,Hutchinson Michael,2,1.15,84.146341463,6,Concussion,G,2017/18,Winnipeg/Atlanta
292,Hutton Ben,1,2.8,307.317073171,9,Foot,D,2017/18,Vancouver
293,Hutton Carter,2,1.125,68.597560976,5,Lower body,G,2017/18,St. Louis
294,Hutton Carter,2,1.125,109.756097561,8,Neck,G,2017/18,St. Louis
295,Iafallo Alex,1,0.925,45.12195122,4,Upper body,F,2017/18,Los Angeles
296,Jagr Jaromir,5,2.0,243.90243902400002,10,Groin,F,2017/18,Calgary
297,Jagr Jaromir,5,2.0,24.390243901999998,1,Lower body,F,2017/18,Calgary
298,Jagr Jaromir,5,2.0,48.780487805,2,Lower body,F,2017/18,Calgary
299,Jagr Jaromir,5,2.0,121.95121951200001,5,Lower body,F,2017/18,Calgary
300,Jagr Jaromir,5,2.0,146.341463415,6,Lower body,F,2017/18,Calgary
301,Jarnkrok Calle,1,2.0,317.073170732,13,Upper body,F,2017/18,Nashville
302,Jenner Boone,1,2.9,247.56097561,7,Back,F,2017/18,Columbus
303,Johansen Ryan,1,8.0,292.682926829,3,Upper body,F,2017/18,Nashville
304,Johansson Marcus,4,4.5833330000000005,223.577219512,4,Ankle,F,2017/18,New Jersey
305,Johansson Marcus,4,4.5833330000000005,726.625963415,13,Concussion,F,2017/18,New Jersey
306,Johansson Marcus,4,4.5833330000000005,1956.300670732,35,Concussion,F,2017/18,New Jersey
307,Johansson Marcus,4,4.5833330000000005,55.894304878,1,Lower body,F,2017/18,New Jersey
308,Johns Stephen,2,0.725,26.524390244,3,Concussion,D,2017/18,Dallas
309,Johns Stephen,2,0.725,35.365853659,4,Upper body,D,2017/18,Dallas
310,Johnson Chad,1,2.5,60.975609756000004,2,Head,G,2017/18,Buffalo
311,Johnson Erik,1,6.0,951.219512195,13,Upper body,D,2017/18,Colorado
312,Jones Martin,2,3.0,36.585365854,1,Lower body,G,2017/18,San Jose
313,Jones Martin,2,3.0,146.341463415,4,Lower body,G,2017/18,San Jose
314,Jones Seth,1,5.4,197.56097561,3,Upper body,D,2017/18,Columbus
315,Jooris Josh,1,0.775,9.451219512,1,Lower body,F,2017/18,Carolina
316,Josefson Jacob,4,0.7,76.829268293,9,Ankle,F,2017/18,Buffalo
317,Josefson Jacob,4,0.7,128.048780488,15,Ankle,F,2017/18,Buffalo
318,Josefson Jacob,4,0.7,59.756097561000004,7,Lower body,F,2017/18,Buffalo
319,Josefson Jacob,4,0.7,102.43902439,12,Lower body,F,2017/18,Buffalo
320,Josi Roman,2,4.0,146.341463415,3,Lower body,D,2017/18,Nashville
321,Josi Roman,2,4.0,195.12195122,4,Upper body,D,2017/18,Nashville
322,Jost Tyson,3,1.6733330000000002,40.813,2,Knee,F,2017/18,Colorado
323,Jost Tyson,3,1.6733330000000002,20.4065,1,Leg,F,2017/18,Colorado
324,Jost Tyson,3,1.6733330000000002,163.252,8,Lower body,F,2017/18,Colorado
325,Kadri Nazem,1,4.5,109.756097561,2,Upper body,F,2017/18,Toronto
326,Kamenev Vladislav,1,0.894167,588.841682927,54,Arm,F,2017/18,Colorado
327,Kampfer Steven,1,0.65,206.09756097599998,26,Hand,D,2017/18,NY Rangers
328,Kane Evander,1,5.25,128.048780488,2,Arm,F,2017/18,San Jose
329,Karlsson Erik,1,6.5,396.341463415,5,Foot,D,2017/18,Ottawa
330,Karlsson Melker,2,2.0,73.170731707,3,Lower body,F,2017/18,San Jose
331,Karlsson Melker,2,2.0,97.56097561,4,Upper body,F,2017/18,San Jose
332,Kase Ondrej,2,0.706667,86.178902439,10,Concussion,F,2017/18,Anaheim
333,Kase Ondrej,2,0.706667,25.853670731999998,3,Head,F,2017/18,Anaheim
334,Kassian Zack,1,1.95,23.780487805,1,Leg,F,2017/18,Edmonton
335,Kerfoot Alexander,1,1.1375,41.615853659,3,Leg,F,2017/18,Colorado
336,Kesler Ryan,2,6.875,3102.134146341,37,Hip,F,2017/18,Anaheim
337,Kesler Ryan,2,6.875,83.841463415,1,Lower body,F,2017/18,Anaheim
338,Khaira Jujhar,2,0.675,16.463414634,2,Lower body,F,2017/18,Edmonton
339,Khaira Jujhar,2,0.675,8.231707317,1,Upper body,F,2017/18,Edmonton
340,Khudobin Anton,1,1.2,58.536585366000004,4,Lower body,G,2017/18,Boston
341,Kinkaid Keith,1,1.25,45.731707317,3,Groin,G,2017/18,New Jersey
342,Klefbom Oscar,2,4.167,152.451219512,3,Shoulder,D,2017/18,Edmonton
343,Klefbom Oscar,2,4.167,508.17073170699996,10,Shoulder,D,2017/18,Edmonton
344,Komarov Leo,1,2.95,251.82926829299998,7,Lower body,F,2017/18,Toronto
345,Konecny Travis,1,1.106667,13.495939024,1,Foot,F,2017/18,Philadelphia
346,Kreider Chris,1,4.625,1353.658536585,24,Blood clots,F,2017/18,NY Rangers
347,Krejci David,3,7.25,972.56097561,11,Back,F,2017/18,Boston
348,Krejci David,3,7.25,88.414634146,1,Upper body,F,2017/18,Boston
349,Krejci David,3,7.25,530.487804878,6,Upper body,F,2017/18,Boston
350,Kronwall Niklas,1,4.75,173.780487805,3,Groin,D,2017/18,Detroit
351,Krug Torey,3,5.25,64.024390244,1,Jaw,D,2017/18,Boston
352,Krug Torey,3,5.25,128.048780488,2,Upper body,D,2017/18,Boston
353,Krug Torey,3,5.25,192.073170732,3,Upper body,D,2017/18,Boston
354,Kruger Marcus,1,3.083333,150.406487805,4,Lower body,F,2017/18,Carolina
355,Kucherov Nikita,1,4.766667,116.260170732,2,Upper body,F,2017/18,Tampa Bay
356,Kuhnhackl Tom,2,0.625,60.975609756000004,8,Lower body,F,2017/18,Pittsburgh
357,Kuhnhackl Tom,2,0.625,30.487804878000002,4,Upper body,F,2017/18,Pittsburgh
358,Kukan Dean,1,0.7,102.43902439,12,Upper body,D,2017/18,Columbus
359,Kulemin Nikolay,1,4.1875,3421.493902439,67,Upper body,F,2017/18,NY Islanders
360,Kulikov Dmitry,3,4.3333330000000005,792.6828658539999,15,Back,D,2017/18,Winnipeg/Atlanta
361,Kulikov Dmitry,3,4.3333330000000005,158.53657317100001,3,Concussion,D,2017/18,Winnipeg/Atlanta
362,Kulikov Dmitry,3,4.3333330000000005,105.69104878,2,Lower body,D,2017/18,Winnipeg/Atlanta
363,Kunin Luke,1,1.425,278.048780488,16,Knee,F,2017/18,Minnesota
364,Kuraly Sean,1,0.925,78.963414634,7,Upper body,F,2017/18,Boston
365,Kuznetsov Evgeny,1,7.8,285.36585365900004,3,Upper body,F,2017/18,Washington
366,Ladd Andrew,1,5.5,603.658536585,9,Upper body,F,2017/18,NY Islanders
367,Larsson Adam,1,4.1666669999999995,406.504097561,8,Upper body,D,2017/18,Edmonton
368,Lehkonen Artturi,1,0.925,180.487804878,16,Lower body,F,2017/18,Montreal
369,Lehner Robin,2,4.0,48.780487805,1,Lower body,G,2017/18,Buffalo
370,Lehner Robin,2,4.0,243.90243902400002,5,Lower body,G,2017/18,Buffalo
371,Leier Taylor,1,0.806588,19.672878049,2,Upper body,F,2017/18,Philadelphia
372,Leipsic Brendan,1,0.65,39.634146341,5,Upper body,F,2017/18,Vancouver
373,Letang Kris,1,7.25,265.243902439,3,Lower body,D,2017/18,Pittsburgh
374,Lewis Trevor,2,2.0,292.682926829,12,Concussion,F,2017/18,Los Angeles
375,Lewis Trevor,2,2.0,48.780487805,2,Upper body,F,2017/18,Los Angeles
376,Lindberg Oscar,1,1.7,290.243902439,14,Upper body,F,2017/18,Vegas
377,Lindholm Anton,2,0.925,101.524390244,9,Jaw,D,2017/18,Colorado
378,Lindholm Anton,2,0.925,56.402439023999996,5,Upper body,D,2017/18,Colorado
379,Lindholm Hampus,2,5.205556,444.376731707,7,Shoulder,D,2017/18,Anaheim
380,Lindholm Hampus,2,5.205556,317.41195122,5,Upper body,D,2017/18,Anaheim
381,Lowry Adam,3,1.125,109.756097561,8,Upper body,F,2017/18,Winnipeg/Atlanta
382,Lowry Adam,3,1.125,123.475609756,9,Upper body,F,2017/18,Winnipeg/Atlanta
383,Lowry Adam,3,1.125,260.670731707,19,Upper body,F,2017/18,Winnipeg/Atlanta
384,Lundqvist Henrik,1,8.5,310.975609756,3,Back,G,2017/18,NY Rangers
385,Luongo Roberto,3,4.533333,331.707292683,6,Hand,G,2017/18,Florida
386,Luongo Roberto,3,4.533333,1437.3982682929998,26,Lower body,G,2017/18,Florida
387,Luongo Roberto,3,4.533333,55.28454878,1,Upper body,G,2017/18,Florida
388,Lupul Joffrey,1,5.25,5250.0,82,Hernia,"F ""retired""",2017/18,Toronto
389,MacDonald Andrew,2,5.0,914.634146341,15,Lower body,D,2017/18,Philadelphia
390,MacDonald Andrew,2,5.0,60.975609756000004,1,Upper body,D,2017/18,Philadelphia
391,MacKinnon Nathan,1,6.3,614.634146341,8,Upper body,F,2017/18,Colorado
392,Malgin Denis,2,0.693333,59.186963415,7,Knee,F,2017/18,Florida
393,Malgin Denis,2,0.693333,8.455280488,1,Upper body,F,2017/18,Florida
394,Malkin Evgeni,1,9.5,463.41463414599997,4,Upper body,F,2017/18,Pittsburgh
395,Manson Josh,1,0.825,20.12195122,2,Upper body,D,2017/18,Anaheim
396,Mantha Anthony,1,0.863333,21.056902439,2,Groin,F,2017/18,Detroit
397,Marchand Brad,2,6.125,74.695121951,1,Upper body,F,2017/18,Boston
398,Marchand Brad,2,6.125,149.390243902,2,Upper body,F,2017/18,Boston
399,Marchessault Jonathan,1,0.75,27.43902439,3,Lower body,F,2017/18,Vegas
400,Maroon Patrick,2,1.5,36.585365854,2,Lower body,F,2017/18,Edmonton
401,Maroon Patrick,2,1.5,18.292682927,1,Lower body,F,2017/18,New Jersey
402,Martin Paul,2,4.85,414.024390244,7,Ankle,D,2017/18,San Jose
403,Martin Paul,2,4.85,1419.512195122,24,Ankle,D,2017/18,San Jose
404,Martinez Alec,2,4.0,97.56097561,2,Lower body,D,2017/18,Los Angeles
405,Martinez Alec,2,4.0,146.341463415,3,Lower body,D,2017/18,Los Angeles
406,Martinook Jordan,1,1.8,21.951219511999998,1,Lower body,F,2017/18,Arizona/Phoenix
407,Mason Steve,3,4.1,350.0,7,Concussion,G,2017/18,Winnipeg/Atlanta
408,Mason Steve,3,4.1,1000.0,20,Concussion,G,2017/18,Winnipeg/Atlanta
409,Mason Steve,3,4.1,650.0,13,Knee,G,2017/18,Winnipeg/Atlanta
410,Matheson Mike,1,0.925,11.280487805,1,Upper body,D,2017/18,Florida
411,Matthews Auston,3,3.775,460.36585365900004,10,Shoulder,F,2017/18,Toronto
412,Matthews Auston,3,3.775,184.146341463,4,Upper body,F,2017/18,Toronto
413,Matthews Auston,3,3.775,276.219512195,6,Upper body,F,2017/18,Toronto
414,Matthias Shawn,1,2.125,621.951219512,24,Upper body,F,2017/18,Winnipeg/Atlanta
415,Mayfield Scott,2,0.625,167.682926829,22,Lower body,D,2017/18,NY Islanders
416,Mayfield Scott,2,0.625,7.62195122,1,Soreness,D,2017/18,NY Islanders
417,McAvoy Charlie,2,1.258333,61.382097561,4,Heart,D,2017/18,Boston
418,McAvoy Charlie,2,1.258333,230.18286585400003,15,Knee,D,2017/18,Boston
419,McCabe Jake,2,1.6,429.268292683,22,Shoulder,D,2017/18,Buffalo
420,McCabe Jake,2,1.6,136.585365854,7,Thumb,D,2017/18,Buffalo
421,McCann Jared,2,1.106667,67.479695122,5,Lower body,F,2017/18,Florida
422,McCann Jared,2,1.106667,80.975634146,6,Lower body,F,2017/18,Florida
423,McCoshen Ian,1,1.025,50.0,4,Upper body,D,2017/18,Florida
424,McDonagh Ryan,3,4.7,229.268292683,4,Abdominal,D,2017/18,NY Rangers
425,McDonagh Ryan,3,4.7,515.853658537,9,Upper body,D,2017/18,NY Rangers
426,McDonagh Ryan,3,4.7,343.902439024,6,Upper body,D,2017/18,Tampa Bay
427,McElhinney Curtis,1,0.85,20.731707317,2,Lower body,G,2017/18,Toronto
428,McGinn Jamie,1,3.333333,81.30080487800001,2,Upper body,F,2017/18,Florida
429,McLeod Cody,1,0.8,29.268292683000002,3,Abdominal,F,2017/18,NY Rangers
430,McNabb Brayden,1,1.7,62.195121951000004,3,Upper body,D,2017/18,Vegas
431,McQuaid Adam,1,2.75,1207.3170731710002,36,Leg,D,2017/18,Boston
432,Mete VIctor,1,0.87,190.97560975599998,18,Finger,D,2017/18,Montreal
433,Methot Marc,4,4.9,239.02439024400002,4,Hand,D,2017/18,Dallas
434,Methot Marc,4,4.9,896.341463415,15,Knee,D,2017/18,Dallas
435,Methot Marc,4,4.9,1553.658536585,26,Knee,D,2017/18,Dallas
436,Methot Marc,4,4.9,59.756097561000004,1,Lower body,D,2017/18,Dallas
437,Milano Sonny,1,1.263333,200.2845,13,Oblique,F,2017/18,Columbus
438,Miller Kevan,2,2.5,30.487804878000002,1,Hand,D,2017/18,Boston
439,Miller Kevan,2,2.5,274.390243902,9,Upper body,D,2017/18,Boston
440,Miller Ryan,2,2.0,121.95121951200001,5,Lower body,G,2017/18,Anaheim
441,Miller Ryan,2,2.0,219.512195122,9,Upper body,G,2017/18,Anaheim
442,Monahan Sean,1,6.375,544.207317073,7,Wrist,F,2017/18,Calgary
443,Montour Brandon,1,0.925,11.280487805,1,Elbow,D,2017/18,Anaheim
444,Montoya Al,2,1.0625,38.87195122,3,Upper body,G,2017/18,Edmonton
445,Montoya Al,2,1.0625,310.975609756,24,Concussion,G,2017/18,Montreal
446,Mueller Mirco,1,0.85,321.341463415,31,Collarbone,D,2017/18,New Jersey
447,Murray Matt,3,3.75,411.58536585400003,9,Concussion,G,2017/18,Pittsburgh
448,Murray Matt,3,3.75,274.390243902,6,Lower body,G,2017/18,Pittsburgh
449,Murray Matt,3,3.75,45.731707317,1,Upper body,G,2017/18,Pittsburgh
450,Murray Ryan,1,2.825,1171.341463415,34,Upper body,D,2017/18,Columbus
451,Muzzin Jake,1,4.0,243.90243902400002,5,Upper body,D,2017/18,Los Angeles
452,Nash Rick,1,3.9,570.731707317,12,Upper body,F,2017/18,Boston
453,Nash Riley,1,0.9,54.87804878,5,Head,F,2017/18,Boston
454,Neal James,1,5.0,487.804878049,8,Hand,F,2017/18,Vegas
455,Nelson Casey,1,0.65,7.926829268,1,Lower body,D,2017/18,Buffalo
456,Nemeth Patrik,3,0.945,11.524390244000001,1,Lower body,D,2017/18,Colorado
457,Nemeth Patrik,3,0.945,138.29268292700002,12,Lower body,D,2017/18,Colorado
458,Nemeth Patrik,3,0.945,11.524390244000001,1,Shoulder,D,2017/18,Colorado
459,Neuvirth Michal,2,2.5,121.95121951200001,4,Lower body,G,2017/18,Philadelphia
460,Neuvirth Michal,2,2.5,548.780487805,18,Lower body,G,2017/18,Philadelphia
461,Niederreiter Nino,3,5.25,320.12195122,5,Ankle,F,2017/18,Minnesota
462,Niederreiter Nino,3,5.25,384.14634146300006,6,Ankle,F,2017/18,Minnesota
463,Niederreiter Nino,3,5.25,512.195121951,8,Lower body,F,2017/18,Minnesota
464,Nielsen Frans,1,5.25,192.073170732,3,Upper body,F,2017/18,Detroit
465,Niemi Antti,1,0.7,8.536585366,1,Lower body,G,2017/18,Montreal
466,Nieto Matt,1,1.0,12.195121950999999,1,Lower body,F,2017/18,Colorado
467,Nieves Boo,1,0.925,11.280487805,1,Hip,F,2017/18,NY Rangers
468,Niskanen Matt,2,5.75,70.12195122,1,Upper body,D,2017/18,Washington
469,Niskanen Matt,2,5.75,911.585365854,13,Upper body,D,2017/18,Washington
470,Nordstrom Joakim,1,1.275,62.195121951000004,4,Upper body,F,2017/18,Carolina
471,Nosek Tomas,1,0.6125,89.634146341,12,Upper body,F,2017/18,Vegas
472,Nugent-Hopkins Ryan,2,6.0,146.341463415,2,Lower body,F,2017/18,Edmonton
473,Nugent-Hopkins Ryan,2,6.0,1317.0731707319999,18,Upper body,F,2017/18,Edmonton
474,Nutivaara Markus,3,0.925,22.56097561,2,Upper body,D,2017/18,Columbus
475,Nutivaara Markus,3,0.925,33.841463415,3,Upper body,D,2017/18,Columbus
476,Nutivaara Markus,3,0.925,124.085365854,11,Upper body,D,2017/18,Columbus
477,Oduya Johnny,3,2.25,82.317073171,3,Lower body,D,2017/18,Ottawa
478,Oduya Johnny,3,2.25,109.756097561,4,Lower body,D,2017/18,Ottawa
479,Oduya Johnny,3,2.25,356.707317073,13,Lower body,D,2017/18,Philadelphia
480,Okposo Kyle,1,6.0,219.512195122,3,Concussion,F,2017/18,Buffalo
481,Olofsson Gustav,1,0.725,44.207317073,5,Concussion,D,2017/18,Minnesota
482,Orpik Brooks,1,5.5,67.073170732,1,Lower body,D,2017/18,Washington
483,Oshie T.J.,2,5.75,70.12195122,1,Lower body,F,2017/18,Washington
484,Oshie T.J.,2,5.75,420.731707317,6,Upper body,F,2017/18,Washington
485,Paajarvi Magnus,1,0.8,29.268292683000002,3,Foot,F,2017/18,St. Louis
486,Pacioretty Max,1,4.5,987.804878049,18,Knee,F,2017/18,Montreal
487,Pageau Jean-Gabriel,1,3.1,151.219512195,4,Upper body,F,2017/18,Ottawa
488,Palat Ondrej,1,5.3,1680.487804878,26,Lower body,F,2017/18,Tampa Bay
489,Palmieri Kyle,3,4.65,340.243902439,6,Foot,F,2017/18,New Jersey
490,Palmieri Kyle,3,4.65,680.487804878,12,Foot,F,2017/18,New Jersey
491,Palmieri Kyle,3,4.65,56.707317073,1,Lower body,F,2017/18,New Jersey
492,Panik Richard,1,2.8,68.292682927,2,Lower body,F,2017/18,Arizona/Phoenix
493,Paquette Cedric,1,0.8125,9.908536585,1,Lower body,F,2017/18,Tampa Bay
494,Parise Zach,1,7.538461999999999,3585.3660731709997,39,Back,F,2017/18,Minnesota
495,Patrick Nolan,1,3.575,392.37804878,9,Upper body,F,2017/18,Philadelphia
496,Pavelec Ondrej,1,1.3,285.36585365900004,18,Knee,G,2017/18,NY Rangers
497,Perlini Brendan,1,1.363333,99.756073171,6,Upper body,F,2017/18,Arizona/Phoenix
498,Perreault Mathieu,1,4.125,603.658536585,12,Lower body,F,2017/18,Winnipeg/Atlanta
499,Perron David,1,3.75,274.390243902,6,Upper body,F,2017/18,Vegas
500,Perry Corey,1,8.625,1157.0121951219999,11,Leg,F,2017/18,Anaheim
501,Pesce Brett,3,0.925,33.841463415,3,Concussion,D,2017/18,Carolina
502,Pesce Brett,3,0.925,101.524390244,9,Shoulder,D,2017/18,Carolina
503,Pesce Brett,3,0.925,56.402439023999996,5,Upper body,D,2017/18,Carolina
504,Petrovic Alex,2,1.85,22.56097561,1,Lower body,D,2017/18,Florida
505,Petrovic Alex,2,1.85,45.12195122,2,Lower body,D,2017/18,Florida
506,Pietrangelo Alex,1,6.5,317.073170732,4,Foot,D,2017/18,St. Louis
507,Price Carey,2,6.5,1030.4878048780001,13,Concussion,G,2017/18,Montreal
508,Price Carey,2,6.5,792.6829268289999,10,Lower body,G,2017/18,Montreal
509,Prince Shane,2,0.85,300.609756098,29,Ankle,F,2017/18,NY Islanders
510,Prince Shane,2,0.85,342.073170732,33,Upper body,F,2017/18,NY Islanders
511,Quenneville John,1,0.894167,87.235804878,8,Knee,F,2017/18,New Jersey
512,Quine Alan,2,0.6125,149.390243902,20,Lower body,F,2017/18,NY Islanders
513,Quine Alan,2,0.6125,112.042682927,15,Upper body,F,2017/18,NY Islanders
514,Raanta Antti,4,1.0,60.975609756000004,5,Lower body,G,2017/18,Arizona/Phoenix
515,Raanta Antti,4,1.0,109.756097561,9,Lower body,G,2017/18,Arizona/Phoenix
516,Raanta Antti,4,1.0,12.195121950999999,1,Upper body,G,2017/18,Arizona/Phoenix
517,Raanta Antti,4,1.0,73.170731707,6,Upper body,G,2017/18,Arizona/Phoenix
518,Raffl Michael,1,2.35,171.951219512,6,Upper body,F,2017/18,Philadelphia
519,Rakell Rickard,1,3.789444,231.063658537,5,Upper body,F,2017/18,Anaheim
520,Rantanen Mikko,1,1.6275,19.847560976,1,Lower body,F,2017/18,Colorado
521,Rask Tuukka,1,7.0,170.731707317,2,Concussion,G,2017/18,Boston
522,Rask Victor,1,4.0,439.024390244,9,Shoulder,F,2017/18,Carolina
523,Reimer James,1,3.4,207.31707317099998,5,Groin,G,2017/18,Florida
524,Richardson Brad,2,2.083333,50.813,2,Lower body,F,2017/18,Arizona/Phoenix
525,Richardson Brad,2,2.083333,101.626,4,Upper body,F,2017/18,Arizona/Phoenix
526,Rielly Morgan,1,5.0,365.85365853699994,6,Upper body,D,2017/18,Toronto
527,Rinaldo Zac,1,0.7,59.756097561000004,7,Upper body,F,2017/18,Arizona/Phoenix
528,Ristolainen Rasmus,1,5.4,592.682926829,9,Upper body,D,2017/18,Buffalo
529,Ritchie Brett,2,1.75,21.341463415,1,Lower body,F,2017/18,Dallas
530,Ritchie Brett,2,1.75,64.024390244,3,Upper body,F,2017/18,Dallas
531,Ritchie Nick,2,1.6275,59.542682927,3,Lower body,F,2017/18,Anaheim
532,Ritchie Nick,2,1.6275,59.542682927,3,Upper body,F,2017/18,Anaheim
533,Rodrigues Evan,2,0.65,142.682926829,18,Hand,F,2017/18,Buffalo
534,Rodrigues Evan,2,0.65,39.634146341,5,Ribs,F,2017/18,Buffalo
535,Roussel Antoine,2,2.0,24.390243901999998,1,Back,F,2017/18,Dallas
536,Roussel Antoine,2,2.0,48.780487805,2,Elbow,F,2017/18,Dallas
537,Rowney Carter,3,0.6125,97.103658537,13,Hand,F,2017/18,Pittsburgh
538,Rowney Carter,3,0.6125,74.695121951,10,Upper body,F,2017/18,Pittsburgh
539,Rowney Carter,3,0.6125,82.164634146,11,Upper body,F,2017/18,Pittsburgh
540,Rozsival Michal,1,0.65,650.0,82,Upper body,D,2017/18,Chicago
541,Ruhwedel Chad,1,0.65,95.12195122,12,Upper body,D,2017/18,Pittsburgh
542,Russell Kris,1,4.0,97.56097561,2,Hand,D,2017/18,Edmonton
543,Rust Bryan,2,0.64,15.609756098,2,Concussion,F,2017/18,Pittsburgh
544,Rust Bryan,2,0.64,85.853658537,11,Upper body,F,2017/18,Pittsburgh
545,Rutta Jan,2,1.35,65.853658537,4,Lower body,D,2017/18,Chicago
546,Rutta Jan,2,1.35,49.390243901999995,3,Upper body,D,2017/18,Chicago
547,Ryan Bobby,4,7.25,88.414634146,1,Finger,F,2017/18,Ottawa
548,Ryan Bobby,4,7.25,707.3170731710001,8,Finger,F,2017/18,Ottawa
549,Ryan Bobby,4,7.25,88.414634146,1,Hand,F,2017/18,Ottawa
550,Ryan Bobby,4,7.25,884.146341463,10,Hand,F,2017/18,Ottawa
551,Ryan Derek,1,1.425,34.756097561,2,Upper body,F,2017/18,Carolina
552,Ryan Joakim,1,0.65,87.195121951,11,Upper body,D,2017/18,San Jose
553,Sanford Zach,1,0.925,665.548780488,59,Shoulder,F,2017/18,St. Louis
554,Santini Steven,1,0.925,11.280487805,1,Upper body,D,2017/18,New Jersey
555,Sbisa Luca,3,3.6,746.341463415,17,Hand,D,2017/18,Vegas
556,Sbisa Luca,3,3.6,307.317073171,7,Lower body,D,2017/18,Vegas
557,Sbisa Luca,3,3.6,395.12195122,9,Lower body,D,2017/18,Vegas
558,Sceviour Colton,2,0.95,11.585365854,1,Head,F,2017/18,Florida
559,Sceviour Colton,2,0.95,57.926829268,5,Upper body,F,2017/18,Florida
560,Scheifele Mark,2,6.125,373.475609756,5,Upper body,F,2017/18,Winnipeg/Atlanta
561,Scheifele Mark,2,6.125,1195.12195122,16,Upper body,F,2017/18,Winnipeg/Atlanta
562,Scherbak Nikita,2,1.063333,25.93495122,2,Concussion,F,2017/18,Montreal
563,Scherbak Nikita,2,1.063333,272.316987805,21,Knee,F,2017/18,Montreal
564,Schlemko David,2,2.1,640.2439024390001,25,Hand,D,2017/18,Montreal
565,Schlemko David,2,2.1,307.317073171,12,Upper body,D,2017/18,Montreal
566,Schmaltz Jordan,1,1.208333,73.678841463,5,Upper body,D,2017/18,St. Louis
567,Schmaltz Nick,1,1.541667,75.20326829300001,4,Upper body,F,2017/18,Chicago
568,Schneider Cory,2,6.0,1170.731707317,16,Groin,G,2017/18,New Jersey
569,Schneider Cory,2,6.0,146.341463415,2,Lower body,G,2017/18,New Jersey
570,Schroeder Jordan,1,0.65,31.707317073000002,4,Upper body,F,2017/18,Columbus
571,Schultz Justin,2,5.5,402.43902439,6,Concussion,D,2017/18,Pittsburgh
572,Schultz Justin,2,5.5,737.804878049,11,Lower body,D,2017/18,Pittsburgh
573,Schwartz Jaden,1,5.35,1304.87804878,20,Ankle,F,2017/18,St. Louis
574,Sedin Daniel,1,7.0,85.365853659,1,Back,F,2017/18,Vancouver
575,Sedlak Lukas,2,0.825,130.79268292700002,13,Ankle,F,2017/18,Columbus
576,Sedlak Lukas,2,0.825,70.426829268,7,Head,F,2017/18,Columbus
577,Seeler Nick,1,0.925,33.841463415,3,Bicep,D,2017/18,Minnesota
578,Sekera Andrej,4,5.5,469.512195122,7,Facial,D,2017/18,Edmonton
579,Sekera Andrej,4,5.5,134.146341463,2,Foot,D,2017/18,Edmonton
580,Sekera Andrej,4,5.5,134.146341463,2,Knee,D,2017/18,Edmonton
581,Sekera Andrej,4,5.5,2280.4878048779997,34,Knee,D,2017/18,Edmonton
582,Shattenkirk Kevin,1,6.65,2919.5121951220003,36,Knee,D,2017/18,NY Rangers
583,Shaw Andrew,2,3.9,570.731707317,12,Head,F,2017/18,Montreal
584,Shaw Andrew,2,3.9,903.658536585,19,Lower body,F,2017/18,Montreal
585,Sheary Conor,1,3.0,109.756097561,3,Lower body,F,2017/18,Pittsburgh
586,Shore Nick,1,0.925,22.56097561,2,Lower body,F,2017/18,Los Angeles
587,Simmonds Wayne,1,3.975,339.329268293,7,Upper body,F,2017/18,Philadelphia
588,Simon Dominik,1,0.925,67.682926829,6,Lower body,F,2017/18,Pittsburgh
589,Sissons Colton,1,0.625,7.62195122,1,Lower body,F,2017/18,Nashville
590,Slepyshev Anton,2,1.525,148.780487805,8,Groin,F,2017/18,Edmonton
591,Slepyshev Anton,2,1.525,37.195121951,2,Lower body,F,2017/18,Edmonton
592,Smith Craig,1,4.25,51.829268293,1,Lower body,F,2017/18,Nashville
593,Smith Mike,1,4.25,673.780487805,13,Groin,G,2017/18,Calgary
594,Smith Reilly,1,5.0,914.634146341,15,Upper body,F,2017/18,Vegas
595,Smith Zack,3,3.25,198.17073170700002,5,Shoulder,F,2017/18,Ottawa
596,Smith Zack,3,3.25,237.80487804900002,6,Thumb,F,2017/18,Ottawa
597,Smith Zack,3,3.25,118.902439024,3,Upper body,F,2017/18,Ottawa
598,Soshnikov Nikita,3,0.925,33.841463415,3,Lower body,F,2017/18,St. Louis
599,Soshnikov Nikita,3,0.925,78.963414634,7,Upper body,F,2017/18,St. Louis
600,Soshnikov Nikita,3,0.925,315.853658537,28,Lower body,F,2017/18,Toronto
601,Spezza Jason,1,7.5,274.390243902,3,Back,F,2017/18,Dallas
602,Spooner Ryan,3,2.825,34.451219512,1,Groin,F,2017/18,Boston
603,Spooner Ryan,3,2.825,482.317073171,14,Groin,F,2017/18,Boston
604,Spooner Ryan,3,2.825,137.804878049,4,Lower body,F,2017/18,Boston
605,Spurgeon Jared,2,5.1875,506.097560976,8,Groin,D,2017/18,Minnesota
606,Spurgeon Jared,2,5.1875,759.146341463,12,Hamstring,D,2017/18,Minnesota
607,Staal Marc,2,5.7,139.024390244,2,Hip,D,2017/18,NY Rangers
608,Staal Marc,2,5.7,556.097560976,8,Neck,D,2017/18,NY Rangers
609,Stafford Drew,2,0.8,9.756097561,1,Lower body,F,2017/18,New Jersey
610,Stafford Drew,2,0.8,29.268292683000002,3,Lower body,F,2017/18,New Jersey
611,Stamkos Steven,2,8.5,103.658536585,1,Lower body,F,2017/18,Tampa Bay
612,Stamkos Steven,2,8.5,310.975609756,3,Lower body,F,2017/18,Tampa Bay
613,Stastny Paul,1,3.5,42.682926829,1,Lower body,F,2017/18,Winnipeg/Atlanta
614,Stecher Troy,1,0.925,157.926829268,14,Leg,D,2017/18,Vancouver
615,Steen Alex,1,5.75,420.731707317,6,Hand,F,2017/18,St. Louis
616,Stempniak Lee,2,2.5,457.317073171,15,Hip,F,2017/18,Carolina
617,Stempniak Lee,2,2.5,792.6829268289999,26,Upper body,F,2017/18,Carolina
618,Stephenson Chandler,1,0.65,7.926829268,1,Upper body,F,2017/18,Washington
619,Stone Mark,2,3.5,384.14634146300006,9,Knee,F,2017/18,Ottawa
620,Stone Mark,2,3.5,640.2439024390001,15,Leg,F,2017/18,Ottawa
621,Stoner Clayton,1,3.25,3250.0,82,Abdominal,D,2017/18,Vegas
622,Subban Malcolm,2,0.65,126.829268293,16,Hand,G,2017/18,Vegas
623,Subban Malcolm,2,0.65,87.195121951,11,Lower body,G,2017/18,Vegas
624,Suter Ryan,1,7.538461999999999,367.729853659,4,Ankle,D,2017/18,Minnesota
625,Sutter Brandon,1,4.375,1120.4268292680001,21,Upper body,F,2017/18,Vancouver
626,Talbot Cam,1,4.1666669999999995,355.691085366,7,Upper body,G,2017/18,Edmonton
627,Tanev Brandon,2,0.7,59.756097561000004,7,Lower body,F,2017/18,Winnipeg/Atlanta
628,Tanev Brandon,2,0.7,76.829268293,9,Upper body,F,2017/18,Winnipeg/Atlanta
629,Tanev Chris,5,4.45,379.87804878,7,Groin,D,2017/18,Vancouver
630,Tanev Chris,5,4.45,379.87804878,7,Knee,D,2017/18,Vancouver
631,Tanev Chris,5,4.45,922.56097561,17,Leg,D,2017/18,Vancouver
632,Tanev Chris,5,4.45,108.536585366,2,Mouth,D,2017/18,Vancouver
633,Tanev Chris,5,4.45,379.87804878,7,Thumb,D,2017/18,Vancouver
634,Tarasenko Vladimir,1,7.5,182.926829268,2,Upper body,F,2017/18,St. Louis
635,Tennyson Matt,1,0.65,87.195121951,11,Foot,D,2017/18,Buffalo
636,Theodore Shea,1,0.863333,42.113804878,4,Throat,D,2017/18,Vegas
637,Thompson Nate,3,1.65,60.365853658999995,3,Lower body,F,2017/18,Ottawa
638,Thompson Nate,3,1.65,80.487804878,4,Lower body,F,2017/18,Ottawa
639,Thompson Nate,3,1.65,100.60975609799999,5,Lower body,F,2017/18,Ottawa
640,Thornton Joe,1,8.0,3414.634146341,35,Knee,F,2017/18,San Jose
641,Tkachuk Matthew,1,1.775,259.756097561,12,Upper body,F,2017/18,Calgary
642,Toews Jonathan,1,10.5,1024.390243902,8,Upper body,F,2017/18,Chicago
643,Tootoo Jordin,1,0.7,204.87804878,24,Upper body,F,2017/18,Chicago
644,Trouba Jacob,2,2.8125,685.975609756,20,Ankle,D,2017/18,Winnipeg/Atlanta
645,Trouba Jacob,2,2.8125,171.493902439,5,Concussion,D,2017/18,Winnipeg/Atlanta
646,Upshall Scottie,2,0.8,39.024390244,4,Kidney,F,2017/18,St. Louis
647,Upshall Scottie,2,0.8,87.804878049,9,Knee,F,2017/18,St. Louis
648,Valiev Rinat,1,0.894167,130.85370731700002,12,Lower body,D,2017/18,Montreal
649,Varlamov Semyon,2,5.9,719.512195122,10,Groin,G,2017/18,Colorado
650,Varlamov Semyon,2,5.9,287.804878049,4,Knee,G,2017/18,Colorado
651,Vatanen Sami,1,4.875,535.06097561,9,Shoulder,D,2017/18,Anaheim
652,Vatrano Frank,2,0.925,78.963414634,7,Lower body,F,2017/18,Boston
653,Vatrano Frank,2,0.925,90.243902439,8,Lower body,F,2017/18,Florida
654,Versteeg Kris,2,1.75,149.390243902,7,Hip,F,2017/18,Calgary
655,Versteeg Kris,2,1.75,1045.731707317,49,Hip,F,2017/18,Calgary
656,Vesey Jimmy,1,3.775,138.109756098,3,Concussion,F,2017/18,NY Rangers
657,Vlasic Marc-Edouard,1,4.25,51.829268293,1,Head,D,2017/18,San Jose
658,Vrbata Radim,1,3.75,228.658536585,5,Facial,F,2017/18,Florida
659,Ward Joel,1,3.275,718.9024390239999,18,Shoulder,F,2017/18,San Jose
660,Watson Austin,1,1.1,40.243902439,3,Upper body,F,2017/18,Nashville
661,Weal Jordan,2,1.75,21.341463415,1,Upper body,F,2017/18,Philadelphia
662,Weal Jordan,2,1.75,42.682926829,2,Upper body,F,2017/18,Philadelphia
663,Weber Shea,3,7.857142999999999,4695.122036585,49,Foot,D,2017/18,Montreal
664,Weber Shea,3,7.857142999999999,95.81881707299999,1,Lower body,D,2017/18,Montreal
665,Weber Shea,3,7.857142999999999,574.912902439,6,Lower body,D,2017/18,Montreal
666,Weber Yannick,2,0.65,79.268292683,10,Lower body,D,2017/18,Nashville
667,Weber Yannick,2,0.65,23.780487805,3,Upper body,D,2017/18,Nashville
668,Wennberg Alexander,3,4.9,478.04878048800003,8,Back,F,2017/18,Columbus
669,Wennberg Alexander,3,4.9,59.756097561000004,1,Upper body,F,2017/18,Columbus
670,Wennberg Alexander,3,4.9,358.536585366,6,Upper body,F,2017/18,Columbus
671,Wideman Chris,2,0.8,634.146341463,65,Hamstring,D,2017/18,Ottawa
672,Wideman Chris,2,0.8,9.756097561,1,Neck,D,2017/18,Ottawa
673,Wilson Colin,4,3.9375,384.14634146300006,8,Concussion,F,2017/18,Colorado
674,Wilson Colin,4,3.9375,144.054878049,3,Hip,F,2017/18,Colorado
675,Wilson Colin,4,3.9375,288.109756098,6,Hip,F,2017/18,Colorado
676,Wilson Colin,4,3.9375,240.091463415,5,Lower body,F,2017/18,Colorado
677,Wingels Tommy,1,0.75,18.292682927,2,Hand,F,2017/18,Boston
678,Wood Miles,1,0.925,33.841463415,3,Upper body,F,2017/18,New Jersey
679,Zacha Pavel,1,1.7441669999999998,127.62197561,6,Upper body,F,2017/18,New Jersey
680,Zaitsev Nikita,1,4.5,932.926829268,17,Lower body,D,2017/18,Toronto
681,Zajac Travis,1,5.75,1192.0731707319999,17,Pectoral,F,2017/18,New Jersey
682,Zibanejad Mika,1,5.35,587.195121951,9,Concussion,F,2017/18,NY Rangers
683,de Haan Calvin,1,3.3,1971.951219512,49,Upper body,D,2017/18,NY Islanders
684,van Riemsdyk Trevor,1,0.825,30.182926829,3,Concussion,D,2017/18,Carolina
