PLAYER,TEAM,GP,G,A,PTS,+/-,TOI/G,SHFT,SHFT/G,PROD
"Ryan Suter, D",MIN,82,7,40,47,-8,26:42:00,2222,27.1,46:34:00
"Drew Doughty, D",LA,82,8,37,45,-34,26:36:00,2393,29.2,48:27:00
"Kris Letang, D",PIT,65,16,40,56,13,25:58:00,1923,29.6,30:07:00
"Seth Jones, D",CBJ,75,9,37,46,1,25:49:00,2214,29.5,42:06:00
"Roman Josi, D",NSH,82,15,41,56,9,25:10:00,2359,28.8,36:51:00
"Ivan Provorov, D",PHI,82,7,19,26,-16,25:07:00,2369,28.9,79:12:00
"Brent Burns, D",SJ,82,16,67,83,13,25:06:00,2200,26.8,24:47:00
"John Carlson, D",WSH,80,13,57,70,21,25:04:00,2041,25.5,28:38:00
"Rasmus Ristolainen, D",BUF,78,5,38,43,-41,24:38:00,2076,26.6,44:41:00
"Alexander Edler, D",VAN,56,10,24,34,3,24:34:00,1683,30.1,40:28:00
"John Klingberg, D",DAL,64,10,35,45,6,24:32:00,1719,26.9,34:53:00
"Erik Karlsson, D",SJ,53,3,42,45,6,24:29:00,1384,26.1,28:50:00
"Dustin Byfuglien, D",WPG,42,4,27,31,4,24:22:00,991,23.6,33:00:00
"Esa Lindell, D",DAL,82,11,21,32,14,24:20:00,2314,28.2,62:20:00
"Thomas Chabot, D",OTT,70,14,41,55,-12,24:17:00,1936,27.7,30:54:00
"Mark Giordano, D",CGY,78,17,57,74,39,24:14:00,2177,27.9,25:33:00
"Jared Spurgeon, D",MIN,82,14,29,43,-1,24:09:00,2170,26.5,46:02:00
"Alex Pietrangelo, D",STL,71,13,28,41,2,24:05:00,2061,29,41:41:00
"Ryan Ellis, D",NSH,82,7,34,41,21,24:01:00,2320,28.3,48:01:00
"Hampus Lindholm, D",ANA,76,6,22,28,-5,24:00:00,2281,30,65:07:00
"Oscar Klefbom, D",EDM,61,5,23,28,-11,23:59,1695,27.8,52:14:00
"Darnell Nurse, D",EDM,82,10,31,41,-5,23:49,2306,28.1,47:38:00
"Aaron Ekblad, D",FLA,82,13,24,37,1,23:39,2468,30.1,52:24:00
"Oliver Ekman-Larsson, D",ARI,81,14,30,44,-16,23:38,2231,27.5,43:31:00
"Shea Weber, D",MTL,58,14,19,33,15,23:29,1572,27.1,41:16:00
"Matt Dumba, D",MIN,32,12,10,22,-5,23:23,799,25,34:00:00
"Cam Fowler, D",ANA,59,5,18,23,-14,23:22,1727,29.3,59:56:00
"Mattias Ekholm, D",NSH,80,8,36,44,27,23:22,2288,28.6,42:28:00
"Morgan Rielly, D",TOR,82,20,52,72,24,23:07,2364,28.8,26:20:00
"Jeff Petry, D",MTL,82,13,33,46,-5,23:07,2185,26.6,41:12:00
"Miro Heiskanen, D",DAL,82,12,21,33,-14,23:07,2282,27.8,57:26:00
"Jaccob Slavin, D",CAR,82,8,23,31,0,23:02,2203,26.9,60:56:00
"Duncan Keith, D",CHI,82,6,34,40,13,23:01,2272,27.7,47:11:00
"Zach Werenski, D",CBJ,82,11,33,44,-12,22:54,2250,27.4,42:40:00
"Jacob Trouba, D",WPG,82,8,42,50,8,22:53,1997,24.4,37:31:00
"Connor McDavid, C",EDM,78,41,75,116,3,22:50,1998,25.6,15:21
"Colton Parayko, D",STL,80,10,18,28,20,22:47,2329,29.1,65:05:00
"Victor Hedman, D",TB,70,12,42,54,24,22:46,1734,24.8,29:31:00
"P.K. Subban, D",NSH,63,9,22,31,5,22:40,1731,27.5,46:03:00
"Leon Draisaitl, C",EDM,82,50,55,105,2,22:35,2126,25.9,17:38
"Erik Gustafsson, D",CHI,79,17,43,60,-6,22:35,2019,25.6,29:44:00
"Cody Ceci, D",OTT,74,7,19,26,-22,22:34,2048,27.7,64:12:00
"Patrick Kane, RW",CHI,81,44,66,110,2,22:29,1912,23.6,16:33
"Brandon Montour, D",BUF/ANA,82,8,27,35,-20,22:27,2252,27.5,52:35:00
"Keith Yandle, D",FLA,82,9,53,62,-17,22:27,2304,28.1,29:41:00
"Justin Faulk, D",CAR,82,11,24,35,9,22:25,2150,26.2,52:32:00
"Josh Morrissey, D",WPG,59,6,25,31,9,22:24,1439,24.4,42:38:00
"Ryan Pulock, D",NYI,82,9,28,37,21,22:22,2278,27.8,49:33:00
"Ben Hutton, D",VAN,69,5,15,20,-23,22:21,1908,27.7,77:07:00
"Aleksander Barkov, C",FLA,82,35,61,96,-3,22:21,2218,27,19:05
"Michael Matheson, D",FLA,75,8,19,27,-24,22:19,2126,28.3,61:59:00
"Josh Manson, D",ANA,74,3,13,16,-8,22:18,2099,28.4,103:10:00
"Anze Kopitar, C",LA,81,22,38,60,-20,22:18,2146,26.5,30:06:00
"Charlie McAvoy, D",BOS,54,7,21,28,14,22:10,1448,26.8,42:45:00
"Sean Couturier, C",PHI,80,33,43,76,2,22:08,2143,26.8,23:17
"Nathan MacKinnon, C",COL,82,41,58,99,20,22:05,2024,24.7,18:17
"Ryan McDonagh, D",TB,82,9,37,46,38,22:05,2066,25.2,39:22:00
"Damon Severson, D",NJ,82,11,28,39,-27,22:03,2155,26.3,46:20:00
"Danny DeKeyser, D",DET,52,5,15,20,2,21:58,1479,28.4,57:06:00
"Nate Schmidt, D",VGS,61,9,21,30,22,21:57,1576,25.8,44:38:00
"Matt Niskanen, D",WSH,80,8,17,25,-3,21:56,1909,23.9,70:10:00
"Mark Scheifele, C",WPG,82,38,46,84,8,21:52,1969,24,21:20
"Dylan Larkin, C",DET,76,32,41,73,-6,21:51,1973,26,22:44
"Erik Johnson, D",COL,80,7,18,25,8,21:49,2157,27,69:48:00
"Tyson Barrie, D",COL,78,14,45,59,-3,21:47,1850,23.7,28:47:00
"Sami Vatanen, D",NJ,50,4,13,17,-17,21:44,1317,26.3,63:54:00
"Mike Green, D",DET,43,5,21,26,-1,21:41,1185,27.6,35:51:00
"Dmitry Orlov, D",WSH,82,3,26,29,3,21:38,1914,23.3,61:10:00
"Zach Bogosian, D",BUF,65,3,16,19,-5,21:38,1574,24.2,73:59:00
"Adam Larsson, D",EDM,82,3,17,20,-28,21:37,2243,27.4,88:39:00
"Nick Leddy, D",NYI,82,4,22,26,0,21:33,2133,26,67:57:00
"T.J. Brodie, D",CGY,79,9,25,34,29,21:28,2084,26.4,49:53:00
"Claude Giroux, LW",PHI,82,22,63,85,9,21:27,2138,26.1,20:42
"Ryan Murray, D",CBJ,56,1,28,29,20,21:26,1501,26.8,41:24:00
"Alec Martinez, D",LA,60,4,14,18,-2,21:22,1578,26.3,71:12:00
"Jake Muzzin, D",LA/TOR,80,9,28,37,21,21:20,2210,27.6,46:08:00
"Torey Krug, D",BOS,64,6,47,53,-2,21:18,1599,25,25:43:00
"Brady Skjei, D",NYR,78,8,17,25,-4,21:14,2141,27.4,66:15:00
"Jake Gardiner, D",TOR,62,3,27,30,19,21:13,1635,26.4,43:50:00
"Neal Pionk, D",NYR,73,6,20,26,-16,21:10,1998,27.4,59:25:00
"Rasmus Dahlin, D",BUF,82,9,35,44,-13,21:09,1905,23.2,39:25:00
"Gabriel Landeskog, LW",COL,73,34,41,75,17,21:09,1711,23.4,20:35
"Zdeno Chara, D",BOS,62,5,9,14,22,21:05,1515,24.4,93:20:00
"Jimmy Schuldt, D",VGS,1,0,1,1,-1,21:03,22,22,21:03
"Marc-Edouard Vlasic, D",SJ,72,3,22,25,-6,21:03,1847,25.7,60:36:00
"Brian Dumoulin, D",PIT,76,3,20,23,31,21:02,2110,27.8,69:28:00
"Jonathan Toews, C",CHI,82,35,46,81,2,21:00,2090,25.5,21:16
"Sidney Crosby, C",PIT,79,35,65,100,18,21:00,2036,25.8,16:35
"Brandon Carlo, D",BOS,72,2,8,10,22,20:55,1840,25.6,150:38:00
"Alex Ovechkin, LW",WSH,81,51,38,89,7,20:55,1682,20.8,19:02
"Travis Hamonic, D",CGY,69,7,12,19,21,20:52,1758,25.5,75:46:00
"Mikko Rantanen, RW",COL,74,31,56,87,13,20:51,1704,23,17:43
"Bo Horvat, C",VAN,82,27,34,61,-4,20:50,2217,27,28:00:00
"Andy Greene, D",NJ,82,5,20,25,-9,20:50,2027,24.7,68:20:00
"Alex Goligoski, D",ARI,76,3,24,27,-7,20:49,1878,24.7,58:35:00
"Noah Hanifin, D",CGY,80,5,28,33,18,20:46,2075,25.9,50:21:00
"Ryan O'Reilly, C",STL,82,28,49,77,22,20:46,2103,25.6,22:06
"Tyler Seguin, C",DAL,82,33,47,80,17,20:45,2278,27.8,21:16
"Derek Forbort, D",LA,81,2,12,14,-13,20:45,2075,25.6,120:00:00
"Jay Bouwmeester, D",STL,78,3,14,17,-3,20:44,2077,26.6,95:07:00
"Blake Wheeler, RW",WPG,82,20,71,91,0,20:43,1979,24.1,18:39
"Mika Zibanejad, C",NYR,82,30,44,74,-12,20:34,2084,25.4,22:46
"Jonas Brodin, D",MIN,82,4,14,18,-15,20:33,1997,24.4,93:35:00
"Anton Stralman, D",TB,47,2,15,17,12,20:31,1113,23.7,56:44:00
"Justin Schultz, D",PIT,29,2,13,15,0,20:30,767,26.4,39:38:00
"Brett Pesce, D",CAR,73,7,22,29,35,20:29,1826,25,51:34:00
"Nikita Zaitsev, D",TOR,81,3,11,14,2,20:28,2145,26.5,118:27:00
"Jack Eichel, C",BUF,77,28,54,82,-11,20:26,1756,22.8,19:11
"Kris Russell, D",EDM,72,3,13,16,5,20:26,1858,25.8,91:55:00
"Dustin Brown, RW",LA,72,22,29,51,-17,20:24,1823,25.3,28:48:00
"Tyler Myers, D",WPG,80,9,22,31,11,20:21,1806,22.6,52:30:00
"Justin Braun, D",SJ,78,2,14,16,-14,20:18,1957,25.1,98:59:00
"Ron Hainsey, D",TOR,81,5,18,23,30,20:15,2181,26.9,71:20:00
"Jakob Chychrun, D",ARI,53,5,15,20,-12,20:15,1235,23.3,53:40:00
"Chris Tanev, D",VAN,55,2,10,12,3,20:10,1530,27.8,92:26:00
"Sebastian Aho, LW",CAR,82,30,53,83,25,20:09,2008,24.5,19:54
"Shea Theodore, D",VGS,79,12,25,37,-4,20:06,1938,24.5,42:55:00
"Ryan Nugent-Hopkins, C",EDM,82,28,41,69,-13,20:06,1997,24.4,23:53
"Johnny Gaudreau, LW",CGY,82,36,63,99,18,20:04,1923,23.5,16:37
"Elias Lindholm, C",CGY,81,27,51,78,30,20:02,2062,25.5,20:48
"Jason Demers, D",ARI,35,2,6,8,9,20:00,909,26,87:28:00
"Nikita Kucherov, RW",TB,82,41,87,128,24,19:58,1765,21.5,12:47
"Filip Hronek, D",DET,46,5,18,23,-10,19:58,1201,26.1,39:55:00
"Niklas Kronwall, D",DET,79,3,24,27,-5,19:57,2047,25.9,58:22:00
"Nicklas Backstrom, C",WSH,80,22,52,74,2,19:57,1759,22,21:34
"Troy Stecher, D",VAN,78,2,21,23,9,19:55,1915,24.6,67:32:00
"Samuel Girard, D",COL,82,4,23,27,8,19:54,1966,24,60:24:00
"Mark Stone, RW",OTT/VGS,77,33,40,73,17,19:53,1782,23.1,20:58
"Deryk Engelland, D",VGS,74,2,10,12,-3,19:53,1740,23.5,122:34:00
"Artemi Panarin, LW",CBJ,79,28,59,87,14,19:51,1816,23,18:01
"Nick Jensen, D",DET/WSH,80,2,18,20,4,19:51,2004,25.1,79:24:00
"Mats Zuccarello, RW",DAL/NYR,48,12,28,40,-8,19:51,1129,23.5,23:49
"David Schlemko, D",MTL/PHI,18,0,2,2,-1,19:51,469,26.1,178:36:00
"Mitch Marner, C",TOR,82,26,68,94,22,19:49,2066,25.2,17:17
"Caleb Jones, D",EDM,17,1,5,6,-9,19:48,434,25.5,56:05:00
"Alexander Radulov, RW",DAL,70,29,43,72,22,19:47,1768,25.3,19:14
"Ian Cole, D",COL,71,2,13,15,-1,19:45,1682,23.7,93:30:00
"David Savard, D",CBJ,82,8,16,24,19,19:45,2083,25.4,67:27:00
"Niklas Hjalmarsson, D",ARI,82,0,10,10,8,19:42,2047,25,161:31:00
"Taylor Hall, LW",NJ,33,11,26,37,-6,19:41,727,22,17:33
"Dougie Hamilton, D",CAR,82,18,21,39,0,19:40,1994,24.3,41:21:00
"Vincent Trocheck, C",FLA,55,10,24,34,-9,19:40,1366,24.8,31:48:00
"Shayne Gostisbehere, D",PHI,78,9,28,37,-20,19:40,1772,22.7,41:26:00
"Colin Miller, D",VGS,65,3,26,29,0,19:39,1581,24.3,44:02:00
"Brad Marchand, LW",BOS,79,36,64,100,15,19:37,1821,23.1,15:30
"Travis Sanheim, D",PHI,82,9,26,35,-4,19:34,2011,24.5,45:49:00
"Ryan Johansen, C",NSH,80,14,50,64,7,19:33,2000,25,24:26:00
"Connor Murphy, D",CHI,52,5,8,13,12,19:29,1352,26,77:57:00
"Brayden McNabb, D",VGS,81,4,12,16,11,19:29,1927,23.8,98:36:00
"Ryan Getzlaf, C",ANA,67,14,34,48,-19,19:28,1568,23.4,27:10:00
"Marc Staal, D",NYR,79,3,10,13,-9,19:25,2061,26.1,118:00:00
"Joel Edmundson, D",STL,64,2,9,11,8,19:23,1691,26.4,112:47:00
"Libor Sulak, D",DET,6,0,0,0,-4,19:23,163,27.2,0:00
"Cam Atkinson, RW",CBJ,80,41,28,69,3,19:23,1951,24.4,22:28
"Jake Guentzel, C",PIT,82,40,36,76,13,19:21,2008,24.5,20:52
"Tony DeAngelo, D",NYR,61,4,26,30,6,19:20,1494,24.5,39:18:00
"Dylan DeMelo, D",OTT,77,4,18,22,-1,19:17,1972,25.6,67:29:00
"Jack Johnson, D",PIT,82,1,12,13,-4,19:17,2124,25.9,121:36:00
"Will Butcher, D",NJ,78,4,26,30,-17,19:16,1804,23.1,50:06:00
"Travis Zajac, C",NJ,80,19,27,46,-25,19:16,1818,22.7,33:30:00
"Kyle Connor, LW",WPG,82,34,32,66,-7,19:15,1749,21.3,23:55
"Erik Cernak, D",TB,58,5,11,16,25,19:15,1416,24.4,69:47:00
"Derek Stepan, C",ARI,72,15,20,35,-2,19:13,1845,25.6,39:32:00
"Michal Kempny, D",WSH,71,6,19,25,24,19:11,1560,22,54:29:00
"Roman Polak, D",DAL,77,1,8,9,6,19:10,1878,24.4,163:59:00
"Brock Boeser, RW",VAN,69,26,30,56,-2,19:10,1621,23.5,23:36
"Viktor Arvidsson, RW",NSH,58,34,14,48,12,19:09,1388,23.9,23:08
"Matt Grzelcyk, D",BOS,66,3,15,18,9,19:08,1652,25,70:08:00
"Brent Seabrook, D",CHI,78,5,23,28,-6,19:06,2018,25.9,53:11:00
"John Tavares, C",TOR,82,47,41,88,19,19:05,1969,24,17:47
"Sean Monahan, C",CGY,78,34,48,82,7,19:03,1805,23.1,18:07
"Joe Pavelski, C",SJ,75,38,26,64,-4,19:03,1809,24.1,22:19
"Tomas Hertl, C",SJ,77,35,39,74,5,19:01,1834,23.8,19:47
"Henri Jokiharju, D",CHI,38,0,12,12,-7,18:59,946,24.9,60:06:00
"Sam Reinhart, C",BUF,82,22,43,65,-10,18:57,1730,21.1,23:55
"Jake McCabe, D",BUF,59,4,10,14,-4,18:57,1364,23.1,79:50:00
"Kevin Shattenkirk, D",NYR,73,2,26,28,-15,18:56,1685,23.1,49:22:00
"Brayden Point, C",TB,79,41,51,92,27,18:55,1675,21.2,16:14
"Maxime Lajoie, D",OTT,56,7,8,15,-25,18:54,1393,24.9,70:34:00
"Jordan Oesterle, D",ARI,71,6,14,20,-3,18:54,1645,23.2,67:04:00
"Jonathan Huberdeau, C",FLA,82,30,62,92,-14,18:51,1846,22.5,16:48
"William Karlsson, C",VGS,82,24,32,56,1,18:51,1737,21.2,27:35:00
"Matt Duchene, C",OTT/CBJ,73,31,39,70,-3,18:50,1601,21.9,19:38
"Johnny Boychuk, D",NYI,74,3,16,19,10,18:50,1864,25.2,73:20:00
"Evgeni Malkin, C",PIT,68,21,51,72,-25,18:48,1554,22.9,17:45
"Evgeny Kuznetsov, C",WSH,76,21,51,72,7,18:47,1508,19.8,19:50
"John Moore, D",BOS,61,4,9,13,0,18:46,1517,24.9,88:05:00
"David Pastrnak, LW",BOS,66,38,43,81,6,18:45,1395,21.1,15:16
"Scott Mayfield, D",NYI,79,4,15,19,18,18:44,1888,23.9,77:53:00
"Mike Reilly, D",MTL,57,3,8,11,0,18:41,1329,23.3,96:46:00
"Jakub Voracek, RW",PHI,78,20,46,66,-16,18:40,1777,22.8,22:04
"Zach Parise, LW",MIN,74,28,33,61,-2,18:40,1665,22.5,22:38
"Adam Pelech, D",NYI,78,5,16,21,22,18:38,1898,24.3,69:11:00
"Filip Forsberg, C",NSH,64,28,22,50,8,18:37,1577,24.6,23:49
"Ben Chiarot, D",WPG,78,5,15,20,6,18:37,1629,20.9,72:36:00
"T.J. Oshie, RW",WSH,69,25,29,54,5,18:37,1422,20.6,23:46
"Carl Dahlstrom, D",CHI,38,0,6,6,9,18:36,963,25.3,117:49:00
"Logan Couture, C",SJ,81,27,43,70,-6,18:36,1970,24.3,21:31
"Olli Maatta, D",PIT,60,1,13,14,9,18:35,1525,25.4,79:40:00
"Brayden Schenn, C",STL,72,17,37,54,3,18:35,1642,22.8,24:47:00
"Joe Hicketts, D",DET,11,0,0,0,-9,18:35,249,22.6,0:00
"Trevor Daley, D",DET,44,2,6,8,-3,18:34,1157,26.3,102:04:00
"Auston Matthews, C",TOR,68,37,36,73,-9,18:33,1591,23.4,17:17
"Jeff Skinner, LW",BUF,82,40,23,63,0,18:31,1721,21,24:06:00
"Calvin de Haan, D",CAR,74,1,13,14,1,18:31,1694,22.9,97:50:00
"Thomas Hickey, D",NYI,40,0,4,4,5,18:30,1011,25.3,185:03:00
"Rickard Rakell, C",ANA,69,18,25,43,-13,18:28,1526,22.1,29:38:00
"Patrice Bergeron, C",BOS,65,32,47,79,23,18:28,1510,23.2,15:11
"Evander Kane, LW",SJ,75,30,26,56,-4,18:25,1734,23.1,24:39:00
"Vladimir Tarasenko, RW",STL,76,33,35,68,8,18:24,1768,23.3,20:33
"Evgenii Dadonov, RW",FLA,82,28,42,70,-6,18:22,1834,22.4,21:31
"Kevin Connauton, D",ARI,50,1,7,8,-2,18:21,1133,22.7,114:41:00
"Mikael Granlund, C",NSH/MIN,79,16,38,54,-8,18:21,1730,21.9,26:50:00
"Steven Stamkos, C",TB,82,45,53,98,4,18:18,1789,21.8,15:18
"Mikko Koivu, C",MIN,48,8,21,29,-2,18:18,1086,22.6,30:17:00
"Nick Holden, D",VGS,61,3,12,15,5,18:18,1395,22.9,74:23:00
"Jordan Staal, C",CAR,50,11,17,28,6,18:17,1279,25.6,32:39:00
"Kevin Hayes, C",NYR/WPG,71,19,36,55,-2,18:17,1628,22.9,23:35
"Reilly Smith, RW",VGS,74,19,34,53,13,18:16,1563,21.1,25:30:00
"Mark Pysyk, D",FLA,70,1,10,11,-1,18:16,1798,25.7,116:15:00
"Dennis Cholowski, D",DET,52,7,9,16,-20,18:15,1219,23.4,59:19:00
"Clayton Keller, C",ARI,82,14,33,47,-21,18:14,1905,23.2,31:48:00
"Erik Gudbranson, D",PIT/VAN,76,2,8,10,-20,18:14,1870,24.6,138:33:00
"Jamie Benn, LW",DAL,78,27,26,53,14,18:14,1968,25.2,26:49:00
"Elias Pettersson, C",VAN,71,28,38,66,3,18:14,1598,22.5,19:36
"Jordie Benn, D",MTL,81,5,17,22,15,18:12,1947,24,66:59:00
"Gavin Bayreuther, D",DAL,19,2,3,5,2,18:11,461,24.3,69:07:00
"Jeff Carter, C",LA,76,13,20,33,-20,18:09,1827,24,41:49:00
"Kyle Palmieri, RW",NJ,74,27,23,50,-9,18:09,1580,21.4,26:52:00
"Jonathan Marchessault, C",VGS,82,25,34,59,2,18:09,1637,20,25:13:00
"Tom Wilson, RW",WSH,63,22,18,40,11,18:09,1340,21.3,28:34:00
"Jaden Schwartz, LW",STL,69,11,25,36,-6,18:08,1576,22.8,34:44:00
"Eric Staal, C",MIN,81,22,30,52,-7,18:08,1695,20.9,28:14:00
"Paul Stastny, C",VGS,50,13,29,42,14,18:06,1006,20.1,21:33
"Nico Hischier, C",NJ,69,17,30,47,0,18:06,1485,21.5,26:34:00
"Quinn Hughes, D",VAN,5,0,3,3,0,18:05,109,21.8,30:08:00
"Mirco Mueller, D",NJ,53,1,10,11,-3,18:04,1272,24,87:04:00
"Erik Brannstrom, D",OTT,2,0,0,0,0,18:04,50,25,0:00
"Victor Olofsson, RW",BUF,6,2,2,4,1,18:01,125,20.8,27:01:00
"Phil Kessel, RW",PIT,82,27,55,82,-19,17:59,1786,21.8,17:58
"Brock Nelson, C",NYI,82,25,28,53,20,17:58,1828,22.3,27:48:00
"Mikhail Sergachev, D",TB,75,6,26,32,12,17:55,1603,21.4,42:00:00
"Mathew Barzal, C",NYI,82,18,44,62,-5,17:55,1601,19.5,23:42
"Teuvo Teravainen, LW",CAR,82,21,55,76,30,17:55,1898,23.1,19:19
"Devon Toews, D",NYI,48,5,13,18,7,17:54,1078,22.5,47:43:00
"Mikael Backlund, C",CGY,77,21,26,47,34,17:54,1786,23.2,29:18:00
"Jon Merrill, D",VGS,57,3,12,15,16,17:53,1269,22.3,67:56:00
"Radko Gudas, D",PHI,77,4,16,20,6,17:53,1784,23.2,68:49:00
"Jean-Gabriel Pageau, C",OTT,39,4,8,12,-12,17:51,932,23.9,57:59:00
"Brett Kulak, D",MTL,57,6,11,17,12,17:51,1275,22.4,59:49:00
"Mike Hoffman, LW",FLA,82,36,34,70,-24,17:50,1740,21.2,20:53
"Nick Schmaltz, C",CHI/ARI,40,7,18,25,-12,17:50,847,21.2,28:31:00
"Anthony Mantha, RW",DET,67,25,23,48,-8,17:50,1436,21.4,24:53:00
"Dan Girardi, D",TB,62,4,12,16,6,17:48,1371,22.1,68:58:00
"Phillip Danault, C",MTL,81,12,41,53,17,17:47,2017,24.9,27:10:00
"Victor Mete, D",MTL,71,0,13,13,17,17:46,1650,23.2,97:04:00
"Kevan Miller, D",BOS,39,0,7,7,8,17:45,919,23.6,98:52:00
"Brenden Dillon, D",SJ,82,1,21,22,19,17:45,1792,21.9,66:08:00
"Pierre-Luc Dubois, C",CBJ,82,27,34,61,16,17:43,1820,22.2,23:48
"Connor Clifton, D",BOS,19,0,1,1,5,17:42,454,23.9,336:24:00
"Nick Foligno, LW",CBJ,73,17,18,35,12,17:42,1618,22.2,36:55:00
"Alex DeBrincat, RW",CHI,82,41,35,76,0,17:42,1666,20.3,19:05
"Brandon Saad, LW",CHI,80,23,24,47,-9,17:41,1863,23.3,30:06:00
"Markus Nutivaara, D",CBJ,80,5,16,21,3,17:41,1846,23.1,67:21:00
"David Krejci, C",BOS,81,20,53,73,7,17:41,1699,21,19:36
"Alex Biega, D",VAN,41,2,14,16,0,17:40,991,24.2,45:16:00
"Ben Harpur, D",OTT,51,1,4,5,-13,17:37,1176,23.1,179:43:00
"Marco Scandella, D",BUF,63,6,7,13,-13,17:37,1410,22.4,85:20:00
"Matthew Tkachuk, LW",CGY,80,34,43,77,14,17:36,1696,21.2,18:17
"Vince Dunn, D",STL,78,12,23,35,14,17:32,1820,23.3,39:04:00
"Gustav Nyquist, C",DET/SJ,81,22,38,60,1,17:31,1818,22.4,23:39
"J.T. Compher, LW",COL,66,16,16,32,-8,17:29,1441,21.8,36:02:00
"Brandon Sutter, C",VAN,26,4,2,6,-12,17:28,676,26,75:41:00
"Carl Soderberg, C",COL,82,23,26,49,-5,17:27,1858,22.7,29:12:00
"Justin Williams, RW",CAR,82,23,30,53,-4,17:27,1814,22.1,26:59:00
"Lawrence Pilut, D",BUF,33,1,5,6,-8,17:25,714,21.6,95:48:00
"Chris Kreider, LW",NYR,79,28,24,52,4,17:24,1783,22.6,26:26:00
"Max Domi, C",MTL,82,28,44,72,20,17:23,1751,21.4,19:47
"Christian Wolanin, D",OTT,30,4,8,12,3,17:20,673,22.4,43:18:00
"Travis Dermott, D",TOR,64,4,13,17,-5,17:18,1453,22.7,65:09:00
"Karl Alzner, D",MTL,9,0,1,1,1,17:18,215,23.9,155:42:00
"Zach Hyman, C",TOR,71,21,20,41,16,17:17,1700,23.9,29:55:00
"Fredrik Claesson, D",NYR,37,2,4,6,3,17:15,837,22.6,106:21:00
"Patrik Laine, RW",WPG,82,30,20,50,-24,17:14,1620,19.8,28:15:00
"Jonathan Ericsson, D",DET,52,3,2,5,-10,17:13,1235,23.8,179:05:00
"Tyler Toffoli, RW",LA,82,13,21,34,-16,17:13,1902,23.2,41:30:00
"Jake Chelios, D",DET,5,0,0,0,0,17:12,102,20.4,0:00
"Nikita Zadorov, D",COL,70,7,7,14,19,17:12,1487,21.2,86:01:00
"Derrick Pouliot, D",VAN,62,3,9,12,-1,17:10,1403,22.6,88:39:00
"Matt Roy, LW",LA,25,2,4,6,-1,17:08,545,21.8,71:22:00
"Greg Pateryn, D",MIN,80,1,6,7,-11,17:07,1675,20.9,195:39:00
"Noah Juulsen, D",MTL,21,1,4,5,5,17:07,506,24.1,71:53:00
"Jacob Larsson, D",ANA,49,0,5,5,-4,17:07,1163,23.7,167:43:00
"Jakob Silfverberg, LW",ANA,73,24,19,43,-9,17:06,1639,22.5,29:01:00
"David Perron, LW",STL,57,23,23,46,3,17:06,1189,20.9,21:11
"Anders Lee, LW",NYI,82,28,23,51,20,17:05,1664,20.3,27:28:00
"Ben Lovejoy, D",DAL/NJ,71,2,7,9,-1,17:05,1608,22.6,134:47:00
"Gustav Forsling, D",CHI,43,3,6,9,-9,17:05,994,23.1,81:37:00
"Jason Zucker, LW",MIN,81,21,21,42,-9,17:05,1635,20.2,32:56:00
"Boone Jenner, C",CBJ,77,16,22,38,6,17:04,1705,22.1,34:34:00
"Chris Tierney, C",OTT,81,9,39,48,-22,17:02,1737,21.4,28:44:00
"Michael Del Zotto, D",STL/VAN/ANA,42,1,9,10,-2,17:02,925,22,71:31:00
"Josh Anderson, RW",CBJ,82,27,20,47,25,17:01,1814,22.1,29:42:00
"Blake Coleman, C",NJ,78,22,14,36,-19,17:01,1656,21.2,36:51:00
"Xavier Ouellet, D",MTL,19,0,3,3,-3,17:01,407,21.4,107:44:00
"Max Pacioretty, LW",VGS,66,22,18,40,-13,17:00,1214,18.4,28:03:00
"Andreas Athanasiou, C",DET,76,30,24,54,-9,16:58,1677,22.1,23:53
"Timo Meier, RW",SJ,78,30,36,66,9,16:58,1730,22.2,20:03
"Alex Chiasson, RW",EDM,73,22,16,38,-1,16:58,1572,21.5,32:36:00
"Mackenzie Weegar, D",FLA,64,4,11,15,-3,16:58,1471,23,72:23:00
"Robert Hagg, D",PHI,82,5,15,20,-3,16:57,1893,23.1,69:28:00
"Marc Methot, D",DAL,9,0,0,0,-3,16:56,228,25.3,0:00
"Jonathan Drouin, C",MTL,81,18,35,53,-8,16:56,1706,21.1,25:52:00
"Alex Iafallo, C",LA,82,15,18,33,-17,16:50,1817,22.2,41:49:00
"Josh Bailey, LW",NYI,82,16,40,56,8,16:50,1638,20,24:38:00
"Ryan Dzingel, LW",OTT/CBJ,78,26,30,56,-9,16:49,1583,20.3,23:25
"Connor Carrick, D",DAL/NJ,34,2,9,11,-13,16:48,718,21.1,51:55:00
"Charlie Coyle, C",BOS/MIN,81,12,22,34,-1,16:47,1676,20.7,39:58:00
"Alex Tuch, RW",VGS,74,20,32,52,13,16:44,1344,18.2,23:48
"Calle Rosen, D",TOR,4,1,0,1,-3,16:42,101,25.3,66:49:00
"Juuso Riikola, D",PIT,37,2,3,5,3,16:41,856,23.1,123:28:00
"Marcus Pettersson, D",PIT/ANA,84,2,23,25,17,16:41,1961,23.3,56:03:00
"Frans Nielsen, C",DET,72,10,25,35,-7,16:41,1641,22.8,34:18:00
"Steven Santini, D",NJ,39,1,3,4,-6,16:39,837,21.5,162:24:00
"Kasperi Kapanen, RW",TOR,78,20,24,44,12,16:37,1805,23.1,29:26:00
"Richard Panik, RW",ARI,75,14,19,33,-3,16:37,1730,23.1,37:44:00
"James van Riemsdyk, LW",PHI,66,27,21,48,-10,16:36,1342,20.3,22:49
"Erik Haula, LW",VGS,15,2,5,7,1,16:35,289,19.3,35:32:00
"Will Borgen, D",BUF,4,0,0,0,-5,16:33,91,22.8,0:00
"Lars Eller, C",WSH,81,13,23,36,-1,16:32,1576,19.5,37:12:00
"Libor Hajek, D",NYR,5,1,0,1,1,16:32,107,21.4,82:39:00
"Jordan Eberle, RW",NYI,78,19,18,37,-6,16:32,1514,19.4,34:50:00
"Alex Petrovic, D",EDM/FLA,35,0,2,2,-15,16:32,785,22.4,289:12:00
"Tyler Bertuzzi, LW",DET,73,21,26,47,11,16:31,1547,21.2,25:39:00
"Ryan Kesler, C",ANA,60,5,3,8,-19,16:30,1358,22.6,123:44:00
"Andrej Sekera, D",EDM,24,0,4,4,3,16:29,548,22.8,98:56:00
"Patrik Nemeth, D",COL,74,1,9,10,5,16:29,1528,20.6,122:00:00
"Adam Henrique, C",ANA,82,18,24,42,-5,16:27,1772,21.6,32:07:00
"Radek Faksa, C",DAL,81,15,15,30,-3,16:26,1953,24.1,44:21:00
"Tomas Tatar, LW",MTL,80,25,33,58,21,16:25,1737,21.7,22:38
"Brendan Gallagher, RW",MTL,82,33,19,52,10,16:24,1775,21.6,25:51:00
"Andrew MacDonald, D",PHI,47,0,9,9,-5,16:24,1014,21.6,85:36:00
"Zack Smith, C",OTT,70,9,19,28,-6,16:21,1513,21.6,40:52:00
"Tyler Bozak, C",STL,72,13,25,38,-3,16:21,1534,21.3,30:58:00
"Patrick Marleau, C",TOR,82,16,21,37,-6,16:21,1774,21.6,36:13:00
"Artem Anisimov, C",CHI,78,15,22,37,-2,16:21,1611,20.7,34:27:00
"Nick Bonino, C",NSH,81,17,18,35,27,16:18,1873,23.1,37:44:00
"Chad Ruhwedel, D",PIT,18,1,1,2,-9,16:17,401,22.3,146:29:00
"Ilya Kovalchuk, LW",LA,64,16,18,34,-26,16:14,1263,19.7,30:33:00
"Nino Niederreiter, RW",CAR/MIN,82,23,30,53,-4,16:14,1637,20,25:06:00
"Colin White, C",OTT,71,14,27,41,-24,16:12,1455,20.5,28:03:00
"Nazem Kadri, C",TOR,73,16,28,44,-2,16:11,1499,20.5,26:51:00
"Jake DeBrusk, LW",BOS,68,27,15,42,2,16:10,1319,19.4,26:10:00
"Dylan Strome, C",CHI/ARI,78,20,37,57,-8,16:09,1511,19.4,22:06
"Braydon Coburn, D",TB,74,4,19,23,4,16:07,1504,20.3,51:50:00
"Pavel Zacha, C",NJ,61,13,12,25,-6,16:05,1224,20.1,39:14:00
"John Gilmour, D",NYR,5,0,0,0,-3,16:05,106,21.2,0:00
"Kyle Capobianco, D",ARI,2,0,0,0,-2,16:05,38,19,0:00
"Korbinian Holzer, D",ANA,22,1,3,4,5,16:04,523,23.8,88:22:00
"Jimmy Vesey, LW",NYR,81,17,18,35,-6,16:03,1681,20.8,37:09:00
"Dan Hamhuis, D",NSH,57,0,5,5,-2,16:03,1197,21,182:56:00
"Colton Sissons, C",NSH,75,15,15,30,20,16:03,1652,22,40:06:00
"Andy Welinski, D",ANA,26,1,3,4,-5,16:02,551,21.2,104:15:00
"Rasmus Andersson, D",CGY,79,2,17,19,17,16:02,1639,20.7,66:41:00
"Brady Tkachuk, LW",OTT,71,22,23,45,-10,16:01,1442,20.3,25:17:00
"Oscar Fantenberg, D",CGY/LA,61,2,2,4,3,16:00,1295,21.2,244:00:00
"Brad Richardson, C",ARI,66,19,8,27,6,15:58,1549,23.5,39:01:00
"Tyler Johnson, C",TB,80,29,18,47,15,15:57,1650,20.6,27:08:00
"Michael Stone, D",CGY,14,0,5,5,0,15:56,303,21.6,44:37:00
"Carl Gunnarsson, D",STL,25,3,4,7,8,15:56,568,22.7,56:53:00
"Marcus Johansson, C",BOS/NJ,58,13,17,30,-16,15:55,1106,19.1,30:47:00
"Andrew Shaw, C",MTL,63,19,28,47,17,15:55,1267,20.1,21:20
"Bryan Rust, RW",PIT,72,18,17,35,10,15:54,1610,22.4,32:43:00
"Luke Kunin, C",MIN,49,6,11,17,-9,15:53,1014,20.7,45:47:00
"Alexander Steen, LW",STL,65,10,17,27,2,15:50,1429,22,38:08:00
"Yanni Gourde, LW",TB,80,22,26,48,9,15:50,1597,20,26:23:00
"Bryan Little, C",WPG,82,15,26,41,-12,15:50,1719,21,31:39:00
"Slater Koekkoek, D",CHI/TB,31,2,4,6,4,15:50,655,21.1,81:47:00
"Evan Rodrigues, RW",BUF,74,9,20,29,-7,15:49,1528,20.6,40:22:00
"Joel Armia, RW",MTL,57,13,10,23,0,15:48,1213,21.3,39:08:00
"Vladislav Namestnikov, C",NYR,78,11,20,31,-7,15:48,1651,21.2,39:44:00
"Luke Glendening, C",DET,78,10,13,23,2,15:47,1818,23.3,53:32:00
"Adam McQuaid, D",NYR/CBJ,50,3,4,7,2,15:47,1147,22.9,112:41:00
"Nikolaj Ehlers, LW",WPG,62,21,16,37,2,15:46,1190,19.2,26:24:00
"Alex Galchenyuk, C",ARI,72,19,22,41,-19,15:44,1485,20.6,27:37:00
"Blake Comeau, LW",DAL,77,7,11,18,-7,15:44,1776,23.1,67:16:00
"Jesper Fast, RW",NYR,66,8,12,20,-3,15:43,1420,21.5,51:52:00
"Kyle Turris, C",NSH,55,7,16,23,-6,15:42,1109,20.2,37:31:00
"Matt Hunwick, D",BUF,14,0,2,2,-7,15:41,280,20,109:49:00
"Bobby Ryan, RW",OTT,78,15,27,42,-29,15:41,1563,20,29:07:00
"Egor Yakovlev, D",NJ,25,2,5,7,-6,15:40,504,20.2,55:58:00
"Cameron Gaunce, D",TB,2,0,0,0,3,15:40,39,19.5,0:00
"Wayne Simmonds, RW",PHI/NSH,79,17,13,30,-16,15:40,1530,19.4,41:15:00
"Dmitry Kulikov, D",WPG,57,0,6,6,4,15:40,1060,18.6,148:48:00
"Brooks Orpik, D",WSH,53,2,7,9,8,15:40,1030,19.4,92:14:00
"Christian Folin, D",MTL/PHI,45,0,6,6,6,15:40,979,21.8,117:26:00
"Ondrej Kase, RW",ANA,30,11,9,20,0,15:39,593,19.8,23:29
"Kevin Fiala, LW",NSH/MIN,83,13,26,39,-23,15:38,1650,19.9,33:17:00
"Jan Rutta, D",CHI/TB,37,2,6,8,4,15:36,787,21.3,72:06:00
"Ryan Strome, C",EDM/NYR,81,19,16,35,-3,15:34,1658,20.5,36:02:00
"Mark Borowiecki, D",OTT,53,1,4,5,-12,15:34,1214,22.9,165:02:00
"Artturi Lehkonen, LW",MTL,82,11,20,31,10,15:33,1780,21.7,41:09:00
"Joe Thornton, C",SJ,73,16,35,51,8,15:33,1492,20.4,22:15
"Jeremy Lauzon, D",BOS,16,1,0,1,-1,15:32,350,21.9,248:37:00
"William Nylander, RW",TOR,54,7,20,27,-4,15:31,1145,21.2,31:01:00
"Nathan Beaulieu, D",BUF/WPG,48,3,9,12,6,15:30,929,19.4,62:01:00
"Juuso Valimaki, D",CGY,24,1,2,3,-2,15:29,475,19.8,123:52:00
"Patric Hornqvist, RW",PIT,69,18,19,37,-3,15:29,1412,20.5,28:51:00
"Robert Bortuzzo, D",STL,59,2,8,10,9,15:28,1323,22.4,91:17:00
"Luca Sbisa, D",NYI,9,0,1,1,0,15:28,197,21.9,139:13:00
"Sean Walker, D",LA,39,3,7,10,-8,15:26,783,20.1,60:11:00
"Calle Jarnkrok, C",NSH,79,10,16,26,13,15:26,1688,21.4,46:53:00
"Casey Nelson, D",BUF,38,1,5,6,1,15:25,752,19.8,97:35:00
"Justin Abdelkader, LW",DET,71,6,13,19,-14,15:24,1465,20.6,57:32:00
"Filip Zadina, RW",DET,9,1,2,3,-5,15:23,182,20.2,46:09:00
"Cody Eakin, C",VGS,78,22,19,41,19,15:23,1421,18.2,29:15:00
"Philippe Myers, RW",PHI,21,1,1,2,-5,15:22,409,19.5,161:21:00
"Taro Hirose, LW",DET,10,1,6,7,0,15:18,194,19.4,21:51
"Brendan Smith, D",NYR,63,4,9,13,-7,15:18,1291,20.5,74:07:00
"Eric Gryba, D",NJ,10,0,0,0,-1,15:18,194,19.4,0:00
"Vinnie Hinostroza, C",ARI,72,16,23,39,-4,15:16,1497,20.8,28:11:00
"Zach Trotman, D",PIT,13,0,1,1,4,15:16,273,21,198:27:00
"Travis Konecny, C",PHI,82,24,25,49,-4,15:16,1652,20.1,25:32:00
"Madison Bowey, D",DET/WSH,50,2,8,10,-1,15:16,970,19.4,76:17:00
"Mark Barberio, D",COL,12,1,0,1,-6,15:14,232,19.3,182:42:00
"Mattias Janmark, C",DAL,81,6,19,25,-4,15:13,1774,21.9,49:18:00
"Radim Simek, D",SJ,41,1,8,9,7,15:13,850,20.7,69:19:00
"Martin Marincin, D",TOR,24,1,4,5,-4,15:12,523,21.8,72:57:00
"Dylan McIlrath, D",DET,7,0,0,0,2,15:11,133,19,0:00
"Pavel Buchnevich, LW",NYR,64,21,17,38,-10,15:10,1235,19.3,25:33:00
"Jesper Bratt, LW",NJ,51,8,25,33,-8,15:10,961,18.8,23:26
"Sven Baertschi, LW",VAN,26,9,5,14,-9,15:08,520,20,28:06:00
"Craig Smith, C",NSH,76,21,17,38,11,15:08,1545,20.3,30:15:00
"Nick Bjugstad, C",PIT/FLA,64,14,12,26,6,15:07,1340,20.9,37:13:00
"Nolan Patrick, C",PHI,72,13,18,31,-8,15:05,1484,20.6,35:01:00
"Alexander Wennberg, C",CBJ,75,2,23,25,-1,15:05,1497,20,45:13:00
"Trevor van Riemsdyk, D",CAR,78,3,11,14,-4,15:04,1563,20,83:53:00
"Markus Granlund, C",VAN,77,12,10,22,-4,15:03,1663,21.6,52:38:00
"Brendan Guhle, D",BUF/ANA,8,0,1,1,-2,15:01,161,20.1,120:07:00
"Nick Ritchie, LW",ANA,60,9,22,31,6,15:00,1153,19.2,29:02:00
"Dion Phaneuf, D",LA,67,1,5,6,-21,15:00,1420,21.2,167:29:00
"Derick Brassard, C",PIT/COL/FLA,70,14,9,23,-19,15:00,1406,20.1,45:38:00
"Nikolay Goldobin, RW",VAN,63,7,20,27,-10,14:59,1243,19.7,34:58:00
"Carl Grundstrom, RW",LA,15,5,1,6,-4,14:58,285,19,37:25:00
"Sam Steel, C",ANA,22,6,5,11,2,14:58,421,19.1,29:55:00
"James Neal, LW",CGY,63,7,12,19,-5,14:57,1252,19.9,49:35:00
"Matthew Benning, D",EDM,70,5,12,17,11,14:57,1499,21.4,61:32:00
"Brett Howden, C",NYR,66,6,17,23,-16,14:56,1322,20,42:52:00
"Josh Jacobs, D",NJ,1,0,0,0,-1,14:54,19,19,0:00
"Brad Hunt, D",MIN/VGS,42,5,7,12,-2,14:53,771,18.4,52:06:00
"Ondrej Palat, LW",TB,64,8,26,34,4,14:53,1208,18.9,28:01:00
"Alexander Kerfoot, C",COL,78,15,27,42,-9,14:53,1486,19.1,27:38:00
"Ben Gleason, D",DAL,4,0,1,1,-1,14:53,78,19.5,59:31:00
"Alex Killorn, C",TB,82,18,22,40,22,14:52,1632,19.9,30:29:00
"Bogdan Kiselevich, D",FLA/WPG,32,0,8,8,-3,14:51,628,19.6,59:25:00
"Scott Laughton, C",PHI,82,12,20,32,-11,14:51,1668,20.3,38:03:00
"Anthony Cirelli, C",TB,82,19,20,39,25,14:51,1644,20,31:13:00
"Brandon Manning, D",CHI/EDM,39,2,2,4,-15,14:50,858,22,144:42:00
"Corey Perry, RW",ANA,31,6,4,10,-16,14:49,572,18.5,45:57:00
"Jake Virtanen, RW",VAN,70,15,10,25,-4,14:49,1522,21.7,41:29:00
"Zack Kassian, RW",EDM,79,15,11,26,-6,14:48,1564,19.8,44:58:00
"Lucas Wallmark, C",CAR,81,10,18,28,-8,14:48,1763,21.8,42:47:00
"Jamie Oleksiak, D",DAL/PIT,57,4,8,12,5,14:44,1175,20.6,69:58:00
"Carl Hagelin, LW",LA/PIT/WSH,58,5,14,19,7,14:44,1153,19.9,44:57:00
"Kevin Gravel, D",EDM,36,0,3,3,-2,14:43,752,20.9,176:30:00
"J.T. Miller, C",TB,75,13,34,47,8,14:40,1360,18.1,23:24
"Frank Vatrano, C",FLA,81,24,15,39,-10,14:40,1620,20,30:27:00
"Andrei Svechnikov, RW",CAR,82,20,17,37,0,14:39,1685,20.5,32:27:00
"Anthony Beauvillier, LW",NYI,81,18,10,28,1,14:39,1435,17.7,42:21:00
"Adam Lowry, C",WPG,78,12,11,23,6,14:38,1688,21.6,49:38:00
"Steven Kampfer, D",BOS,35,3,3,6,-6,14:38,713,20.4,85:19:00
"Conor Sheary, LW",BUF,78,14,20,34,-18,14:37,1480,19,33:32:00
"Pontus Aberg, LW",ANA/MIN,59,12,13,25,-14,14:36,1107,18.8,34:26:00
"Max Comtois, LW",ANA,10,2,5,7,3,14:35,190,19,20:50
"Ryan Lindgren, D",NYR,5,0,0,0,-6,14:35,102,20.4,0:00
"Sam Gagner, C",EDM/VAN,32,6,7,13,-6,14:35,596,18.6,35:54:00
"Darren Helm, C",DET,61,7,10,17,-11,14:34,1264,20.7,52:17:00
"Paul Byron, C",MTL,56,15,16,31,16,14:34,1160,20.7,26:18:00
"Ashton Sautner, D",VAN,17,0,1,1,-2,14:33,358,21.1,247:15:00
"Jaycob Megna, D",ANA,28,1,3,4,-1,14:32,599,21.4,101:43:00
"Jared McCann, C",PIT/FLA,78,19,16,35,-1,14:32,1696,21.7,32:22:00
"Josh Ho-Sang, RW",NYI,10,1,1,2,2,14:31,177,17.7,72:37:00
"Adrian Kempe, RW",LA,81,12,16,28,-10,14:30,1696,20.9,41:56:00
"Austin Watson, LW",NSH,37,7,9,16,11,14:30,744,20.1,33:30:00
"Jordan Martinook, LW",CAR,82,15,10,25,1,14:29,1735,21.2,47:30:00
"Brandon Pirri, C",VGS,31,12,6,18,7,14:27,515,16.6,24:52:00
"Drake Caggiula, C",CHI/EDM,55,12,11,23,-5,14:26,1042,18.9,34:30:00
"Michael Grabner, RW",ARI,41,9,7,16,-2,14:23,898,21.9,36:52:00
"Christian Dvorak, C",ARI,20,2,5,7,-2,14:23,405,20.3,41:06:00
"Tim Heed, D",SJ,37,2,11,13,9,14:22,671,18.1,40:53:00
"Christian Jaros, D",OTT,61,1,9,10,-14,14:22,1294,21.2,87:38:00
"Brock McGinn, LW",CAR,82,10,16,26,10,14:19,1700,20.7,45:07:00
"Josh Mahura, D",ANA,17,1,4,5,0,14:18,334,19.6,48:38:00
"Johan Larsson, LW",BUF,73,6,8,14,-8,14:18,1380,18.9,74:31:00
"Valtteri Filppula, C",NYI,72,17,14,31,19,14:16,1389,19.3,33:09:00
"Devin Shore, C",DAL/ANA,76,10,19,29,-12,14:16,1558,20.5,37:22:00
"Colton White, D",NJ,3,0,0,0,-2,14:14,62,20.7,0:00
"Matt Calvert, LW",COL,82,11,15,26,-10,14:12,1577,19.2,44:45:00
"Vladimir Sobotka, C",BUF,69,5,8,13,-20,14:11,1320,19.1,75:17:00
"Patrick Maroon, LW",STL,74,10,18,28,-3,14:10,1287,17.4,37:26:00
"Jonas Siegenthaler, D",WSH,26,0,4,4,6,14:09,481,18.5,91:59:00
"Dominik Kahun, C",CHI,82,13,24,37,10,14:09,1531,18.7,31:21:00
"Thomas Vanek, LW",DET,64,16,20,36,-12,14:07,1188,18.6,25:05:00
"Brandon Tanev, LW",WPG,80,14,15,29,9,14:07,1685,21.1,38:55:00
"Micheal Ferland, LW",CAR,71,17,23,40,13,14:06,1406,19.8,25:01:00
"Loui Eriksson, LW",VAN,81,11,18,29,-11,14:04,1668,20.6,39:17:00
"Roope Hintz, LW",DAL,58,9,13,22,-11,14:03,1270,21.9,37:03:00
"Tanner Pearson, LW",LA/PIT/VAN,80,18,9,27,-15,14:03,1625,20.3,41:38:00
"Jakub Vrana, C",WSH,82,24,23,47,20,14:02,1415,17.3,24:29:00
"Chris Butler, D",STL,13,1,1,2,3,14:02,265,20.4,91:15:00
"Josh Leivo, LW",TOR/VAN,76,14,10,24,5,14:02,1439,18.9,44:25:00
"Casey Cizikas, C",NYI,73,20,13,33,22,14:01,1476,20.2,31:01:00
"Mikkel Boedker, LW",OTT,71,7,28,35,-23,14:01,1277,18,28:26:00
"Trevor Lewis, C",LA,44,3,9,12,-9,14:01,862,19.6,51:25:00
"Kevin Labanc, RW",SJ,82,17,39,56,-1,14:01,1515,18.5,20:31
"Igor Ozhiganov, D",TOR,53,3,4,7,0,14:01,1016,19.2,106:06:00
"Cal Clutterbuck, RW",NYI,73,8,15,23,6,13:58,1445,19.8,44:20:00
"Danton Heinen, C",BOS,77,11,23,34,13,13:58,1345,17.5,31:38:00
"Joe Morrow, D",WPG,41,1,6,7,0,13:58,669,16.3,81:45:00
"Troy Terry, RW",ANA,32,4,9,13,8,13:57,585,18.3,34:19:00
"David Kampf, C",CHI,63,4,15,19,-6,13:55,1261,20,46:09:00
"Sami Niku, D",WPG,30,1,3,4,0,13:55,484,16.1,104:23:00
"Luke Schenn, D",VAN/ANA,26,0,2,2,-10,13:54,535,20.6,180:46:00
"Leo Komarov, C",NYI,82,6,20,26,18,13:53,1517,18.5,43:48:00
"Patrick Eaves, RW",ANA,7,0,0,0,-4,13:53,137,19.6,0:00
"Vitaly Abramov, RW",OTT,1,0,0,0,-3,13:52,18,18,0:00
"Filip Chlapik, C",OTT,5,1,0,1,-2,13:52,85,17,69:19:00
"Taylor Fedun, D",DAL,54,4,7,11,2,13:51,1101,20.4,68:01:00
"Andrew Ladd, LW",NYI,26,3,8,11,3,13:51,473,18.2,32:43:00
"Oskar Sundqvist, C",STL,74,14,17,31,-1,13:49,1384,18.7,32:59:00
"Derek Ryan, C",CGY,81,13,25,38,21,13:48,1579,19.5,29:25:00
"Brandon Davidson, D",CHI,10,0,1,1,-4,13:48,201,20.1,137:56:00
"Connor Brown, RW",TOR,82,8,21,29,11,13:48,1632,19.9,38:59:00
"Tyler Lewington, D",WSH,2,1,1,2,3,13:48,40,20,13:47
"Filip Chytil, C",NYR,75,11,12,23,-22,13:47,1300,17.3,44:57:00
"Kyle Okposo, RW",BUF,78,14,15,29,-9,13:47,1361,17.4,37:04:00
"Brendan Leipsic, LW",LA/VAN,62,7,16,23,-14,13:47,1128,18.2,37:09:00
"Eric Tangradi, LW",NJ,6,0,1,1,-3,13:47,103,17.2,82:41:00
"Sean Kuraly, C",BOS,71,8,13,21,6,13:46,1304,18.4,46:34:00
"Matt Nieto, LW",COL,64,4,19,23,2,13:46,1240,19.4,38:19:00
"Anton Blidh, LW",BOS,1,0,0,0,0,13:46,19,19,0:00
"Antoine Roussel, LW",VAN,65,9,22,31,5,13:46,1402,21.6,28:51:00
"Oskar Lindblom, LW",PHI,81,17,16,33,-9,13:45,1532,18.9,33:44:00
"Jesperi Kotkaniemi, C",MTL,79,11,23,34,1,13:44,1452,18.4,31:55:00
"Ilya Lyubushkin, D",ARI,41,0,4,4,-9,13:44,768,18.7,140:49:00
"Julius Honka, D",DAL,29,0,4,4,-2,13:43,557,19.2,99:25:00
"Ryan Donato, C",BOS/MIN,56,10,15,25,-15,13:42,977,17.4,30:41:00
"Miles Wood, LW",NJ,63,10,14,24,-10,13:42,1113,17.7,35:56:00
"Joel Hanley, D",DAL,16,0,0,0,0,13:42,306,19.1,0:00
"Nick Lappin, RW",NJ,11,0,0,0,-6,13:41,193,17.5,0:00
"Andreas Johnsson, LW",TOR,73,20,23,43,14,13:40,1406,19.3,23:12
"Josh Teves, D",VAN,1,0,0,0,-1,13:40,17,17,0:00
"Brian Lashoff, D",DET,4,0,1,1,-1,13:40,80,20,54:38:00
"Zach Aston-Reese, C",PIT,43,8,9,17,12,13:39,877,20.4,34:32:00
"Jay Beagle, C",VAN,57,3,10,13,-8,13:39,1239,21.7,59:52:00
"Jordan Greenway, LW",MIN,81,12,12,24,-12,13:38,1448,17.9,45:59:00
"Zemgus Girgensons, C",BUF,72,5,13,18,-11,13:37,1306,18.1,54:26:00
"Christian Djoos, D",WSH,45,1,9,10,9,13:34,782,17.4,61:04:00
"Josh Archibald, RW",ARI,68,12,10,22,1,13:34,1397,20.5,41:56:00
"Colin Wilson, C",COL,65,12,15,27,-6,13:34,1182,18.2,32:39:00
"Nick Cousins, C",ARI,81,7,20,27,-8,13:33,1532,18.9,40:38:00
"Joel Eriksson Ek, C",MIN,58,7,7,14,-7,13:30,1076,18.6,55:57:00
"Joakim Nordstrom, C",BOS,70,7,5,12,0,13:29,1300,18.6,78:38:00
"Magnus Paajarvi, LW",OTT,80,11,8,19,-14,13:28,1516,19,56:42:00
"Dean Kukan, D",CBJ,25,0,5,5,6,13:28,470,18.8,67:19:00
"Jordan Weal, C",MTL/PHI/ARI,63,8,13,21,-8,13:28,1134,18,40:23:00
"Riley Sheahan, C",PIT/FLA,82,9,10,19,-9,13:28,1627,19.8,58:05:00
"Chris Wagner, RW",BOS,76,12,7,19,3,13:27,1373,18.1,53:48:00
"Casey Mittelstadt, C",BUF,77,12,13,25,-19,13:27,1333,17.3,41:25:00
"Brian Boyle, C",NJ/NSH,73,18,6,24,-14,13:26,1255,17.2,40:52:00
"Joonas Donskoi, RW",SJ,80,14,23,37,10,13:25,1469,18.4,29:01:00
"Drake Batherson, RW",OTT,20,3,6,9,-2,13:25,338,16.9,29:48:00
"Tyler Pitlick, RW",DAL,47,8,4,12,-2,13:23,972,20.7,52:24:00
"Jason Dickinson, C",DAL,67,6,16,22,9,13:22,1392,20.8,40:43:00
"Michael Frolik, RW",CGY,65,16,18,34,24,13:22,1138,17.5,25:32:00
"Brogan Rafferty, D",VAN,2,0,0,0,-1,13:21,35,17.5,0:00
"Andreas Englund, D",OTT,3,0,0,0,-2,13:20,60,20,0:00
"Brett Connolly, RW",WSH,81,22,24,46,13,13:20,1267,15.6,23:28
"Dominik Simon, C",PIT,71,8,20,28,8,13:19,1311,18.5,33:47:00
"Ian McCoshen, D",FLA,19,1,1,2,-2,13:19,350,18.4,126:32:00
"Josh Brown, D",FLA,37,1,1,2,-3,13:18,723,19.5,246:03:00
"Sam Bennett, C",CGY,71,13,14,27,-6,13:17,1276,18,34:56:00
"Eeli Tolvanen, RW",NSH,4,1,1,2,2,13:16,68,17,26:32:00
"Jason Spezza, C",DAL,76,8,19,27,-13,13:16,1513,19.9,37:21:00
"Blake Pietila, LW",NJ,19,0,1,1,-7,13:16,317,16.7,252:01:00
"Milan Lucic, LW",EDM,79,6,14,20,-9,13:14,1422,18,52:16:00
"Paul LaDue, D",LA,33,2,3,5,0,13:13,579,17.5,87:15:00
"Max Jones, LW",ANA,30,2,3,5,-1,13:10,549,18.3,79:02:00
"Christian Fischer, RW",ARI,71,11,7,18,-13,13:10,1332,18.8,51:56:00
"Louis Belpedio, D",MIN,2,0,0,0,0,13:08,31,15.5,0:00
"Ryan Hartman, RW",PHI/NSH,83,12,14,26,1,13:07,1476,17.8,41:52:00
"Dalton Prout, D",CGY,20,1,1,2,1,13:07,343,17.2,131:09:00
"Robert Thomas, C",STL,70,9,24,33,-2,13:04,1181,16.9,27:43:00
"Kailer Yamamoto, RW",EDM,17,1,1,2,-6,13:04,298,17.5,111:01:00
"Chris Wideman, D",EDM/OTT/PIT/FLA,25,2,5,7,-12,13:03,470,18.8,46:38:00
"Scott Harrington, D",CBJ,73,2,15,17,6,13:03,1338,18.3,56:01:00
"Kevin Roy, C",ANA,3,0,0,0,-1,13:03,54,18,0:00
"Patrik Berglund, C",BUF,23,2,2,4,-5,13:03,412,17.9,74:59:00
"David Backes, C",BOS,70,7,13,20,0,13:02,1175,16.8,45:38:00
"Isac Lundestrom, C",ANA,15,0,2,2,-1,13:02,277,18.5,97:43:00
"Tyson Jost, C",COL,70,11,15,26,-2,13:00,1143,16.3,35:01:00
"Nate Thompson, C",LA/MTL,78,5,8,13,-1,13:00,1542,19.8,78:01:00
"Noel Acciari, C",BOS,72,6,8,14,-3,12:59,1238,17.2,66:47:00
"Marcus Sorensen, RW",SJ,80,17,13,30,10,12:58,1478,18.5,34:34:00
"Lawson Crouse, LW",ARI,81,11,14,25,5,12:57,1603,19.8,41:57:00
"Justin Falk, D",OTT,10,0,0,0,-4,12:56,190,19,0:00
"Kenny Agostino, LW",MTL/NJ,63,6,18,24,-3,12:55,1072,17,33:54:00
"Joey Anderson, RW",NJ,34,4,3,7,-7,12:54,582,17.1,62:39:00
"Denis Malgin, C",FLA,50,7,9,16,-10,12:53,944,18.9,40:16:00
"Martin Hanzal, C",DAL,7,1,1,2,-4,12:52,140,20,45:01:00
"Daniel Brickley, D",LA,4,0,1,1,-2,12:49,74,18.5,51:14:00
"Conor Garland, RW",ARI,47,13,5,18,1,12:47,810,17.2,33:23:00
"Nico Sturm, C",MIN,2,0,0,0,0,12:47,37,18.5,0:00
"Tyler Motte, C",VAN,74,9,7,16,-12,12:46,1425,19.3,59:05:00
"Joakim Ryan, D",SJ,44,0,7,7,-1,12:46,710,16.1,80:17:00
"Alexandre Texier, C",CBJ,2,1,0,1,3,12:46,32,16,25:32:00
"Dante Fabbro, D",NSH,4,1,0,1,-1,12:44,67,16.8,50:57:00
"Stefan Noesen, RW",NJ,41,3,5,8,-19,12:44,674,16.4,65:15:00
"Mark Jankowski, C",CGY,79,14,18,32,6,12:42,1458,18.5,31:22:00
"Anthony Duclair, LW",OTT/CBJ,74,19,14,33,-2,12:42,1286,17.4,28:28:00
"Jason Garrison, D",CHI/EDM,17,1,0,1,1,12:42,305,17.9,215:50:00
"Troy Brouwer, RW",FLA,75,12,9,21,-6,12:41,1384,18.5,45:19:00
"Erik Condra, RW",DAL,6,1,0,1,-2,12:41,115,19.2,76:06:00
"Tom Kuhnhackl, RW",NYI,36,4,5,9,1,12:41,629,17.5,50:43:00
"Nathan Bastian, RW",NJ,7,3,0,3,0,12:41,119,17,29:35:00
"Justin Dowling, C",DAL,11,0,1,1,-4,12:40,206,18.7,139:21:00
"Brady Keeper, D",FLA,1,0,0,0,1,12:40,18,18,0:00
"Robby Fabbri, C",STL,32,2,4,6,-4,12:39,521,16.3,67:29:00
"Tobias Rieder, C",EDM,67,0,11,11,-8,12:39,1220,18.2,77:00:00
"Ryan Carpenter, C",VGS,68,5,13,18,-6,12:37,1079,15.9,47:39:00
"Kevin Rooney, C",NJ,41,6,4,10,-4,12:37,738,18,51:42:00
"Peter Cehlarik, LW",BOS,20,4,2,6,3,12:36,315,15.8,41:58:00
"Andrew Cogliano, C",DAL/ANA,78,6,11,17,1,12:35,1547,19.8,57:46:00
"Dominic Turgeon, C",DET,4,0,0,0,-3,12:35,76,19,0:00
"Zach Sanford, LW",STL,60,8,12,20,8,12:35,1037,17.3,37:44:00
"Jujhar Khaira, LW",EDM,60,3,15,18,-12,12:34,1073,17.9,41:53:00
"Carter Rowney, RW",ANA,62,7,13,20,0,12:33,1117,18,38:54:00
"Mark Friedman, D",PHI,1,0,0,0,-1,12:33,19,19,0:00
"Haydn Fleury, D",CAR,20,0,1,1,4,12:32,340,17,250:40:00
"Chase De Leo, C",ANA,1,0,0,0,1,12:32,18,18,0:00
"Max Veronneau, RW",OTT,12,2,2,4,-5,12:31,191,15.9,37:33:00
"Warren Foegele, LW",CAR,77,10,5,15,-17,12:30,1412,18.3,64:08:00
"Justin Holl, D",TOR,11,0,1,1,-5,12:29,191,17.4,137:18:00
"Oscar Lindberg, C",OTT/VGS,55,9,11,20,4,12:28,896,16.3,34:18:00
"Tomas Nosek, C",VGS,68,8,9,17,-10,12:28,1055,15.5,49:53:00
"Jason Pominville, RW",BUF,73,16,15,31,-4,12:28,1232,16.9,29:21:00
"Pierre-Edouard Bellemare, RW",VGS,76,6,9,15,2,12:26,1196,15.7,62:58:00
"Oliver Kylington, D",CGY,38,3,5,8,3,12:25,633,16.7,59:00:00
"Samuel Morin, D",PHI,5,0,0,0,-3,12:22,86,17.2,0:00
"Brandon Dubinsky, C",CBJ,61,6,8,14,-16,12:21,1178,19.3,53:50:00
"Evan Bouchard, D",EDM,7,1,0,1,-5,12:21,112,16,86:29:00
"Rudolfs Balcers, LW",OTT,36,5,9,14,-7,12:21,585,16.3,31:46:00
"Oliver Bjorkstrand, RW",CBJ,77,23,13,36,8,12:20,1248,16.2,26:23:00
"Nick Seeler, D",MIN,71,2,5,7,-4,12:20,1169,16.5,125:05:00
"Laurent Dauphin, C",ARI/NSH,1,0,0,0,-1,12:19,17,17,0:00
"Colby Cave, C",BOS/EDM,53,3,5,8,-5,12:19,909,17.2,81:34:00
"Colton Sceviour, C",FLA,59,5,10,15,-2,12:18,1055,17.9,48:21:00
"Drew Stafford, RW",NJ,57,5,8,13,-7,12:16,868,15.2,53:46:00
"Joel L'Esperance, RW",DAL,18,2,0,2,-4,12:15,330,18.3,110:14:00
"Mathieu Perreault, C",WPG,82,15,15,30,-1,12:14,1350,16.5,33:26:00
"Michael McLeod, C",NJ,21,0,3,3,-8,12:12,337,16,85:22:00
"Alexander Nylander, LW",BUF,12,2,2,4,-4,12:12,190,15.8,36:34:00
"Andrew Copp, C",WPG,69,11,14,25,20,12:10,1215,17.6,33:33:00
"Karson Kuhlman, RW",BOS,11,3,2,5,5,12:09,183,16.6,26:43:00
"Tage Thompson, C",BUF,65,7,5,12,-22,12:08,1031,15.9,65:42:00
"Chandler Stephenson, C",WSH,64,5,6,11,-13,12:07,1005,15.7,70:29:00
"Michael Dal Colle, LW",NYI,28,3,4,7,3,12:07,435,15.5,48:26:00
"Victor Rask, C",CAR/MIN,49,3,6,9,-4,12:06,839,17.1,65:53:00
"Cameron Schilling, D",WPG,4,0,1,1,0,12:06,61,15.3,48:23:00
"Michael Rasmussen, C",DET,62,8,10,18,-8,12:05,1014,16.4,41:35:00
"Ben Street, RW",ANA,21,3,2,5,-4,12:04,373,17.8,50:41:00
"Jacob MacDonald, D",FLA,2,1,0,1,1,12:03,33,16.5,24:06:00
"Andrej Sustr, D",ANA,5,0,0,0,0,12:02,93,18.6,0:00
"Cedric Paquette, C",TB,80,13,4,17,7,12:00,1400,17.5,56:29:00
"Henrik Borgstrom, C",FLA,50,8,10,18,-14,12:00,852,17,33:20:00
"Marcus Foligno, LW",MIN,82,7,12,19,-1,11:58,1336,16.3,51:39:00
"Daniel Sprong, RW",PIT/ANA,63,14,9,23,-16,11:57,970,15.4,32:44:00
"Jesse Puljujarvi, RW",EDM,46,4,5,9,-14,11:57,769,16.7,61:05:00
"Danny O'Regan, C",BUF,1,0,0,0,0,11:56,15,15,0:00
"Anthony Bitetto, D",NSH/MIN,36,0,3,3,-7,11:56,563,15.6,143:06:00
"Valeri Nichushkin, RW",DAL,57,0,10,10,-4,11:55,1027,18,67:55:00
"Yannick Weber, D",NSH,62,2,6,8,7,11:55,1039,16.8,92:19:00
"Eric Robinson, LW",CBJ,13,0,0,0,-4,11:50,197,15.2,0:00
"Jake Dotchin, D",ANA,20,0,1,1,-4,11:49,336,16.8,236:11:00
"Anders Bjork, LW",BOS,20,1,2,3,-1,11:48,305,15.3,78:39:00
"Jakob Forsbacka Karlsson, C",BOS,28,3,6,9,1,11:48,431,15.4,36:41:00
"Dale Weise, RW",MTL/PHI,51,5,6,11,-8,11:47,905,17.7,54:36:00
"Tomas Hyka, LW",VGS,17,1,3,4,-2,11:46,258,15.2,50:00:00
"Matt Read, RW",MIN,12,1,0,1,-2,11:45,191,15.9,141:03:00
"Tom Pyatt, C",OTT/VAN,37,0,2,2,-16,11:43,621,16.8,216:42:00
"Kyle Brodziak, C",EDM,70,6,3,9,-14,11:42,1190,17,90:56:00
"Derek Grant, C",PIT/ANA,56,4,10,14,-6,11:41,969,17.3,46:44:00
"Charles Hudon, LW",MTL,32,3,2,5,-9,11:40,489,15.3,74:42:00
"Alex Formenton, LW",OTT,9,1,0,1,-2,11:40,138,15.3,105:01:00
"Jaret Anderson-Dolan, C",LA,5,0,1,1,-2,11:36,75,15,58:01:00
"Brendan Perlini, LW",CHI/ARI,68,14,7,21,-17,11:36,1069,15.7,37:34:00
"Zach Senyshyn, RW",BOS,2,1,0,1,0,11:36,31,15.5,23:11
"Ivan Barbashev, LW",STL,80,14,12,26,-4,11:31,1336,16.7,35:25:00
"Matt Cullen, C",PIT,71,7,13,20,6,11:31,1307,18.4,40:51:00
"Melker Karlsson, RW",SJ,79,12,4,16,-1,11:30,1405,17.8,56:46:00
"Jordan Schmaltz, D",STL,20,0,2,2,-7,11:29,339,17,114:51:00
"Trevor Carrick, D",CAR,1,0,0,0,-1,11:29,13,13,0:00
"Scott Wilson, C",BUF,15,0,3,3,-8,11:27,245,16.3,57:15:00
"Jacob De La Rose, LW",DET/MTL,60,3,6,9,-13,11:26,958,16,76:15:00
"Matt Martin, LW",NYI,67,6,8,14,5,11:26,1072,16,54:43:00
"Ryan Spooner, C",EDM/NYR/VAN,52,3,6,9,-12,11:26,819,15.8,66:01:00
"Michael Raffl, LW",PHI,67,6,12,18,-1,11:25,1083,16.2,42:29:00
"Kiefer Sherwood, RW",ANA,50,6,6,12,1,11:22,784,15.7,47:22:00
"Ryan Poehling, C",MTL,1,3,0,3,3,11:22,19,19,3:47
"Mathieu Joseph, RW",TB,70,13,13,26,5,11:22,1146,16.4,30:34:00
"Par Lindholm, C",TOR/WPG,65,1,12,13,5,11:21,1136,17.5,56:44:00
"Ty Rattie, RW",EDM,50,4,7,11,-2,11:21,761,15.2,51:34:00
"Dakota Mermis, D",ARI,1,0,0,0,1,11:20,17,17,0:00
"Austin Czarnik, C",CGY,54,6,12,18,-1,11:20,838,15.5,33:59:00
"Antti Suomela, C",SJ,27,3,5,8,1,11:19,447,16.6,38:11:00
"John Quenneville, C",NJ,19,1,0,1,-1,11:19,288,15.2,214:59:00
"Matt Irwin, D",NSH,44,1,6,7,5,11:18,685,15.6,71:00:00
"Dylan Sikura, C",CHI,33,0,8,8,2,11:17,510,15.5,46:32:00
"Michael Chaput, C",MTL/ARI,32,0,5,5,-4,11:13,545,17,71:49:00
"Blake Lizotte, C",LA,1,0,0,0,-1,11:12,14,14,0:00
"Mario Kempe, RW",ARI,52,4,5,9,5,11:11,918,17.7,64:37:00
"Ryan Murphy, D",NJ/MIN,3,0,1,1,1,11:10,44,14.7,33:30:00
"Ryan Callahan, RW",TB,52,7,10,17,7,11:08,845,16.3,34:04:00
"Andre Burakovsky, LW",WSH,76,12,13,25,2,11:08,1060,13.9,33:49:00
"Matt Luff, RW",LA,33,8,3,11,-2,11:07,533,16.2,33:20:00
"Ryan Graves, D",COL,26,3,2,5,4,11:06,405,15.6,57:44:00
"Sven Andrighetto, RW",COL,64,7,10,17,10,11:04,930,14.5,41:40:00
"Dryden Hunt, LW",FLA,31,3,7,10,0,11:04,469,15.1,34:17:00
"Teddy Blueger, C",PIT,28,6,4,10,7,11:03,454,16.2,30:57:00
"Eric Fehr, RW",MIN,72,7,8,15,-8,11:03,1163,16.2,53:00:00
"Barclay Goodrow, LW",SJ,82,7,10,17,4,11:01,1411,17.2,53:06:00
"Guillaume Brisebois, D",VAN,8,0,0,0,-4,11:01,134,16.8,0:00
"Kevin Stenlund, C",CBJ,4,0,0,0,0,10:58,59,14.8,0:00
"Adam Gaudette, C",VAN,56,5,7,12,-8,10:57,897,16,51:05:00
"Ryan Kuffner, LW",DET,10,0,0,0,-4,10:56,150,15,0:00
"Jakub Zboril, D",BOS,2,0,0,0,0,10:56,42,21,0:00
"Juho Lammikko, RW",FLA,40,0,6,6,-7,10:56,665,16.6,72:52:00
"Janne Kuokkanen, C",CAR,7,0,0,0,-2,10:55,101,14.4,0:00
"Brian Gibbons, C",OTT/ANA,64,8,11,19,-5,10:55,1037,16.2,36:46:00
"Tomas Plekanec, C",MTL,3,1,0,1,0,10:53,58,19.3,32:38:00
"Ryan Reaves, RW",VGS,80,9,11,20,1,10:52,1063,13.3,43:29:00
"Denis Gurianov, RW",DAL,21,1,3,4,-3,10:52,349,16.6,57:04:00
"Devante Smith-Pelly, RW",WSH,54,4,4,8,-6,10:51,778,14.4,73:15:00
"Riley Nash, C",CBJ,78,3,9,12,-8,10:50,1157,14.8,70:27:00
"Cody Goloubef, D",OTT,5,0,0,0,0,10:49,79,15.8,0:00
"Tanner Fritz, C",NYI,8,0,1,1,-3,10:49,113,14.1,86:35:00
"Luke Johnson, C",CHI,15,0,1,1,-8,10:49,238,15.9,162:11:00
"Matt Tennyson, D",BUF,4,0,0,0,-4,10:45,63,15.8,0:00
"Lias Andersson, C",NYR,42,2,4,6,-13,10:43,663,15.8,75:01:00
"Matt Bartkowski, D",MIN,2,1,0,1,2,10:42,33,16.5,21:24
"Lukas Radil, LW",SJ,36,7,4,11,7,10:41,550,15.3,34:57:00
"Jamie McGinn, LW",FLA,19,4,3,7,-5,10:41,292,15.4,28:58:00
"Erik Burgdoerfer, D",OTT,4,0,0,0,-1,10:40,55,13.8,0:00
"Tim Schaller, LW",VAN,47,3,7,10,-2,10:40,761,16.2,50:06:00
"Greg McKegg, C",CAR,41,6,5,11,-2,10:40,650,15.9,39:44:00
"C.J. Smith, LW",BUF,11,2,0,2,0,10:39,157,14.3,58:36:00
"Adam Clendening, D",CBJ,4,0,0,0,1,10:39,64,16,0:00
"Paul Carey, C",BOS/OTT,7,0,0,0,0,10:39,91,13,0:00
"Christoffer Ehn, C",DET,60,3,6,9,-5,10:37,874,14.6,70:45:00
"Alexandre Fortin, LW",CHI,24,3,3,6,-6,10:35,349,14.5,42:21:00
"Adam Erne, LW",TB,65,7,13,20,10,10:33,976,15,34:16:00
"Andrew Mangiapane, LW",CGY,44,8,5,13,11,10:33,653,14.8,35:41:00
"Garnet Hathaway, RW",CGY,76,11,8,19,14,10:32,1160,15.3,42:06:00
"Matthew Peca, C",MTL,39,3,7,10,-14,10:31,594,15.2,41:02:00
"Logan Brown, C",OTT,2,0,0,0,-2,10:31,27,13.5,0:00
"Kyle Clifford, LW",LA,72,11,10,21,4,10:29,1084,15.1,35:57:00
"Miikka Salomaki, RW",NSH,37,3,4,7,5,10:27,540,14.6,55:16:00
"Adam Cracknell, RW",ANA,2,0,0,0,-1,10:26,35,17.5,0:00
"Marcus Kruger, C",CHI,74,4,8,12,-2,10:25,1231,16.6,64:13:00
"Matt Puempel, LW",DET,8,1,0,1,-2,10:24,116,14.5,83:13:00
"Remi Elie, LW",BUF,16,0,1,1,-3,10:21,235,14.7,165:36:00
"Brett Seney, LW",NJ,51,5,8,13,-14,10:20,705,13.8,40:31:00
"Kalle Kossila, C",ANA,8,1,0,1,-1,10:18,131,16.4,82:26:00
"Nic Dowd, C",WSH,64,8,14,22,10,10:18,862,13.5,29:56:00
"Jean-Sebastien Dea, C",NJ/PIT/FLA,23,4,2,6,0,10:15,339,14.7,39:18:00
"Nate Prosser, D",MIN,15,0,0,0,1,10:13,209,13.9,0:00
"Sam Carrick, C",ANA,6,0,1,1,-1,10:13,96,16,61:19:00
"Michael Amadio, C",LA,43,6,7,13,-1,10:12,606,14.1,33:45:00
"Dillon Heatherington, D",DAL,5,0,1,1,4,10:11,71,14.2,50:56:00
"Danick Martel, C",TB,9,0,2,2,3,10:11,124,13.8,45:48:00
"Nikita Scherbak, LW",LA/MTL,8,1,0,1,-4,10:11,114,14.3,81:25:00
"Vinni Lettieri, C",NYR,27,1,2,3,-7,10:09,359,13.3,91:24:00
"Phil Di Giuseppe, LW",CAR/NSH,24,1,3,4,-3,10:08,339,14.1,60:48:00
"Nelson Nogier, D",WPG,1,0,0,0,0,10:06,11,11,0:00
"Dmitrij Jaskin, RW",WSH,37,2,6,8,-5,10:05,462,12.5,46:38:00
"Dillon Dube, C",CGY,25,1,4,5,2,10:04,350,14,50:20:00
"Nicolas Deslauriers, LW",MTL,48,2,3,5,-12,10:02,668,13.9,96:21:00
"Martin Necas, C",CAR,7,1,1,2,0,10:01,103,14.7,35:05:00
"Rocco Grimaldi, C",NSH,53,5,8,13,-2,10:00,747,14.1,40:47:00
"Valentin Zykov, RW",EDM/CAR/VGS,28,2,3,5,-5,9:57,342,12.2,55:43:00
"William Carrier, LW",VGS,54,8,1,9,-4,9:57,700,13,59:40:00
"Tyler Ennis, LW",TOR,51,12,6,18,-6,9:56,683,13.4,28:09:00
"Jacob Middleton, D",SJ,3,0,1,1,-1,9:56,41,13.7,29:48:00
"Jonny Brodzinski, C",LA,13,2,1,3,0,9:55,176,13.5,43:00:00
"Mark Alt, D",COL,2,0,0,0,0,9:55,29,14.5,0:00
"Sammy Blais, LW",STL,32,2,2,4,-1,9:51,429,13.4,78:49:00
"Travis Boyd, C",WSH,53,5,15,20,6,9:50,695,13.1,26:02:00
"Daniel Carr, LW",VGS,6,1,0,1,-1,9:50,73,12.2,58:57:00
"Jack Roslovic, C",WPG,77,9,15,24,-2,9:45,1015,13.2,31:15:00
"Colin Blackwell, C",NSH,6,0,0,0,-1,9:44,86,14.3,0:00
"Gabriel Bourque, LW",COL,55,2,6,8,3,9:44,757,13.8,66:56:00
"Rem Pitlick, C",NSH,1,0,0,0,0,9:43,14,14,0:00
"Corban Knight, C",PHI,23,1,3,4,-5,9:41,304,13.2,55:39:00
"Jordan Kyrou, C",STL,16,1,2,3,-1,9:40,213,13.3,51:31:00
"Boo Nieves, C",NYR,43,4,6,10,-4,9:39,573,13.3,41:31:00
"Brett Ritchie, RW",DAL,53,4,2,6,-7,9:36,814,15.4,84:50:00
"Luke Witkowski, D",DET,34,0,2,2,-5,9:36,447,13.1,163:09:00
"Michael Bunting, LW",ARI,5,1,0,1,0,9:33,71,14.2,47:47:00
"Anthony Greco, RW",FLA,1,0,0,0,-3,9:30,16,16,0:00
"Alan Quine, C",CGY,13,3,2,5,0,9:30,172,13.2,24:41:00
"Markus Hannikainen, LW",CBJ,44,4,3,7,-5,9:29,599,13.6,59:34:00
"Clark Bishop, C",CAR,20,1,2,3,-3,9:27,269,13.5,63:02:00
"Jayce Hawryluk, C",FLA,42,7,5,12,-8,9:26,588,14,33:00:00
"Saku Maenalanen, RW",CAR,34,4,4,8,0,9:26,506,14.9,40:04:00
"Rourke Chartier, C",SJ,13,1,0,1,-5,9:24,187,14.4,122:14:00
"Trent Frederic, C",BOS,15,0,0,0,-4,9:24,198,13.2,0:00
"Gabriel Carlsson, D",CBJ,1,0,0,0,-1,9:21,17,17,0:00
"Kurtis MacDermid, D",LA,11,0,1,1,-1,9:21,146,13.3,102:49:00
"Mikhail Vorobyev, C",PHI,15,1,1,2,0,9:20,183,12.2,70:00:00
"Kole Sherwood, RW",CBJ,2,0,0,0,0,9:14,25,12.5,0:00
"Martin Frk, RW",DET,30,1,5,6,-9,9:11,389,13,45:55:00
"Kerby Rychel, LW",CGY,2,0,0,0,-1,9:11,26,13,0:00
"J.T. Brown, RW",MIN,56,3,5,8,0,9:10,692,12.4,64:11:00
"John Hayden, C",CHI,54,3,2,5,-12,9:10,712,13.2,98:56:00
"Jori Lehtera, C",PHI,27,1,2,3,-7,9:07,389,14.4,82:00:00
"Urho Vaakanainen, D",BOS,2,0,0,0,-1,9:06,25,12.5,0:00
"Trevor Moore, LW",TOR,25,2,6,8,1,9:06,335,13.4,28:25:00
"Sheldon Dries, C",COL,40,3,3,6,-7,9:04,519,13,60:29:00
"Brandon Gignac, C",NJ,1,0,0,0,-2,9:04,12,12,0:00
"Chris Kunitz, LW",CHI,56,5,5,10,-7,9:04,747,13.3,50:43:00
"Brendan Lemieux, LW",NYR/WPG,63,12,5,17,6,9:03,795,12.6,33:31:00
"Vladislav Kamenev, LW",COL,23,2,3,5,-2,9:02,295,12.8,41:34:00
"Zac Dalpe, C",CBJ,1,0,1,1,1,9:01,16,16,9:01
"Frederick Gaudreau, C",NSH,55,3,1,4,1,9:01,732,13.3,123:56:00
"Lukas Sedlak, C",CBJ,47,4,2,6,-5,9:00,620,13.2,70:29:00
"Stefan Elliott, D",OTT,3,0,1,1,1,8:59,45,15,26:57:00
"Connor Brickley, C",NYR,14,1,3,4,3,8:59,172,12.3,31:25:00
"Brad Malone, C",EDM,16,0,0,0,0,8:57,218,13.6,0:00
"Austin Wagner, LW",LA,62,12,9,21,2,8:56,827,13.3,26:21:00
"Matt Hendricks, C",WPG/MIN,26,0,3,3,-2,8:50,327,12.6,76:37:00
"Patrick Russell, RW",EDM,6,0,0,0,0,8:47,76,12.7,0:00
"Stephen Gionta, RW",NYI,5,0,0,0,-4,8:47,71,14.2,0:00
"Sheldon Rempal, RW",LA,7,0,0,0,-1,8:44,85,12.1,0:00
"Josh Currie, RW",EDM,21,2,3,5,2,8:43,259,12.3,36:34:00
"Dylan Gambrell, C",SJ,8,0,0,0,1,8:38,98,12.3,0:00
"Cory Conacher, LW",TB,1,0,0,0,0,8:35,13,13,0:00
"Nick Paul, LW",OTT,20,1,1,2,-10,8:28,225,11.3,84:44:00
"Jake Bean, D",CAR,2,0,0,0,0,8:28,26,13,0:00
"Gemel Smith, C",BOS/DAL,17,2,1,3,-4,8:22,220,12.9,47:25:00
"Frederik Gauthier, C",TOR,70,3,11,14,3,8:22,867,12.4,41:49:00
"Sonny Milano, LW",CBJ,8,1,0,1,0,8:19,94,11.8,66:34:00
"Mason Appleton, C",WPG,36,3,7,10,9,8:12,427,11.9,29:32:00
"Nathan Walker, LW",WSH,3,0,1,1,1,8:09,32,10.7,24:26:00
"Joe Gambardella, C",EDM,15,0,3,3,2,8:06,169,11.3,40:31:00
"Micheal Haley, C",SJ/FLA,43,2,4,6,-2,8:05,536,12.5,57:59:00
"Mackenzie MacEachern, LW",STL,29,3,2,5,0,8:02,336,11.6,46:35:00
"Jordan Nolan, C",STL,14,0,2,2,2,7:56,165,11.8,55:34:00
"Andreas Martinsen, C",CHI,24,1,3,4,-5,7:56,293,12.2,47:36:00
"Ross Johnston, LW",NYI,17,1,3,4,3,7:55,189,11.1,33:38:00
"Phil Varone, C",PHI,47,3,4,7,-2,7:55,516,11,53:07:00
"Wade Megan, C",DET,11,0,1,1,-4,7:53,123,11.2,86:39:00
"Jakub Jerabek, D",STL,1,0,0,0,-3,7:52,15,15,0:00
"Jacob Nilsson, C",CHI,2,0,0,0,-2,7:52,21,10.5,0:00
"Lee Stempniak, RW",BOS,2,0,0,0,-1,7:49,21,10.5,0:00
"Andrew Agozzino, LW",COL,11,1,1,2,2,7:49,113,10.3,42:57:00
"Steven Fogarty, C",NYR,10,0,0,0,-1,7:46,112,11.2,0:00
"Nic Petan, C",TOR/WPG,18,1,2,3,-5,7:38,193,10.7,45:49:00
"Garrett Wilson, LW",PIT,50,2,6,8,2,7:37,590,11.8,47:35:00
"Brendan Gaunce, C",VAN,3,1,2,3,3,7:37,37,12.3,7:36
"Tim Gettinger, LW",NYR,4,0,0,0,0,7:31,42,10.5,0:00
"Max McCormick, LW",OTT,14,1,0,1,-6,7:30,153,10.9,105:00:00
"Joseph Blandisi, C",PIT/ANA,9,0,0,0,-1,7:27,100,11.1,0:00
"Tyrell Goulbourne, LW",PHI,2,0,0,0,0,7:25,23,11.5,0:00
"Matt Donovan, D",NSH,2,0,1,1,0,7:24,21,10.5,14:47
"Darren Archibald, LW",OTT/VAN,12,1,1,2,-3,7:23,138,11.5,44:15:00
"Kurtis Gabriel, RW",NJ,22,2,2,4,0,7:22,254,11.5,40:33:00
"Matt Beleskey, LW",NYR,4,1,0,1,1,7:22,42,10.5,29:29:00
"Anthony Richard, C",NSH,1,0,0,0,-1,7:22,12,12,0:00
"Maxim Mamin, C",FLA,7,0,0,0,-2,7:21,79,11.3,0:00
"Zack MacEwen, C",VAN,4,0,1,1,-4,7:11,47,11.8,28:44:00
"Anton Lindholm, D",COL,2,0,0,0,-1,7:11,22,11,0:00
"Nikita Soshnikov, RW",STL,5,0,0,0,-1,7:10,57,11.4,0:00
"Zac Rinaldo, C",NSH,23,1,2,3,1,7:07,251,10.9,54:37:00
"Justin Kloos, C",ANA,1,0,0,0,0,7:04,10,10,0:00
"Jack Rodewald, RW",OTT,6,0,0,0,0,7:04,54,9,0:00
"Kyle Rau, C",MIN,6,0,1,1,0,7:01,62,10.3,42:05:00
"Ryan Lomberg, LW",CGY,4,0,0,0,0,6:59,43,10.8,0:00
"Nicolas Roy, C",CAR,6,0,0,0,0,6:57,70,11.7,0:00
"Cooper Marody, C",EDM,6,0,0,0,-1,6:55,59,9.8,0:00
"Marko Dano, C",COL,8,0,0,0,-1,6:53,86,10.8,0:00
"Kristian Vesalainen, LW",WPG,5,0,1,1,0,6:50,50,10,34:12:00
"Logan O'Connor, RW",COL,5,0,0,0,-2,6:49,49,9.8,0:00
"Dominic Toninato, C",COL,2,1,0,1,0,6:42,21,10.5,13:24
"Cody McLeod, LW",NYR/NSH,38,1,0,1,-13,6:29,363,9.6,246:26:00
"A.J. Greer, LW",COL,15,1,1,2,-2,6:16,142,9.5,47:00:00
"Justin Bailey, RW",PHI,11,0,1,1,0,5:44,98,8.9,63:05:00
"Nicolas Aube-Kubel, RW",PHI,9,0,0,0,1,5:35,72,8,0:00
"Reid Boucher, C",VAN,1,0,0,0,0,5:28,10,10,0:00
"Adam Johnson, C",PIT,6,0,2,2,2,5:18,55,9.2,15:55
"Curtis Lazar, RW",CGY,1,0,0,0,-1,4:48,9,9,0:00
"Anthony Peluso, RW",CGY,4,0,0,0,-1,4:07,27,6.8,0:00
"Derek MacKenzie, C",FLA,1,0,0,0,0,2:43,4,4,0:00
"Chris Thorburn, RW",STL,1,0,0,0,0,1:52,3,3,0:00
"Dennis Gilbert, D",CHI,1,0,0,0,0,12:46,17,17,0:00
"Riley Stillman, D",FLA,1,0,0,0,0,11:22,19,19,0:00
"Mark Letestu, C",CBJ,2,0,0,0,-1,9:20,27,13.5,0:00