,Date,Year,Team_x,Player,Notes,Age,Height,Weight,College,Country,Draft Year,Draft Round,Draft Number,GP,PTS,REB,AST,NetRtg,OREB%,DREB%,USG%,TS%,AST%,Pos,MP
0,10/25/2017,2017,Blazers,Meyers Leonard,sore/sprained right ankle (DTD),27.0,1-Jul,255.0,Illinois,USA,2012,1,11,61.0,5.9,3.8,1.2,-3.7,5.50%,20.60%,14.90%,67.50%,12.30%,C,7.7
1,12/13/2017,2017,Blazers,Meyers Leonard,illness (DTD),27.0,1-Jul,255.0,Illinois,USA,2012,1,11,61.0,5.9,3.8,1.2,-3.7,5.50%,20.60%,14.90%,67.50%,12.30%,C,7.7
2,12/30/2017,2017,Blazers,Meyers Leonard,ankle injury (DTD),27.0,1-Jul,255.0,Illinois,USA,2012,1,11,61.0,5.9,3.8,1.2,-3.7,5.50%,20.60%,14.90%,67.50%,12.30%,C,7.7
3,1/1/2018,2018,Kings,Frank Mason,bruised right heel (DTD),25.0,11-May,190.0,Kansas,USA,2017,2,34,38.0,5.1,1.1,2.2,-14.5,1.30%,8.30%,21.30%,50.20%,28.00%,PG,18.9
4,4/9/2018,2018,Kings,Frank Mason,partially torn plantar fascia in left foot (out for season),25.0,11-May,190.0,Kansas,USA,2017,2,34,38.0,5.1,1.1,2.2,-14.5,1.30%,8.30%,21.30%,50.20%,28.00%,PG,18.9
5,1/1/2018,2018,Rockets,James Harden,strained left hamstring (DTD),29.0,5-Jun,220.0,Arizona State,USA,2009,1,3,78.0,36.1,6.6,7.5,6.3,2.30%,15.70%,39.60%,61.60%,39.40%,SG,35.4
6,3/11/2018,2018,Rockets,James Harden,sore left knee (DTD),29.0,5-Jun,220.0,Arizona State,USA,2009,1,3,78.0,36.1,6.6,7.5,6.3,2.30%,15.70%,39.60%,61.60%,39.40%,SG,35.4
7,1/3/2018,2018,Cavaliers,Isaiah Thomas,right hip injury (DTD),30.0,9-May,185.0,Washington,USA,2011,2,60,12.0,8.1,1.1,1.9,-5.5,2.30%,4.00%,27.40%,43.70%,19.80%,PG,26.9
8,3/24/2018,2018,Lakers,Isaiah Thomas,right hip injury (out for season),30.0,9-May,185.0,Washington,USA,2011,2,60,12.0,8.1,1.1,1.9,-5.5,2.30%,4.00%,27.40%,43.70%,19.80%,PG,26.9
9,3/28/2018,2018,Lakers,Isaiah Thomas,surgery on right hip (out for season),30.0,9-May,185.0,Washington,USA,2011,2,60,12.0,8.1,1.1,1.9,-5.5,2.30%,4.00%,27.40%,43.70%,19.80%,PG,26.9
10,9/26/2017,2017,Cavaliers,Isaiah Thomas,right hip impingement (DTD),30.0,9-May,185.0,Washington,USA,2011,2,60,12.0,8.1,1.1,1.9,-5.5,2.30%,4.00%,27.40%,43.70%,19.80%,PG,26.9
11,1/2/2018,2018,Clippers,Austin Rivers,sore right Achilles (DTD),26.0,4-Jun,200.0,Duke,USA,2012,1,10,76.0,8.1,2.1,2.2,2.5,1.20%,6.50%,14.20%,50.30%,12.00%,SG,33.7
12,4/9/2018,2018,Clippers,Austin Rivers,sore right elbow (out for season),26.0,4-Jun,200.0,Duke,USA,2012,1,10,76.0,8.1,2.1,2.2,2.5,1.20%,6.50%,14.20%,50.30%,12.00%,SG,33.7
13,12/30/2017,2017,Clippers,Austin Rivers,strained right Achilles tendon (DTD),26.0,4-Jun,200.0,Duke,USA,2012,1,10,76.0,8.1,2.1,2.2,2.5,1.20%,6.50%,14.20%,50.30%,12.00%,SG,33.7
14,12/30/2017,2017,Nuggets,Malik Beasley,elbow injury (DTD),22.0,5-Jun,195.0,Florida State,USA,2016,1,19,81.0,11.3,2.5,1.2,3.9,1.80%,8.50%,18.10%,59.90%,7.40%,SG,9.4
15,11/1/2017,2017,Heat,James Johnson,tendinitis in right knee (DTD),32.0,8-Jun,240.0,Wake Forest,USA,2009,1,16,55.0,7.8,3.2,2.5,-4.6,1.80%,12.30%,17.70%,52.20%,16.70%,PF,26.6
16,12/17/2017,2017,Heat,James Johnson,right ankle injury (DTD),32.0,8-Jun,240.0,Wake Forest,USA,2009,1,16,55.0,7.8,3.2,2.5,-4.6,1.80%,12.30%,17.70%,52.20%,16.70%,PF,26.6
17,12/18/2017,2017,Heat,James Johnson,bursitis in right ankle (DTD),32.0,8-Jun,240.0,Wake Forest,USA,2009,1,16,55.0,7.8,3.2,2.5,-4.6,1.80%,12.30%,17.70%,52.20%,16.70%,PF,26.6
18,12/26/2017,2017,Heat,James Johnson,bursitis in right ankle (DTD),32.0,8-Jun,240.0,Wake Forest,USA,2009,1,16,55.0,7.8,3.2,2.5,-4.6,1.80%,12.30%,17.70%,52.20%,16.70%,PF,26.6
19,1/3/2018,2018,Pistons,Andre Drummond,bruised right rib (DTD),25.0,11-Jun,279.0,Connecticut,USA,2012,1,9,79.0,17.3,15.6,1.4,3.3,15.10%,31.10%,22.60%,55.50%,6.80%,C,33.7
20,1/6/2018,2018,Pistons,Andre Drummond,bruised right rib (DTD),25.0,11-Jun,279.0,Connecticut,USA,2012,1,9,79.0,17.3,15.6,1.4,3.3,15.10%,31.10%,22.60%,55.50%,6.80%,C,33.7
21,1/11/2018,2018,Spurs,Tony Parker,sprained right ankle (DTD),37.0,2-Jun,185.0,None,France,2001,1,28,56.0,9.5,1.5,3.7,-0.1,1.30%,6.70%,24.70%,51.20%,33.10%,PG,19.5
22,2/9/2018,2018,Spurs,Tony Parker,tightness in back (DTD),37.0,2-Jun,185.0,None,France,2001,1,28,56.0,9.5,1.5,3.7,-0.1,1.30%,6.70%,24.70%,51.20%,33.10%,PG,19.5
23,2/11/2018,2018,Spurs,LaMarcus Aldridge,sore right knee (DTD),33.0,11-Jun,260.0,Texas,USA,2006,1,2,81.0,21.3,9.2,2.4,1.5,9.60%,18.00%,26.80%,57.60%,11.50%,C,33.5
24,3/11/2018,2018,Spurs,LaMarcus Aldridge,sore right knee (DTD),33.0,11-Jun,260.0,Texas,USA,2006,1,2,81.0,21.3,9.2,2.4,1.5,9.60%,18.00%,26.80%,57.60%,11.50%,C,33.5
25,1/5/2018,2018,Suns,Isaiah Canaan,strained left adductor (DTD),28.0,Jun-00,200.0,Murray State,USA,2013,2,34,30.0,6.0,1.9,2.8,-12.3,1.00%,8.60%,14.70%,51.80%,19.40%,PG-SG,21.1
26,1/5/2018,2018,Suns,Isaiah Canaan,strained left adductor (DTD),28.0,Jun-00,200.0,Murray State,USA,2013,2,34,30.0,6.0,1.9,2.8,-12.3,1.00%,8.60%,14.70%,51.80%,19.40%,SG,21.1
27,1/5/2018,2018,Suns,Isaiah Canaan,strained left adductor (DTD),28.0,Jun-00,200.0,Murray State,USA,2013,2,34,30.0,6.0,1.9,2.8,-12.3,1.00%,8.60%,14.70%,51.80%,19.40%,PG,21.1
28,1/31/2018,2018,Suns,Isaiah Canaan,fractured left ankle (out indefinitely),28.0,Jun-00,200.0,Murray State,USA,2013,2,34,30.0,6.0,1.9,2.8,-12.3,1.00%,8.60%,14.70%,51.80%,19.40%,PG-SG,21.1
29,1/31/2018,2018,Suns,Isaiah Canaan,fractured left ankle (out indefinitely),28.0,Jun-00,200.0,Murray State,USA,2013,2,34,30.0,6.0,1.9,2.8,-12.3,1.00%,8.60%,14.70%,51.80%,19.40%,SG,21.1
30,1/31/2018,2018,Suns,Isaiah Canaan,fractured left ankle (out indefinitely),28.0,Jun-00,200.0,Murray State,USA,2013,2,34,30.0,6.0,1.9,2.8,-12.3,1.00%,8.60%,14.70%,51.80%,19.40%,PG,21.1
31,1/6/2018,2018,Celtics,Al Horford,sore left calf / knee injury (DTD),33.0,10-Jun,245.0,Florida,Dominican Rep...,2007,1,3,68.0,13.6,6.7,4.2,6.1,6.20%,16.10%,18.80%,60.50%,20.30%,C,31.6
32,1/24/2018,2018,Celtics,Al Horford,concussion (DTD),33.0,10-Jun,245.0,Florida,Dominican Rep...,2007,1,3,68.0,13.6,6.7,4.2,6.1,6.20%,16.10%,18.80%,60.50%,20.30%,C,31.6
33,3/28/2018,2018,Celtics,Al Horford,ankle injury (DTD),33.0,10-Jun,245.0,Florida,Dominican Rep...,2007,1,3,68.0,13.6,6.7,4.2,6.1,6.20%,16.10%,18.80%,60.50%,20.30%,C,31.6
34,1/6/2018,2018,Clippers,Milos Teodosic,sore plantar fascia in left foot (DTD),32.0,5-Jun,196.0,None,Serbia,Undrafted,Undrafted,Undrafted,15.0,3.2,1.1,2.1,5.4,2.10%,8.40%,17.10%,55.70%,26.00%,PG,25.2
35,2/9/2018,2018,Clippers,Milos Teodosic,sore right foot (DTD),32.0,5-Jun,196.0,None,Serbia,Undrafted,Undrafted,Undrafted,15.0,3.2,1.1,2.1,5.4,2.10%,8.40%,17.10%,55.70%,26.00%,PG,25.2
36,3/28/2018,2018,Clippers,Milos Teodosic,plantar fascia in left foot (out for season),32.0,5-Jun,196.0,None,Serbia,Undrafted,Undrafted,Undrafted,15.0,3.2,1.1,2.1,5.4,2.10%,8.40%,17.10%,55.70%,26.00%,PG,25.2
37,10/22/2017,2017,Clippers,Milos Teodosic,plantar fascia in left foot (out indefinitely),32.0,5-Jun,196.0,None,Serbia,Undrafted,Undrafted,Undrafted,15.0,3.2,1.1,2.1,5.4,2.10%,8.40%,17.10%,55.70%,26.00%,PG,25.2
38,1/6/2018,2018,Magic,Jonathon Simmons,back spasms (DTD),29.0,6-Jun,195.0,Houston,USA,Undrafted,Undrafted,Undrafted,56.0,6.5,2.3,2.3,-5.3,2.40%,9.00%,18.20%,46.60%,17.50%,SG,29.4
39,3/20/2018,2018,Magic,Jonathon Simmons,bruised right wrist (out for season),29.0,6-Jun,195.0,Houston,USA,Undrafted,Undrafted,Undrafted,56.0,6.5,2.3,2.3,-5.3,2.40%,9.00%,18.20%,46.60%,17.50%,SG,29.4
40,1/6/2018,2018,Spurs,Kawhi Leonard,partial tear in left shoulder (DTD),28.0,7-Jun,230.0,San Diego State,USA,2011,1,15,60.0,26.6,7.3,3.3,7.9,3.90%,16.50%,30.00%,60.60%,15.90%,SF,23.3
41,1/15/2018,2018,Spurs,Kawhi Leonard,right quadriceps injury / rest (DTD),28.0,7-Jun,230.0,San Diego State,USA,2011,1,15,60.0,26.6,7.3,3.3,7.9,3.90%,16.50%,30.00%,60.60%,15.90%,SF,23.3
42,9/30/2017,2017,Spurs,Kawhi Leonard,sore right quadriceps (out indefinitely),28.0,7-Jun,230.0,San Diego State,USA,2011,1,15,60.0,26.6,7.3,3.3,7.9,3.90%,16.50%,30.00%,60.60%,15.90%,SF,23.3
43,12/23/2017,2017,Spurs,Kawhi Leonard,right quadricep injury / rest (DTD),28.0,7-Jun,230.0,San Diego State,USA,2011,1,15,60.0,26.6,7.3,3.3,7.9,3.90%,16.50%,30.00%,60.60%,15.90%,SF,23.3
44,1/7/2018,2018,Nets,DeMarre Carroll,sprained right knee (DTD),32.0,8-Jun,215.0,Missouri,USA,2009,1,27,67.0,11.1,5.2,1.3,1.9,3.70%,15.10%,18.10%,54.60%,7.50%,PF,29.9
45,4/4/2018,2018,Nets,DeMarre Carroll,strained left hip (out for season),32.0,8-Jun,215.0,Missouri,USA,2009,1,27,67.0,11.1,5.2,1.3,1.9,3.70%,15.10%,18.10%,54.60%,7.50%,PF,29.9
46,11/27/2017,2017,Nets,DeMarre Carroll,illness (DTD),32.0,8-Jun,215.0,Missouri,USA,2009,1,27,67.0,11.1,5.2,1.3,1.9,3.70%,15.10%,18.10%,54.60%,7.50%,PF,29.9
47,1/7/2018,2018,Suns,Marquese Chriss,strained right hip flexor (DTD),21.0,10-Jun,240.0,Washington,USA,2016,1,8,43.0,4.2,3.3,0.5,-17.3,7.20%,21.60%,19.60%,45.50%,6.90%,PF,21.2
48,1/8/2018,2018,Bulls,Nikola Mirotic,stomach virus (DTD),28.0,10-Jun,250.0,None,Montenegro,2011,1,23,46.0,15.2,7.4,1.2,3.7,4.50%,19.80%,20.60%,58.40%,6.10%,PF,27.2
49,3/24/2018,2018,Pelicans,Nikola Mirotic,hip injury (DTD),28.0,10-Jun,250.0,None,Montenegro,2011,1,23,46.0,15.2,7.4,1.2,3.7,4.50%,19.80%,20.60%,58.40%,6.10%,PF,27.2
50,3/24/2018,2018,Pelicans,Nikola Mirotic,right hip flexor injury (DTD),28.0,10-Jun,250.0,None,Montenegro,2011,1,23,46.0,15.2,7.4,1.2,3.7,4.50%,19.80%,20.60%,58.40%,6.10%,PF,27.2
51,10/17/2017,2017,Bulls,Nikola Mirotic,fractured bones in face (out indefinitely),28.0,10-Jun,250.0,None,Montenegro,2011,1,23,46.0,15.2,7.4,1.2,3.7,4.50%,19.80%,20.60%,58.40%,6.10%,PF,27.2
52,1/8/2018,2018,Nets,Nik Stauskas,ankle injury (DTD),25.0,6-Jun,205.0,Michigan,Canada,2014,1,8,68.0,5.9,1.9,1.2,-12.9,1.60%,10.40%,17.10%,54.50%,12.30%,SG,12.8
53,11/10/2017,2017,76ers,Nik Stauskas,sprained right ankle (DTD),25.0,6-Jun,205.0,Michigan,Canada,2014,1,8,68.0,5.9,1.9,1.2,-12.9,1.60%,10.40%,17.10%,54.50%,12.30%,SG,12.8
54,1/9/2018,2018,Heat,Tyler Johnson,strained left shoulder (DTD),27.0,4-Jun,190.0,Fresno State,USA,Undrafted,Undrafted,Undrafted,57.0,10.9,3.0,2.9,-4.0,2.10%,8.70%,18.00%,53.20%,16.50%,PG,28.5
55,12/13/2017,2017,Heat,Tyler Johnson,migraine headache (DTD),27.0,4-Jun,190.0,Fresno State,USA,Undrafted,Undrafted,Undrafted,57.0,10.9,3.0,2.9,-4.0,2.10%,8.70%,18.00%,53.20%,16.50%,PG,28.5
56,1/10/2018,2018,Jazz,Derrick Favors,sprained right ankle (DTD),27.0,10-Jun,265.0,Georgia Tech,USA,2010,1,3,76.0,11.8,7.4,1.2,4.6,11.50%,18.80%,18.80%,62.40%,7.90%,C,28.0
57,3/5/2018,2018,Jazz,Derrick Favors,neck spasms (DTD),27.0,10-Jun,265.0,Georgia Tech,USA,2010,1,3,76.0,11.8,7.4,1.2,4.6,11.50%,18.80%,18.80%,62.40%,7.90%,C,28.0
58,3/19/2018,2018,Jazz,Derrick Favors,sore left knee (DTD),27.0,10-Jun,265.0,Georgia Tech,USA,2010,1,3,76.0,11.8,7.4,1.2,4.6,11.50%,18.80%,18.80%,62.40%,7.90%,C,28.0
59,12/16/2017,2017,Jazz,Derrick Favors,eye laceration (DTD),27.0,10-Jun,265.0,Georgia Tech,USA,2010,1,3,76.0,11.8,7.4,1.2,4.6,11.50%,18.80%,18.80%,62.40%,7.90%,C,28.0
60,12/18/2017,2017,Jazz,Derrick Favors,concussion (DTD),27.0,10-Jun,265.0,Georgia Tech,USA,2010,1,3,76.0,11.8,7.4,1.2,4.6,11.50%,18.80%,18.80%,62.40%,7.90%,C,28.0
61,1/10/2018,2018,Pacers,Myles Turner,right elbow injury (DTD),23.0,11-Jun,250.0,Texas,USA,2015,1,11,74.0,13.3,7.2,1.6,2.8,4.80%,19.50%,19.90%,56.70%,8.30%,C,28.2
62,10/19/2017,2017,Pacers,Myles Turner,sore neck (DTD),23.0,11-Jun,250.0,Texas,USA,2015,1,11,74.0,13.3,7.2,1.6,2.8,4.80%,19.50%,19.90%,56.70%,8.30%,C,28.2
63,1/10/2018,2018,Pelicans,Anthony Davis,sprained right ankle (DTD),26.0,10-Jun,253.0,Kentucky,USA,2012,1,1,56.0,25.9,12.0,3.9,3.4,8.90%,24.90%,28.80%,59.70%,18.60%,PF,36.4
64,3/9/2018,2018,Pelicans,Anthony Davis,sprained left ankle (DTD),26.0,10-Jun,253.0,Kentucky,USA,2012,1,1,56.0,25.9,12.0,3.9,3.4,8.90%,24.90%,28.80%,59.70%,18.60%,PF,36.4
65,10/26/2017,2017,Pelicans,Anthony Davis,left knee tendinitis (DTD),26.0,10-Jun,253.0,Kentucky,USA,2012,1,1,56.0,25.9,12.0,3.9,3.4,8.90%,24.90%,28.80%,59.70%,18.60%,PF,36.4
66,12/2/2017,2017,Pelicans,Anthony Davis,strained adductor in left groin/pelvis (DTD),26.0,10-Jun,253.0,Kentucky,USA,2012,1,1,56.0,25.9,12.0,3.9,3.4,8.90%,24.90%,28.80%,59.70%,18.60%,PF,36.4
67,12/11/2017,2017,Pelicans,Anthony Davis,strained adductor in left groin/pelvis (DTD),26.0,10-Jun,253.0,Kentucky,USA,2012,1,1,56.0,25.9,12.0,3.9,3.4,8.90%,24.90%,28.80%,59.70%,18.60%,PF,36.4
68,1/10/2018,2018,Warriors,Stephen Curry,sprained right ankle (DTD),31.0,3-Jun,190.0,Davidson,USA,2009,1,7,69.0,27.3,5.3,5.2,13.7,2.00%,12.20%,29.20%,64.10%,22.50%,PG,32.0
69,3/24/2018,2018,Warriors,Stephen Curry,sprained MCL in left knee (out indefinitely),31.0,3-Jun,190.0,Davidson,USA,2009,1,7,69.0,27.3,5.3,5.2,13.7,2.00%,12.20%,29.20%,64.10%,22.50%,PG,32.0
70,12/5/2017,2017,Warriors,Stephen Curry,sprained right ankle (DTD),31.0,3-Jun,190.0,Davidson,USA,2009,1,7,69.0,27.3,5.3,5.2,13.7,2.00%,12.20%,29.20%,64.10%,22.50%,PG,32.0
71,1/11/2018,2018,76ers,Amir Johnson,gasroenteritis (DTD),32.0,9-Jun,240.0,None,USA,2005,2,56,51.0,3.9,2.9,1.2,-5.0,8.40%,18.50%,16.90%,57.40%,15.60%,C,15.8
72,3/28/2018,2018,76ers,Amir Johnson,illness (DTD),32.0,9-Jun,240.0,None,USA,2005,2,56,51.0,3.9,2.9,1.2,-5.0,8.40%,18.50%,16.90%,57.40%,15.60%,C,15.8
73,1/11/2018,2018,Clippers,C.J. Williams,sprained right ankle (DTD),29.0,5-Jun,226.0,North Carolina State,USA,Undrafted,Undrafted,Undrafted,15.0,2.6,0.5,0.8,-17.5,0.70%,5.30%,13.80%,55.00%,15.80%,SG,18.6
74,1/11/2018,2018,Rockets,Zhou Qi,right elbow injury (DTD),23.0,1-Jul,210.0,None,China,2016,2,43,1.0,2.0,0.0,0.0,-66.7,0.00%,0.00%,33.30%,100%,0.00%,C,6.9
75,3/14/2018,2018,Rockets,Zhou Qi,rib injury (DTD),23.0,1-Jul,210.0,None,China,2016,2,43,1.0,2.0,0.0,0.0,-66.7,0.00%,0.00%,33.30%,100%,0.00%,C,6.9
76,11/29/2017,2017,Rockets,Zhou Qi,sore left calf (DTD),23.0,1-Jul,210.0,None,China,2016,2,43,1.0,2.0,0.0,0.0,-66.7,0.00%,0.00%,33.30%,100%,0.00%,C,6.9
77,1/12/2018,2018,Blazers,Evan Turner,illness (DTD),30.0,7-Jun,220.0,Ohio State,USA,2010,1,2,73.0,6.8,4.5,3.9,1.3,2.20%,16.70%,15.80%,50.40%,24.20%,SF,25.7
78,10/25/2017,2017,Cavaliers,Dwyane Wade,bruised left knee (DTD),37.0,4-Jun,220.0,Marquette,USA,2003,1,5,72.0,15.0,4.0,4.2,-1.8,3.30%,10.60%,26.90%,51.00%,26.40%,SG,22.9
79,12/12/2017,2017,Cavaliers,Dwyane Wade,sore left knee (DTD),37.0,4-Jun,220.0,Marquette,USA,2003,1,5,72.0,15.0,4.0,4.2,-1.8,3.30%,10.60%,26.90%,51.00%,26.40%,SG,22.9
80,1/12/2018,2018,Heat,Dion Waiters,surgery on left ankle (out indefinitely) (date approximate),27.0,4-Jun,215.0,Syracuse,USA,2012,1,4,44.0,12.0,2.6,2.8,-2.0,0.60%,9.40%,21.30%,53.00%,16.40%,SG,30.6
81,12/23/2017,2017,Heat,Dion Waiters,sprained left ankle (DTD),27.0,4-Jun,215.0,Syracuse,USA,2012,1,4,44.0,12.0,2.6,2.8,-2.0,0.60%,9.40%,21.30%,53.00%,16.40%,SG,30.6
82,1/13/2018,2018,Clippers,DeAndre Jordan,sprained left ankle (DTD),30.0,11-Jun,265.0,Texas A&M,USA,2008,2,35,69.0,11.0,13.1,2.3,-5.1,10.50%,31.50%,14.80%,67.40%,11.90%,C,31.5
83,1/13/2018,2018,Jazz,Thabo Sefolosha,surgery on right knee (out for season),35.0,7-Jun,220.0,None,Switzerland,2006,1,13,50.0,3.8,2.5,0.5,8.8,1.40%,18.10%,12.90%,59.90%,5.90%,SF,21.2
84,1/13/2018,2018,Nets,Tyler Zeller,sore left hip (DTD),29.0,Jul-00,253.0,North Carolina,USA,2012,1,17,6.0,7.7,4.0,0.7,6.7,10.50%,12.30%,19.10%,60.70%,6.90%,C,16.8
85,3/5/2018,2018,Bucks,Tyler Zeller,sore back (DTD),29.0,Jul-00,253.0,North Carolina,USA,2012,1,17,6.0,7.7,4.0,0.7,6.7,10.50%,12.30%,19.10%,60.70%,6.90%,C,16.8
86,12/15/2017,2017,Heat,Justise Winslow,strained left knee (DTD),23.0,7-Jun,225.0,Duke,USA,2015,1,10,66.0,12.6,5.4,4.3,3.4,3.10%,14.10%,20.60%,51.30%,21.30%,PF,24.7
87,1/15/2018,2018,76ers,Richaun Holmes,gastroenteritis (DTD),25.0,10-Jun,235.0,Bowling Green,USA,2015,2,37,70.0,8.2,4.7,0.9,-5.4,9.50%,17.30%,17.40%,64.70%,8.20%,C,15.5
88,10/8/2017,2017,76ers,Richaun Holmes,fractured wrist (out indefinitely),25.0,10-Jun,235.0,Bowling Green,USA,2015,2,37,70.0,8.2,4.7,0.9,-5.4,9.50%,17.30%,17.40%,64.70%,8.20%,C,15.5
89,11/20/2017,2017,76ers,Richaun Holmes,illness (DTD),25.0,10-Jun,235.0,Bowling Green,USA,2015,2,37,70.0,8.2,4.7,0.9,-5.4,9.50%,17.30%,17.40%,64.70%,8.20%,C,15.5
90,1/15/2018,2018,Lakers,Brandon Ingram,sprained left ankle/knee (DTD),21.0,9-Jun,190.0,Duke,USA,2016,1,2,52.0,18.3,5.1,3.0,-1.5,2.20%,11.30%,22.70%,55.50%,12.70%,SF,33.5
91,1/19/2018,2018,Lakers,Brandon Ingram,sprained left ankle (DTD),21.0,9-Jun,190.0,Duke,USA,2016,1,2,52.0,18.3,5.1,3.0,-1.5,2.20%,11.30%,22.70%,55.50%,12.70%,SF,33.5
92,1/15/2018,2018,Lakers,Lonzo Ball,sprained left knee (DTD),21.0,6-Jun,190.0,California-Los Angeles,USA,2017,1,2,47.0,9.9,5.3,5.4,-0.7,3.60%,12.40%,16.70%,48.70%,23.60%,PG,34.2
93,3/30/2018,2018,Lakers,Lonzo Ball,bruised left knee (out for season),21.0,6-Jun,190.0,California-Los Angeles,USA,2017,1,2,47.0,9.9,5.3,5.4,-0.7,3.60%,12.40%,16.70%,48.70%,23.60%,PG,34.2
94,12/24/2017,2017,Lakers,Lonzo Ball,sprained left shoulder (DTD),21.0,6-Jun,190.0,California-Los Angeles,USA,2017,1,2,47.0,9.9,5.3,5.4,-0.7,3.60%,12.40%,16.70%,48.70%,23.60%,PG,34.2
95,1/16/2018,2018,Mavericks,J.J. Barea,strained left groin (DTD),35.0,Jun-00,185.0,Northeastern,Puerto Rico,Undrafted,Undrafted,Undrafted,38.0,10.9,2.5,5.6,3.2,1.60%,10.60%,26.30%,49.50%,45.40%,PG,23.2
96,1/27/2018,2018,Mavericks,J.J. Barea,strained left oblique (DTD),35.0,Jun-00,185.0,Northeastern,Puerto Rico,Undrafted,Undrafted,Undrafted,38.0,10.9,2.5,5.6,3.2,1.60%,10.60%,26.30%,49.50%,45.40%,PG,23.2
97,1/17/2018,2018,Grizzlies,Marc Gasol,illness (DTD),34.0,1-Jul,255.0,None,Spain,2007,2,48,79.0,13.6,7.9,4.4,3.5,3.40%,22.70%,21.00%,54.60%,22.20%,C,33.0
98,2/24/2018,2018,Grizzlies,Marc Gasol,DNP,34.0,1-Jul,255.0,None,Spain,2007,2,48,79.0,13.6,7.9,4.4,3.5,3.40%,22.70%,21.00%,54.60%,22.20%,C,33.0
99,3/19/2018,2018,Grizzlies,Marc Gasol,illness (DTD),34.0,1-Jul,255.0,None,Spain,2007,2,48,79.0,13.6,7.9,4.4,3.5,3.40%,22.70%,21.00%,54.60%,22.20%,C,33.0
100,1/17/2018,2018,Pistons,Luke Kennard,thumb injury (DTD),23.0,5-Jun,206.0,Duke,USA,2017,1,12,63.0,9.7,2.9,1.8,0.3,0.80%,12.10%,17.90%,56.00%,12.20%,SG,20.0
101,2/3/2018,2018,Pistons,Luke Kennard,sore left big toe (DTD),23.0,5-Jun,206.0,Duke,USA,2017,1,12,63.0,9.7,2.9,1.8,0.3,0.80%,12.10%,17.90%,56.00%,12.20%,SG,20.0
102,1/18/2018,2018,Bulls,Kris Dunn,concussion (out indefinitely),25.0,4-Jun,205.0,Providence,USA,2016,1,5,46.0,11.3,4.1,6.0,-7.6,1.30%,11.90%,19.80%,48.40%,29.00%,PG,29.3
103,3/16/2018,2018,Bulls,Kris Dunn,sprained right toe (out for season),25.0,4-Jun,205.0,Providence,USA,2016,1,5,46.0,11.3,4.1,6.0,-7.6,1.30%,11.90%,19.80%,48.40%,29.00%,PG,29.3
104,10/7/2017,2017,Bulls,Kris Dunn,dislocated left index finger (out indefinitely),25.0,4-Jun,205.0,Providence,USA,2016,1,5,46.0,11.3,4.1,6.0,-7.6,1.30%,11.90%,19.80%,48.40%,29.00%,PG,29.3
105,12/29/2017,2017,Bulls,Kris Dunn,patellar tendinitis in left knee (DTD),25.0,4-Jun,205.0,Providence,USA,2016,1,5,46.0,11.3,4.1,6.0,-7.6,1.30%,11.90%,19.80%,48.40%,29.00%,PG,29.3
106,1/18/2018,2018,Lakers,Kentavious Caldwell-Pope,strained right Achilles (DTD),26.0,5-Jun,205.0,Georgia,USA,2013,1,8,82.0,11.4,2.9,1.3,-3.7,2.20%,8.80%,17.50%,56.80%,7.70%,SG,33.2
107,1/19/2018,2018,Bucks,Giannis Antetokounmpo,sore right knee (DTD),24.0,11-Jun,242.0,None,Greece,2013,1,15,72.0,27.7,12.5,5.9,12.5,6.60%,27.30%,31.40%,64.40%,29.40%,PF,36.7
108,11/22/2017,2017,Bucks,Giannis Antetokounmpo,sore right knee (DTD),24.0,11-Jun,242.0,None,Greece,2013,1,15,72.0,27.7,12.5,5.9,12.5,6.60%,27.30%,31.40%,64.40%,29.40%,PF,36.7
109,1/19/2018,2018,Warriors,Jordan Bell,left ankle injury (out indefinitely),24.0,9-Jun,224.0,Oregon,USA,2017,2,38,68.0,3.3,2.7,1.1,-5.3,6.80%,15.40%,13.30%,53.10%,13.40%,C,14.2
110,3/7/2018,2018,Warriors,Jordan Bell,sprained right ankle (DTD),24.0,9-Jun,224.0,Oregon,USA,2017,2,38,68.0,3.3,2.7,1.1,-5.3,6.80%,15.40%,13.30%,53.10%,13.40%,C,14.2
111,1/20/2018,2018,Grizzlies,Andrew Harrison,left shoulder injury (DTD),24.0,6-Jun,213.0,Kentucky,USA,2015,2,44,17.0,3.2,1.2,1.4,-5.5,3.20%,7.40%,17.10%,44.30%,19.40%,PG,23.7
112,3/2/2018,2018,Grizzlies,Andrew Harrison,right wrist injury (DTD),24.0,6-Jun,213.0,Kentucky,USA,2015,2,44,17.0,3.2,1.2,1.4,-5.5,3.20%,7.40%,17.10%,44.30%,19.40%,PG,23.7
113,3/22/2018,2018,Grizzlies,Andrew Harrison,right wrist injury (DTD),24.0,6-Jun,213.0,Kentucky,USA,2015,2,44,17.0,3.2,1.2,1.4,-5.5,3.20%,7.40%,17.10%,44.30%,19.40%,PG,23.7
114,3/28/2018,2018,Grizzlies,Andrew Harrison,right wrist injury (out for season),24.0,6-Jun,213.0,Kentucky,USA,2015,2,44,17.0,3.2,1.2,1.4,-5.5,3.20%,7.40%,17.10%,44.30%,19.40%,PG,23.7
115,1/20/2018,2018,Heat,Goran Dragic,bruised left knee (DTD),33.0,3-Jun,190.0,None,Slovenia,2008,2,45,36.0,13.7,3.1,4.8,1.3,1.90%,8.70%,22.40%,51.70%,25.90%,PG,31.7
116,12/18/2017,2017,Heat,Goran Dragic,sore left elbow (DTD),33.0,3-Jun,190.0,None,Slovenia,2008,2,45,36.0,13.7,3.1,4.8,1.3,1.90%,8.70%,22.40%,51.70%,25.90%,PG,31.7
117,1/20/2018,2018,Jazz,Rodney Hood,bruised lower leg (DTD),26.0,8-Jun,206.0,Duke,USA,2014,1,23,72.0,11.2,2.2,1.8,-7.4,1.20%,7.10%,17.80%,54.50%,10.10%,SG,26.9
118,3/10/2018,2018,Cavaliers,Rodney Hood,strained lower back (DTD),26.0,8-Jun,206.0,Duke,USA,2014,1,23,72.0,11.2,2.2,1.8,-7.4,1.20%,7.10%,17.80%,54.50%,10.10%,SG,26.9
119,3/17/2018,2018,Cavaliers,Rodney Hood,strained lower back (DTD),26.0,8-Jun,206.0,Duke,USA,2014,1,23,72.0,11.2,2.2,1.8,-7.4,1.20%,7.10%,17.80%,54.50%,10.10%,SG,26.9
120,11/28/2017,2017,Jazz,Rodney Hood,sore left ankle (DTD),26.0,8-Jun,206.0,Duke,USA,2014,1,23,72.0,11.2,2.2,1.8,-7.4,1.20%,7.10%,17.80%,54.50%,10.10%,SG,26.9
121,12/7/2017,2017,Jazz,Rodney Hood,sore left ankle (DTD),26.0,8-Jun,206.0,Duke,USA,2014,1,23,72.0,11.2,2.2,1.8,-7.4,1.20%,7.10%,17.80%,54.50%,10.10%,SG,26.9
122,1/20/2018,2018,Timberwolves,Jamal Crawford,sprained left big toe (DTD),39.0,5-Jun,185.0,Michigan,USA,2000,1,8,64.0,7.9,1.3,3.6,-15.1,0.60%,6.10%,19.80%,52.20%,28.30%,SG,20.7
123,1/20/2018,2018,Timberwolves,Jimmy Butler,sore right knee (DTD),29.0,8-Jun,232.0,Marquette,USA,2011,1,30,65.0,18.7,5.3,4.0,3.6,5.40%,9.40%,21.80%,57.10%,17.90%,SG,36.7
124,2/25/2018,2018,Timberwolves,Jimmy Butler,surgery on right knee to repair meniscus injury,29.0,8-Jun,232.0,Marquette,USA,2011,1,30,65.0,18.7,5.3,4.0,3.6,5.40%,9.40%,21.80%,57.10%,17.90%,SG,36.7
125,10/24/2017,2017,Timberwolves,Jimmy Butler,upper respiratory illness (DTD),29.0,8-Jun,232.0,Marquette,USA,2011,1,30,65.0,18.7,5.3,4.0,3.6,5.40%,9.40%,21.80%,57.10%,17.90%,SG,36.7
126,1/20/2018,2018,Rockets,Troy Williams,illness (DTD),24.0,7-Jun,218.0,Indiana,USA,Undrafted,Undrafted,Undrafted,21.0,5.3,2.8,0.5,-9.5,3.40%,14.40%,14.40%,53.10%,5.10%,SF,14.6
127,4/2/2018,2018,Knicks,Troy Williams,fractured jaw (out for season),24.0,7-Jun,218.0,Indiana,USA,Undrafted,Undrafted,Undrafted,21.0,5.3,2.8,0.5,-9.5,3.40%,14.40%,14.40%,53.10%,5.10%,SF,14.6
128,12/2/2017,2017,Rockets,Troy Williams,sprained MCL in right knee (DTD),24.0,7-Jun,218.0,Indiana,USA,Undrafted,Undrafted,Undrafted,21.0,5.3,2.8,0.5,-9.5,3.40%,14.40%,14.40%,53.10%,5.10%,SF,14.6
129,1/21/2018,2018,Grizzlies,JaMychal Green,right ankle injury (DTD),29.0,9-Jun,227.0,Alabama,USA,Undrafted,Undrafted,Undrafted,65.0,9.4,6.3,0.8,-5.8,7.10%,21.80%,18.50%,58.70%,5.80%,PF,28.0
130,3/2/2018,2018,Grizzlies,JaMychal Green,illness (DTD),29.0,9-Jun,227.0,Alabama,USA,Undrafted,Undrafted,Undrafted,65.0,9.4,6.3,0.8,-5.8,7.10%,21.80%,18.50%,58.70%,5.80%,PF,28.0
131,4/1/2018,2018,Grizzlies,JaMychal Green,sore left knee (out for season),29.0,9-Jun,227.0,Alabama,USA,Undrafted,Undrafted,Undrafted,65.0,9.4,6.3,0.8,-5.8,7.10%,21.80%,18.50%,58.70%,5.80%,PF,28.0
132,10/19/2017,2017,Grizzlies,JaMychal Green,sprained left ankle (DTD),29.0,9-Jun,227.0,Alabama,USA,Undrafted,Undrafted,Undrafted,65.0,9.4,6.3,0.8,-5.8,7.10%,21.80%,18.50%,58.70%,5.80%,PF,28.0
133,1/22/2018,2018,Clippers,Jawun Evans,sore lower abdominal (DTD),22.0,Jun-00,190.0,Oklahoma State,USA,2017,2,39,8.0,0.8,1.5,1.3,-38.0,1.50%,17.20%,14.20%,21.40%,23.80%,PG,16.2
134,1/24/2018,2018,Clippers,Jawun Evans,sore lower abdominal (DTD),22.0,Jun-00,190.0,Oklahoma State,USA,2017,2,39,8.0,0.8,1.5,1.3,-38.0,1.50%,17.20%,14.20%,21.40%,23.80%,PG,16.2
135,3/30/2018,2018,Clippers,Jawun Evans,abdominal injury / sports hernia / athletic pubalgia (out for season),22.0,Jun-00,190.0,Oklahoma State,USA,2017,2,39,8.0,0.8,1.5,1.3,-38.0,1.50%,17.20%,14.20%,21.40%,23.80%,PG,16.2
136,1/22/2018,2018,Hornets,Michael Kidd-Gilchrist,right axillary abscess (DTD),25.0,7-Jun,232.0,Kentucky,USA,2012,1,2,64.0,6.7,3.8,1.0,-0.9,6.90%,12.90%,15.30%,55.30%,7.70%,SF,25.0
137,2/28/2018,2018,Hornets,Michael Kidd-Gilchrist,sore left hamstring (DTD),25.0,7-Jun,232.0,Kentucky,USA,2012,1,2,64.0,6.7,3.8,1.0,-0.9,6.90%,12.90%,15.30%,55.30%,7.70%,SF,25.0
138,1/22/2018,2018,Spurs,Pau Gasol,sprained right wrist (DTD),38.0,Jul-00,250.0,None,Spain,2001,1,3,30.0,3.9,4.6,1.7,-6.2,5.80%,30.40%,15.10%,52.90%,20.90%,C,23.5
139,3/7/2018,2018,Spurs,Pau Gasol,sprained right shoulder (DTD),38.0,Jul-00,250.0,None,Spain,2001,1,3,30.0,3.9,4.6,1.7,-6.2,5.80%,30.40%,15.10%,52.90%,20.90%,C,23.5
140,3/8/2018,2018,Spurs,Pau Gasol,sprained ACL in right knee (DTD),38.0,Jul-00,250.0,None,Spain,2001,1,3,30.0,3.9,4.6,1.7,-6.2,5.80%,30.40%,15.10%,52.90%,20.90%,C,23.5
141,1/24/2018,2018,Celtics,Marcus Smart,right hand injury (DTD),25.0,4-Jun,220.0,Oklahoma State,USA,2014,1,6,80.0,8.9,2.9,4.0,3.8,2.50%,7.70%,14.40%,56.80%,19.00%,SG,29.9
142,3/12/2018,2018,Celtics,Marcus Smart,sprained right thumb (out indefinitely),25.0,4-Jun,220.0,Oklahoma State,USA,2014,1,6,80.0,8.9,2.9,4.0,3.8,2.50%,7.70%,14.40%,56.80%,19.00%,SG,29.9
143,3/16/2018,2018,Celtics,Marcus Smart,surgery on right thumb (out indefinitely),25.0,4-Jun,220.0,Oklahoma State,USA,2014,1,6,80.0,8.9,2.9,4.0,3.8,2.50%,7.70%,14.40%,56.80%,19.00%,SG,29.9
144,1/24/2018,2018,Grizzlies,Jarell Martin,left knee injury (DTD),25.0,10-Jun,239.0,Louisiana State,USA,2015,1,25,42.0,2.7,1.7,0.4,4.4,3.10%,18.50%,15.30%,52.80%,7.80%,PF,22.8
145,3/5/2018,2018,Grizzlies,Jarell Martin,right knee injury (DTD),25.0,10-Jun,239.0,Louisiana State,USA,2015,1,25,42.0,2.7,1.7,0.4,4.4,3.10%,18.50%,15.30%,52.80%,7.80%,PF,22.8
146,4/5/2018,2018,Grizzlies,Jarell Martin,left ankle injury (out for season),25.0,10-Jun,239.0,Louisiana State,USA,2015,1,25,42.0,2.7,1.7,0.4,4.4,3.10%,18.50%,15.30%,52.80%,7.80%,PF,22.8
147,1/24/2018,2018,Pistons,Reggie Bullock,thumb injury (DTD),28.0,7-Jun,205.0,North Carolina,USA,2013,1,25,63.0,11.3,2.7,2.0,-1.3,1.10%,8.20%,15.40%,56.30%,9.60%,SF,27.9
148,3/13/2018,2018,Pistons,Reggie Bullock,back injury (DTD),28.0,7-Jun,205.0,North Carolina,USA,2013,1,25,63.0,11.3,2.7,2.0,-1.3,1.10%,8.20%,15.40%,56.30%,9.60%,SF,27.9
149,1/24/2018,2018,Suns,Alex Len,sore right ankle (DTD),26.0,1-Jul,250.0,Maryland,Ukraine,2013,1,5,77.0,11.1,5.5,1.1,-4.4,9.00%,15.90%,21.40%,57.50%,8.60%,C,20.2
150,3/28/2018,2018,Suns,Alex Len,sprained left ankle (DTD),26.0,1-Jul,250.0,Maryland,Ukraine,2013,1,5,77.0,11.1,5.5,1.1,-4.4,9.00%,15.90%,21.40%,57.50%,8.60%,C,20.2
151,12/2/2017,2017,Suns,Alex Len,ankle injury (DTD),26.0,1-Jul,250.0,Maryland,Ukraine,2013,1,5,77.0,11.1,5.5,1.1,-4.4,9.00%,15.90%,21.40%,57.50%,8.60%,C,20.2
152,1/25/2018,2018,Warriors,Patrick McCaw,strained back (DTD),23.0,7-Jun,185.0,UNLV,USA,2016,2,38,29.0,2.6,1.7,1.0,-6.4,1.70%,10.50%,9.30%,53.20%,9.90%,SG,16.9
153,12/5/2017,2017,Warriors,Patrick McCaw,bruised nose (DTD),23.0,7-Jun,185.0,UNLV,USA,2016,2,38,29.0,2.6,1.7,1.0,-6.4,1.70%,10.50%,9.30%,53.20%,9.90%,SG,16.9
154,12/6/2017,2017,Warriors,Patrick McCaw,concussion (DTD),23.0,7-Jun,185.0,UNLV,USA,2016,2,38,29.0,2.6,1.7,1.0,-6.4,1.70%,10.50%,9.30%,53.20%,9.90%,SG,16.9
155,1/26/2018,2018,Grizzlies,Ben McLemore,sore right knee (DTD),26.0,5-Jun,201.0,Kansas,USA,2013,1,7,19.0,3.9,0.9,0.2,-3.5,1.80%,8.90%,18.50%,54.10%,3.50%,SG,19.5
156,8/8/2017,2017,Grizzlies,Ben McLemore,surgery on right foot to repair fracture (out indefinitely),26.0,5-Jun,201.0,Kansas,USA,2013,1,7,19.0,3.9,0.9,0.2,-3.5,1.80%,8.90%,18.50%,54.10%,3.50%,SG,19.5
157,1/26/2018,2018,Kings,Willie Cauley-Stein,bruised right knee (DTD),25.0,Jul-00,240.0,Kentucky,USA,2015,1,6,81.0,11.9,8.4,2.4,1.2,7.40%,21.30%,17.30%,56.60%,12.10%,C,28.0
158,12/2/2017,2017,Kings,Willie Cauley-Stein,sore back (DTD),25.0,Jul-00,240.0,Kentucky,USA,2015,1,6,81.0,11.9,8.4,2.4,1.2,7.40%,21.30%,17.30%,56.60%,12.10%,C,28.0
159,12/5/2017,2017,Kings,Willie Cauley-Stein,strained lower back (DTD),25.0,Jul-00,240.0,Kentucky,USA,2015,1,6,81.0,11.9,8.4,2.4,1.2,7.40%,21.30%,17.30%,56.60%,12.10%,C,28.0
160,1/26/2018,2018,Pelicans,DeMarcus Cousins,torn left Achilles tendon (out for season),28.0,11-Jun,270.0,Kentucky,USA,2010,1,5,30.0,16.3,8.2,3.6,4.5,5.90%,23.20%,28.10%,56.20%,20.60%,C,36.2
161,1/27/2018,2018,Pelicans,DeMarcus Cousins,surgery to repair torn left Achilles tendon (out for season),28.0,11-Jun,270.0,Kentucky,USA,2010,1,5,30.0,16.3,8.2,3.6,4.5,5.90%,23.20%,28.10%,56.20%,20.60%,C,36.2
162,1/31/2018,2018,Pelicans,DeMarcus Cousins,surgery to repair torn left Achilles tendon (out for season),28.0,11-Jun,270.0,Kentucky,USA,2010,1,5,30.0,16.3,8.2,3.6,4.5,5.90%,23.20%,28.10%,56.20%,20.60%,C,36.2
163,1/26/2018,2018,Suns,Tyson Chandler,illness (DTD),36.0,1-Jul,240.0,None,USA,2001,1,2,55.0,3.1,5.6,0.7,-1.9,9.40%,21.30%,8.40%,63.00%,5.70%,C,25.0
164,2/14/2018,2018,Suns,Tyson Chandler,neck spasms (DTD),36.0,1-Jul,240.0,None,USA,2001,1,2,55.0,3.1,5.6,0.7,-1.9,9.40%,21.30%,8.40%,63.00%,5.70%,C,25.0
165,3/17/2018,2018,Suns,Tyson Chandler,neck injury (out for season),36.0,1-Jul,240.0,None,USA,2001,1,2,55.0,3.1,5.6,0.7,-1.9,9.40%,21.30%,8.40%,63.00%,5.70%,C,25.0
166,11/8/2017,2017,Suns,Tyson Chandler,back spasms (DTD),36.0,1-Jul,240.0,None,USA,2001,1,2,55.0,3.1,5.6,0.7,-1.9,9.40%,21.30%,8.40%,63.00%,5.70%,C,25.0
167,1/26/2018,2018,Celtics,Guerschon Yabusele,ankle injury (DTD),23.0,8-Jun,260.0,None,France,2016,1,16,41.0,2.3,1.3,0.4,-3.6,8.40%,10.40%,16.80%,54.20%,8.80%,PF,7.1
168,1/26/2018,2018,Grizzlies,Tyreke Evans,illness (DTD),29.0,6-Jun,220.0,Memphis,USA,2009,1,4,69.0,10.2,2.9,2.4,1.9,2.30%,11.40%,25.50%,48.30%,17.60%,PG,30.9
169,1/31/2018,2018,Grizzlies,Tyreke Evans,DNP,29.0,6-Jun,220.0,Memphis,USA,2009,1,4,69.0,10.2,2.9,2.4,1.9,2.30%,11.40%,25.50%,48.30%,17.60%,PG,30.9
170,2/1/2018,2018,Grizzlies,Tyreke Evans,illness (DTD),29.0,6-Jun,220.0,Memphis,USA,2009,1,4,69.0,10.2,2.9,2.4,1.9,2.30%,11.40%,25.50%,48.30%,17.60%,PG,30.9
171,12/13/2017,2017,Grizzlies,Tyreke Evans,sore right hip (DTD),29.0,6-Jun,220.0,Memphis,USA,2009,1,4,69.0,10.2,2.9,2.4,1.9,2.30%,11.40%,25.50%,48.30%,17.60%,PG,30.9
172,1/27/2018,2018,Hornets,Michael Carter-Williams,strained left shoulder (DTD),27.0,6-Jun,190.0,Syracuse,USA,2013,1,11,28.0,4.8,2.5,2.5,0.2,4.30%,14.30%,17.60%,45.80%,26.20%,PG,16.1
173,3/5/2018,2018,Hornets,Michael Carter-Williams,sprained left shoulder (out for season),27.0,6-Jun,190.0,Syracuse,USA,2013,1,11,28.0,4.8,2.5,2.5,0.2,4.30%,14.30%,17.60%,45.80%,26.20%,PG,16.1
174,3/9/2018,2018,Hornets,Michael Carter-Williams,surgery on left shoulder to repair posterior tear in labrum (out for season),27.0,6-Jun,190.0,Syracuse,USA,2013,1,11,28.0,4.8,2.5,2.5,0.2,4.30%,14.30%,17.60%,45.80%,26.20%,PG,16.1
175,10/11/2017,2017,Hornets,Michael Carter-Williams,sore knees (DTD),27.0,6-Jun,190.0,Syracuse,USA,2013,1,11,28.0,4.8,2.5,2.5,0.2,4.30%,14.30%,17.60%,45.80%,26.20%,PG,16.1
176,10/20/2017,2017,Hornets,Michael Carter-Williams,sore knee (DTD),27.0,6-Jun,190.0,Syracuse,USA,2013,1,11,28.0,4.8,2.5,2.5,0.2,4.30%,14.30%,17.60%,45.80%,26.20%,PG,16.1
177,1/27/2018,2018,Nets,Caris LeVert,sore left groin (DTD),24.0,7-Jun,204.0,Michigan,USA,2016,1,20,40.0,13.7,3.8,3.9,-0.2,3.00%,10.00%,23.50%,50.90%,23.10%,SF,26.3
178,1/27/2018,2018,Nuggets,Tyler Lydon,arthroscopic surgery on left knee (out for season),23.0,10-Jun,225.0,Syracuse,USA,2017,1,24,25.0,0.9,0.7,0.2,-8.3,6.20%,13.30%,9.70%,59.50%,8.70%,PF,2.0
179,1/28/2018,2018,Kings,Garrett Temple,sprained right ankle (DTD),33.0,6-Jun,195.0,Louisiana State,USA,Undrafted,Undrafted,Undrafted,75.0,7.8,2.9,1.4,-1.6,1.40%,9.20%,13.10%,54.30%,7.50%,SG,24.8
180,2/26/2018,2018,Kings,Garrett Temple,back injury (DTD),33.0,6-Jun,195.0,Louisiana State,USA,Undrafted,Undrafted,Undrafted,75.0,7.8,2.9,1.4,-1.6,1.40%,9.20%,13.10%,54.30%,7.50%,SG,24.8
181,3/21/2018,2018,Kings,Garrett Temple,sprained left ankle (out for season),33.0,6-Jun,195.0,Louisiana State,USA,Undrafted,Undrafted,Undrafted,75.0,7.8,2.9,1.4,-1.6,1.40%,9.20%,13.10%,54.30%,7.50%,SG,24.8
182,1/28/2018,2018,Kings,Malachi Richardson,sprained left ankle (DTD),23.0,6-Jun,205.0,Syracuse,USA,2016,1,22,22.0,1.4,0.6,0.0,-4.6,1.60%,8.70%,14.20%,48.10%,0.00%,SG,12.5
183,1/28/2018,2018,Pistons,Avery Bradley,sore right groin/hamstring (DTD),28.0,2-Jun,180.0,Texas,USA,2010,1,19,63.0,9.9,2.8,2.4,-1.5,2.20%,6.50%,16.00%,49.60%,11.40%,SG,31.2
184,3/13/2018,2018,Clippers,Avery Bradley,surgery to repair athletic pubalgia / sports hernia (out for season),28.0,2-Jun,180.0,Texas,USA,2010,1,19,63.0,9.9,2.8,2.4,-1.5,2.20%,6.50%,16.00%,49.60%,11.40%,SG,31.2
185,12/15/2017,2017,Pistons,Avery Bradley,strained right adductor (DTD),28.0,2-Jun,180.0,Texas,USA,2010,1,19,63.0,9.9,2.8,2.4,-1.5,2.20%,6.50%,16.00%,49.60%,11.40%,SG,31.2
186,12/17/2017,2017,Pistons,Avery Bradley,strained right adductor (DTD),28.0,2-Jun,180.0,Texas,USA,2010,1,19,63.0,9.9,2.8,2.4,-1.5,2.20%,6.50%,16.00%,49.60%,11.40%,SG,31.2
187,12/22/2017,2017,Pistons,Avery Bradley,sore right groin (DTD),28.0,2-Jun,180.0,Texas,USA,2010,1,19,63.0,9.9,2.8,2.4,-1.5,2.20%,6.50%,16.00%,49.60%,11.40%,SG,31.2
188,1/29/2018,2018,Rockets,Trevor Ariza,strained left hamstring (DTD),33.0,8-Jun,215.0,California-Los Angeles,USA,2004,2,43,69.0,12.5,5.4,3.7,-6.8,2.10%,13.90%,16.40%,53.40%,14.90%,SF,33.9
189,10/24/2017,2017,Rockets,Trevor Ariza,sprained left foot (DTD),33.0,8-Jun,215.0,California-Los Angeles,USA,2004,2,43,69.0,12.5,5.4,3.7,-6.8,2.10%,13.90%,16.40%,53.40%,14.90%,SF,33.9
190,1/30/2018,2018,Cavaliers,Kevin Love,fractured left hand (out indefinitely),30.0,10-Jun,251.0,California-Los Angeles,USA,2008,1,5,22.0,17.0,10.9,2.2,-4.2,5.10%,34.40%,25.90%,56.10%,12.50%,C,28.0
191,3/28/2018,2018,Cavaliers,Kevin Love,concussion (out indefinitely),30.0,10-Jun,251.0,California-Los Angeles,USA,2008,1,5,22.0,17.0,10.9,2.2,-4.2,5.10%,34.40%,25.90%,56.10%,12.50%,C,28.0
192,5/26/2018,2018,Cavaliers,Kevin Love,concussion (DTD),30.0,10-Jun,251.0,California-Los Angeles,USA,2008,1,5,22.0,17.0,10.9,2.2,-4.2,5.10%,34.40%,25.90%,56.10%,12.50%,C,28.0
193,12/9/2017,2017,Cavaliers,Kevin Love,sore left hip (DTD),30.0,10-Jun,251.0,California-Los Angeles,USA,2008,1,5,22.0,17.0,10.9,2.2,-4.2,5.10%,34.40%,25.90%,56.10%,12.50%,C,28.0
194,1/30/2018,2018,Hornets,Marvin Williams,sprained left ankle (DTD),33.0,9-Jun,237.0,North Carolina,USA,2005,1,2,75.0,10.1,5.4,1.2,-0.4,3.30%,15.20%,14.70%,54.80%,6.10%,PF,25.7
195,1/30/2018,2018,Magic,Aaron Gordon,strained left hip flexor (DTD),23.0,9-Jun,220.0,Arizona,USA,2014,1,4,78.0,16.0,7.4,3.7,1.5,4.70%,16.50%,21.30%,53.80%,16.60%,PF,32.9
196,3/9/2018,2018,Magic,Aaron Gordon,concussion (DTD),23.0,9-Jun,220.0,Arizona,USA,2014,1,4,78.0,16.0,7.4,3.7,1.5,4.70%,16.50%,21.30%,53.80%,16.60%,PF,32.9
197,4/6/2018,2018,Magic,Aaron Gordon,sore right calf (DTD),23.0,9-Jun,220.0,Arizona,USA,2014,1,4,78.0,16.0,7.4,3.7,1.5,4.70%,16.50%,21.30%,53.80%,16.60%,PF,32.9
198,12/9/2017,2017,Magic,Aaron Gordon,concussion (DTD),23.0,9-Jun,220.0,Arizona,USA,2014,1,4,78.0,16.0,7.4,3.7,1.5,4.70%,16.50%,21.30%,53.80%,16.60%,PF,32.9
199,12/16/2017,2017,Magic,Aaron Gordon,strained right calf (DTD),23.0,9-Jun,220.0,Arizona,USA,2014,1,4,78.0,16.0,7.4,3.7,1.5,4.70%,16.50%,21.30%,53.80%,16.60%,PF,32.9
200,1/30/2018,2018,Rockets,Chris Paul,sore right groin (DTD),34.0,Jun-00,175.0,Wake Forest,USA,2005,1,4,58.0,15.6,4.6,8.2,8.3,1.90%,12.30%,22.00%,56.00%,38.20%,PG,31.8
201,3/22/2018,2018,Rockets,Chris Paul,sore left hamstring (DTD),34.0,Jun-00,175.0,Wake Forest,USA,2005,1,4,58.0,15.6,4.6,8.2,8.3,1.90%,12.30%,22.00%,56.00%,38.20%,PG,31.8
202,3/30/2018,2018,Rockets,Chris Paul,sore left hip / rest (DTD),34.0,Jun-00,175.0,Wake Forest,USA,2005,1,4,58.0,15.6,4.6,8.2,8.3,1.90%,12.30%,22.00%,56.00%,38.20%,PG,31.8
203,4/1/2018,2018,Rockets,Chris Paul,sore left leg (DTD),34.0,Jun-00,175.0,Wake Forest,USA,2005,1,4,58.0,15.6,4.6,8.2,8.3,1.90%,12.30%,22.00%,56.00%,38.20%,PG,31.8
204,5/25/2018,2018,Rockets,Chris Paul,strained right hamstring (out for season),34.0,Jun-00,175.0,Wake Forest,USA,2005,1,4,58.0,15.6,4.6,8.2,8.3,1.90%,12.30%,22.00%,56.00%,38.20%,PG,31.8
205,10/18/2017,2017,Rockets,Chris Paul,bruised left knee (DTD),34.0,Jun-00,175.0,Wake Forest,USA,2005,1,4,58.0,15.6,4.6,8.2,8.3,1.90%,12.30%,22.00%,56.00%,38.20%,PG,31.8
206,12/21/2017,2017,Rockets,Chris Paul,strained left adductor (DTD),34.0,Jun-00,175.0,Wake Forest,USA,2005,1,4,58.0,15.6,4.6,8.2,8.3,1.90%,12.30%,22.00%,56.00%,38.20%,PG,31.8
207,1/31/2018,2018,Grizzlies,Deyonta Davis,sore knees (DTD),22.0,11-Jun,237.0,Michigan State,USA,2016,2,31,9.0,4.0,4.0,0.6,-9.8,6.30%,19.30%,9.90%,68.20%,6.30%,C,15.2
208,2/6/2018,2018,Grizzlies,Deyonta Davis,sore knees (DTD),22.0,11-Jun,237.0,Michigan State,USA,2016,2,31,9.0,4.0,4.0,0.6,-9.8,6.30%,19.30%,9.90%,68.20%,6.30%,C,15.2
209,2/27/2018,2018,Grizzlies,Deyonta Davis,left ankle injury (DTD),22.0,11-Jun,237.0,Michigan State,USA,2016,2,31,9.0,4.0,4.0,0.6,-9.8,6.30%,19.30%,9.90%,68.20%,6.30%,C,15.2
210,2/2/2018,2018,Celtics,Marcus Morris,bruised left hip (DTD),29.0,9-Jun,235.0,Kansas,USA,2011,1,14,75.0,13.9,6.1,1.5,1.4,3.50%,17.60%,20.30%,56.80%,7.30%,PF,26.8
211,3/28/2018,2018,Celtics,Marcus Morris,sprained right ankle (DTD),29.0,9-Jun,235.0,Kansas,USA,2011,1,14,75.0,13.9,6.1,1.5,1.4,3.50%,17.60%,20.30%,56.80%,7.30%,PF,26.8
212,12/6/2017,2017,Celtics,Marcus Morris,left knee injury (DTD),29.0,9-Jun,235.0,Kansas,USA,2011,1,14,75.0,13.9,6.1,1.5,1.4,3.50%,17.60%,20.30%,56.80%,7.30%,PF,26.8
213,12/10/2017,2017,Celtics,Marcus Morris,rehab of left knee (DTD),29.0,9-Jun,235.0,Kansas,USA,2011,1,14,75.0,13.9,6.1,1.5,1.4,3.50%,17.60%,20.30%,56.80%,7.30%,PF,26.8
214,12/26/2017,2017,Celtics,Marcus Morris,left knee injury (DTD),29.0,9-Jun,235.0,Kansas,USA,2011,1,14,75.0,13.9,6.1,1.5,1.4,3.50%,17.60%,20.30%,56.80%,7.30%,PF,26.8
215,2/2/2018,2018,Bucks,Malcolm Brogdon,partially torn quadriceps tendon in left leg (out indefinitely),26.0,5-Jun,229.0,Virginia,USA,2016,2,36,64.0,15.6,4.5,3.2,10.7,3.50%,10.70%,20.20%,61.40%,15.70%,PG,29.9
216,10/23/2017,2017,Bucks,Malcolm Brogdon,sprained left ankle (DTD),26.0,5-Jun,229.0,Virginia,USA,2016,2,36,64.0,15.6,4.5,3.2,10.7,3.50%,10.70%,20.20%,61.40%,15.70%,PG,29.9
217,2/3/2018,2018,Heat,Hassan Whiteside,illness (DTD),30.0,Jul-00,265.0,Marshall,USA,2010,2,33,72.0,12.3,11.3,0.8,0.8,13.90%,30.50%,21.50%,56.40%,5.40%,C,25.3
218,10/20/2017,2017,Heat,Hassan Whiteside,bruised left knee (DTD),30.0,Jul-00,265.0,Marshall,USA,2010,2,33,72.0,12.3,11.3,0.8,0.8,13.90%,30.50%,21.50%,56.40%,5.40%,C,25.3
219,11/29/2017,2017,Heat,Hassan Whiteside,bone bruise in left knee (DTD),30.0,Jul-00,265.0,Marshall,USA,2010,2,33,72.0,12.3,11.3,0.8,0.8,13.90%,30.50%,21.50%,56.40%,5.40%,C,25.3
220,2/3/2018,2018,Jazz,Donovan Mitchell,flu (DTD),22.0,3-Jun,215.0,Louisville,USA,2017,1,13,77.0,23.8,4.1,4.2,6.8,2.20%,9.30%,30.90%,53.70%,20.90%,SG,33.4
221,12/20/2017,2017,Jazz,Donovan Mitchell,bruised right big toe (DTD),22.0,3-Jun,215.0,Louisville,USA,2017,1,13,77.0,23.8,4.1,4.2,6.8,2.20%,9.30%,30.90%,53.70%,20.90%,SG,33.4
222,2/3/2018,2018,Wizards,Mike Scott,illness (DTD),30.0,8-Jun,237.0,Virginia,USA,2012,2,43,79.0,5.8,3.5,0.8,1.8,2.90%,14.70%,13.90%,52.80%,6.40%,PF,18.5
223,2/4/2018,2018,Hawks,DeAndre' Bembry,strained left adductor (DTD),24.0,6-Jun,210.0,Saint Joseph's,USA,2016,1,21,82.0,8.4,4.4,2.5,-5.0,2.60%,14.80%,16.80%,50.80%,15.00%,SF,17.5
224,2/8/2018,2018,Hawks,DeAndre' Bembry,strained left adductor (DTD),24.0,6-Jun,210.0,Saint Joseph's,USA,2016,1,21,82.0,8.4,4.4,2.5,-5.0,2.60%,14.80%,16.80%,50.80%,15.00%,SF,17.5
225,2/9/2018,2018,Hawks,DeAndre' Bembry,strained left adductor (DTD),24.0,6-Jun,210.0,Saint Joseph's,USA,2016,1,21,82.0,8.4,4.4,2.5,-5.0,2.60%,14.80%,16.80%,50.80%,15.00%,SF,17.5
226,2/26/2018,2018,Hawks,DeAndre' Bembry,strained abdominal (DTD),24.0,6-Jun,210.0,Saint Joseph's,USA,2016,1,21,82.0,8.4,4.4,2.5,-5.0,2.60%,14.80%,16.80%,50.80%,15.00%,SF,17.5
227,4/12/2018,2018,Hawks,DeAndre' Bembry,fractured right wrist (out for season),24.0,6-Jun,210.0,Saint Joseph's,USA,2016,1,21,82.0,8.4,4.4,2.5,-5.0,2.60%,14.80%,16.80%,50.80%,15.00%,SF,17.5
228,9/13/2017,2017,Hawks,DeAndre' Bembry,strained right triceps (out indefinitely),24.0,6-Jun,210.0,Saint Joseph's,USA,2016,1,21,82.0,8.4,4.4,2.5,-5.0,2.60%,14.80%,16.80%,50.80%,15.00%,SF,17.5
229,10/24/2017,2017,Hawks,DeAndre' Bembry,surgery on right wrist to repair fracture,24.0,6-Jun,210.0,Saint Joseph's,USA,2016,1,21,82.0,8.4,4.4,2.5,-5.0,2.60%,14.80%,16.80%,50.80%,15.00%,SF,17.5
230,2/4/2018,2018,Hawks,Tyler Cavanaugh,sprained right ankle (DTD),25.0,9-Jun,238.0,George Washington,USA,Undrafted,Undrafted,Undrafted,11.0,0.8,0.7,0.1,-40.7,6.50%,12.80%,11.80%,41.40%,4.30%,PF,13.3
231,2/5/2018,2018,Bucks,Matthew Dellavedova,sprained right ankle (DTD),28.0,4-Jun,200.0,Saint Mary's (CA),Australia,Undrafted,Undrafted,Undrafted,48.0,5.9,1.6,3.8,-3.8,0.70%,8.10%,17.30%,53.20%,32.90%,PG,18.7
232,11/15/2017,2017,Bucks,Matthew Dellavedova,left knee tendinitis (DTD),28.0,4-Jun,200.0,Saint Mary's (CA),Australia,Undrafted,Undrafted,Undrafted,48.0,5.9,1.6,3.8,-3.8,0.70%,8.10%,17.30%,53.20%,32.90%,PG,18.7
233,2/5/2018,2018,Suns,Devin Booker,left hip pointer (DTD),22.0,6-Jun,210.0,Kentucky,USA,2015,1,13,64.0,26.6,4.1,6.8,-6.9,1.70%,9.90%,32.00%,58.40%,32.70%,SG,34.5
234,3/10/2018,2018,Suns,Devin Booker,strained left tricep (DTD),22.0,6-Jun,210.0,Kentucky,USA,2015,1,13,64.0,26.6,4.1,6.8,-6.9,1.70%,9.90%,32.00%,58.40%,32.70%,SG,34.5
235,3/17/2018,2018,Suns,Devin Booker,sprained right hand (out for season),22.0,6-Jun,210.0,Kentucky,USA,2015,1,13,64.0,26.6,4.1,6.8,-6.9,1.70%,9.90%,32.00%,58.40%,32.70%,SG,34.5
236,11/26/2017,2017,Suns,Devin Booker,right big toe injury (DTD),22.0,6-Jun,210.0,Kentucky,USA,2015,1,13,64.0,26.6,4.1,6.8,-6.9,1.70%,9.90%,32.00%,58.40%,32.70%,SG,34.5
237,12/6/2017,2017,Suns,Devin Booker,strained adductor in left groin (out indefinitely),22.0,6-Jun,210.0,Kentucky,USA,2015,1,13,64.0,26.6,4.1,6.8,-6.9,1.70%,9.90%,32.00%,58.40%,32.70%,SG,34.5
238,2/5/2018,2018,Pacers,Darren Collison,arthroscopic surgery on left knee (out indefinitely),31.0,Jun-00,175.0,California-Los Angeles,USA,2009,1,21,76.0,11.2,3.1,6.0,2.2,1.70%,8.90%,17.60%,57.40%,30.20%,PG,29.2
239,12/10/2017,2017,Pacers,Darren Collison,sore left knee (DTD),31.0,Jun-00,175.0,California-Los Angeles,USA,2009,1,21,76.0,11.2,3.1,6.0,2.2,1.70%,8.90%,17.60%,57.40%,30.20%,PG,29.2
240,2/6/2018,2018,Bucks,John Henson,sore right hamstring (DTD),28.0,11-Jun,219.0,North Carolina,USA,2012,1,14,14.0,5.6,5.1,1.0,1.7,7.40%,23.30%,17.30%,55.30%,10.80%,C,25.9
241,2/10/2018,2018,Bucks,John Henson,sore right hamstring (DTD),28.0,11-Jun,219.0,North Carolina,USA,2012,1,14,14.0,5.6,5.1,1.0,1.7,7.40%,23.30%,17.30%,55.30%,10.80%,C,25.9
242,3/30/2018,2018,Bucks,John Henson,right index finger injury (DTD),28.0,11-Jun,219.0,North Carolina,USA,2012,1,14,14.0,5.6,5.1,1.0,1.7,7.40%,23.30%,17.30%,55.30%,10.80%,C,25.9
243,11/21/2017,2017,Bucks,John Henson,eye injury (DTD),28.0,11-Jun,219.0,North Carolina,USA,2012,1,14,14.0,5.6,5.1,1.0,1.7,7.40%,23.30%,17.30%,55.30%,10.80%,C,25.9
244,2/7/2018,2018,Heat,Kelly Olynyk,strained left shoulder (DTD),28.0,Jul-00,240.0,Gonzaga,Canada,2013,1,13,79.0,10.0,4.7,1.8,1.9,3.80%,16.00%,17.50%,61.00%,11.30%,PF,23.4
245,2/7/2018,2018,Heat,Wayne Ellington,strained right shoulder (DTD),31.0,5-Jun,200.0,North Carolina,USA,2009,1,28,53.0,10.3,2.0,1.4,-0.5,1.00%,7.30%,16.70%,56.90%,8.60%,SG,26.5
246,3/1/2018,2018,Heat,Wayne Ellington,bruised left quadricep (DTD),31.0,5-Jun,200.0,North Carolina,USA,2009,1,28,53.0,10.3,2.0,1.4,-0.5,1.00%,7.30%,16.70%,56.90%,8.60%,SG,26.5
247,2/7/2018,2018,Knicks,Ron Baker,surgery on right shoulder to repair dislocation (out for season),26.0,4-Jun,220.0,Wichita State,USA,Undrafted,Undrafted,Undrafted,15.0,0.9,0.7,1.0,-5.2,0.60%,6.90%,7.50%,30.90%,13.90%,SG,13.3
248,11/13/2017,2017,Knicks,Ron Baker,shoulder injury (DTD),26.0,4-Jun,220.0,Wichita State,USA,Undrafted,Undrafted,Undrafted,15.0,0.9,0.7,1.0,-5.2,0.60%,6.90%,7.50%,30.90%,13.90%,SG,13.3
249,2/7/2018,2018,Rockets,Eric Gordon,sore lower back (DTD),30.0,4-Jun,215.0,Indiana,USA,2008,1,7,68.0,16.2,2.2,1.9,8.1,0.70%,5.90%,21.50%,54.90%,9.00%,SG,31.2
250,2/14/2018,2018,Rockets,Eric Gordon,bruised right knee (DTD),30.0,4-Jun,215.0,Indiana,USA,2008,1,7,68.0,16.2,2.2,1.9,8.1,0.70%,5.90%,21.50%,54.90%,9.00%,SG,31.2
251,2/23/2018,2018,Rockets,Eric Gordon,illness (DTD),30.0,4-Jun,215.0,Indiana,USA,2008,1,7,68.0,16.2,2.2,1.9,8.1,0.70%,5.90%,21.50%,54.90%,9.00%,SG,31.2
252,3/30/2018,2018,Rockets,Eric Gordon,sore left / right knee (DTD),30.0,4-Jun,215.0,Indiana,USA,2008,1,7,68.0,16.2,2.2,1.9,8.1,0.70%,5.90%,21.50%,54.90%,9.00%,SG,31.2
253,4/11/2018,2018,Rockets,Eric Gordon,ankle injury / rest (DTD),30.0,4-Jun,215.0,Indiana,USA,2008,1,7,68.0,16.2,2.2,1.9,8.1,0.70%,5.90%,21.50%,54.90%,9.00%,SG,31.2
254,11/22/2017,2017,Rockets,Eric Gordon,tightness in right calf (DTD),30.0,4-Jun,215.0,Indiana,USA,2008,1,7,68.0,16.2,2.2,1.9,8.1,0.70%,5.90%,21.50%,54.90%,9.00%,SG,31.2
255,2/7/2018,2018,Rockets,Ryan Anderson,sprained right ankle (DTD),31.0,10-Jun,240.0,California,USA,2008,1,21,25.0,2.5,2.2,0.8,-12.8,5.50%,11.20%,12.00%,41.40%,8.80%,PF,26.1
256,2/26/2018,2018,Rockets,Ryan Anderson,sore left groin/hip (DTD),31.0,10-Jun,240.0,California,USA,2008,1,21,25.0,2.5,2.2,0.8,-12.8,5.50%,11.20%,12.00%,41.40%,8.80%,PF,26.1
257,4/4/2018,2018,Rockets,Ryan Anderson,sprained left ankle (DTD),31.0,10-Jun,240.0,California,USA,2008,1,21,25.0,2.5,2.2,0.8,-12.8,5.50%,11.20%,12.00%,41.40%,8.80%,PF,26.1
258,2/8/2018,2018,Knicks,Enes Kanter,oral surgery (DTD),27.0,11-Jun,250.0,Kentucky,Turkey,2011,1,3,67.0,13.7,9.8,1.7,-6.2,13.80%,24.50%,21.90%,59.40%,12.00%,C,25.8
259,3/11/2018,2018,Knicks,Enes Kanter,back spasms (DTD),27.0,11-Jun,250.0,Kentucky,Turkey,2011,1,3,67.0,13.7,9.8,1.7,-6.2,13.80%,24.50%,21.90%,59.40%,12.00%,C,25.8
260,2/8/2018,2018,Mavericks,Johnathan Motley,sprained left ankle (DTD),24.0,10-Jun,230.0,Baylor,USA,Undrafted,Undrafted,Undrafted,22.0,4.6,2.3,0.5,-8.9,10.40%,21.30%,26.60%,56.30%,12.90%,PF,16.0
261,2/8/2018,2018,Mavericks,Seth Curry,surgery on left leg to repair stress fracture (out for season),28.0,2-Jun,185.0,Duke,USA,Undrafted,Undrafted,Undrafted,74.0,7.9,1.6,0.9,4.3,1.90%,6.20%,16.40%,59.50%,6.80%,,
262,10/7/2017,2017,Mavericks,Seth Curry,stress reaction in tibia in left leg (out for season),28.0,2-Jun,185.0,Duke,USA,Undrafted,Undrafted,Undrafted,74.0,7.9,1.6,0.9,4.3,1.90%,6.20%,16.40%,59.50%,6.80%,,
263,2/10/2018,2018,Suns,Tyler Ulis,back injury (DTD),23.0,10-May,160.0,Kentucky,USA,2016,2,34,1.0,0.0,0.0,0.0,0.0,0.00%,0.00%,0.00%,0.00%,0.00%,PG,23.4
264,2/10/2018,2018,Wizards,Markieff Morris,illness (DTD),29.0,10-Jun,245.0,Kansas,USA,2011,1,13,58.0,9.4,4.6,1.4,-5.9,4.50%,16.10%,19.10%,52.10%,9.20%,PF,27.0
265,9/22/2017,2017,Wizards,Markieff Morris,surgery to repair sports hernia (out indefinitely),29.0,10-Jun,245.0,Kansas,USA,2011,1,13,58.0,9.4,4.6,1.4,-5.9,4.50%,16.10%,19.10%,52.10%,9.20%,PF,27.0
266,12/13/2017,2017,Wizards,Markieff Morris,sore right hip (DTD),29.0,10-Jun,245.0,Kansas,USA,2011,1,13,58.0,9.4,4.6,1.4,-5.9,4.50%,16.10%,19.10%,52.10%,9.20%,PF,27.0
267,2/11/2018,2018,Mavericks,Salah Mejri,stiff neck (DTD),33.0,2-Jul,235.0,None,Tunisia,Undrafted,Undrafted,Undrafted,36.0,3.9,3.6,1.0,-4.4,8.10%,21.60%,15.30%,55.90%,13.70%,C,12.0
268,3/28/2018,2018,Mavericks,Salah Mejri,bruised right knee (DTD),33.0,2-Jul,235.0,None,Tunisia,Undrafted,Undrafted,Undrafted,36.0,3.9,3.6,1.0,-4.4,8.10%,21.60%,15.30%,55.90%,13.70%,C,12.0
269,4/6/2018,2018,Mavericks,Salah Mejri,rest / knee injury (out for season),33.0,2-Jul,235.0,None,Tunisia,Undrafted,Undrafted,Undrafted,36.0,3.9,3.6,1.0,-4.4,8.10%,21.60%,15.30%,55.90%,13.70%,C,12.0
270,2/11/2018,2018,Wizards,Tim Frazier,fractured nose (DTD),28.0,1-Jun,170.0,None,USA,Undrafted,Undrafted,Undrafted,59.0,5.3,2.8,4.2,-2.7,3.50%,10.60%,13.20%,54.40%,28.60%,PG,14.2
271,2/12/2018,2018,Jazz,Tony Bradley,gastroenteritis (DTD),21.0,10-Jun,248.0,North Carolina,USA,2017,1,28,3.0,5.7,5.0,0.3,-18.9,19.60%,18.80%,20.00%,50.40%,4.20%,C,3.2
272,2/14/2018,2018,76ers,Joel Embiid,sore right ankle (DTD),25.0,Jul-00,250.0,Kansas,Cameroon,2014,1,3,64.0,27.5,13.6,3.7,7.6,7.50%,29.20%,32.70%,59.30%,18.50%,C,30.3
273,3/29/2018,2018,76ers,Joel Embiid,fractured left orbital bone (out indefinitely),25.0,Jul-00,250.0,Kansas,Cameroon,2014,1,3,64.0,27.5,13.6,3.7,7.6,7.50%,29.20%,32.70%,59.30%,18.50%,C,30.3
274,3/31/2018,2018,76ers,Joel Embiid,surgery to repair fractured left orbital bone (out indefinitely),25.0,Jul-00,250.0,Kansas,Cameroon,2014,1,3,64.0,27.5,13.6,3.7,7.6,7.50%,29.20%,32.70%,59.30%,18.50%,C,30.3
275,12/10/2017,2017,76ers,Joel Embiid,back injury (DTD),25.0,Jul-00,250.0,Kansas,Cameroon,2014,1,3,64.0,27.5,13.6,3.7,7.6,7.50%,29.20%,32.70%,59.30%,18.50%,C,30.3
276,12/17/2017,2017,76ers,Joel Embiid,back injury (DTD),25.0,Jul-00,250.0,Kansas,Cameroon,2014,1,3,64.0,27.5,13.6,3.7,7.6,7.50%,29.20%,32.70%,59.30%,18.50%,C,30.3
277,12/30/2017,2017,76ers,Joel Embiid,back injury (DTD),25.0,Jul-00,250.0,Kansas,Cameroon,2014,1,3,64.0,27.5,13.6,3.7,7.6,7.50%,29.20%,32.70%,59.30%,18.50%,C,30.3
278,2/14/2018,2018,Hawks,Dennis Schroder,tightness in lower back (DTD),25.0,1-Jun,172.0,None,Germany,2013,1,17,79.0,15.5,3.6,4.1,3.6,1.50%,10.20%,23.80%,50.80%,20.90%,PG,31.0
279,3/11/2018,2018,Hawks,Dennis Schroder,sprained left elbow (DTD),25.0,1-Jun,172.0,None,Germany,2013,1,17,79.0,15.5,3.6,4.1,3.6,1.50%,10.20%,23.80%,50.80%,20.90%,PG,31.0
280,3/25/2018,2018,Hawks,Dennis Schroder,sprained left ankle (out for season),25.0,1-Jun,172.0,None,Germany,2013,1,17,79.0,15.5,3.6,4.1,3.6,1.50%,10.20%,23.80%,50.80%,20.90%,PG,31.0
281,12/22/2017,2017,Hawks,Dennis Schroder,left ankle injury (DTD),25.0,1-Jun,172.0,None,Germany,2013,1,17,79.0,15.5,3.6,4.1,3.6,1.50%,10.20%,23.80%,50.80%,20.90%,PG,31.0
282,3/12/2018,2018,Hawks,Kent Bazemore,bone bruise in right knee (out for season),29.0,5-Jun,201.0,Old Dominion,USA,Undrafted,Undrafted,Undrafted,67.0,11.6,3.9,2.3,-7.7,2.00%,12.60%,21.50%,50.70%,14.40%,SG,27.5
283,2/14/2018,2018,Nets,Jahlil Okafor,tightness in left calf (DTD),23.0,11-Jun,275.0,Duke,USA,2015,1,3,59.0,8.2,4.7,0.7,-5.5,8.40%,19.60%,19.80%,60.30%,6.40%,C,12.6
284,2/26/2018,2018,Nets,Jahlil Okafor,illness (DTD),23.0,11-Jun,275.0,Duke,USA,2015,1,3,59.0,8.2,4.7,0.7,-5.5,8.40%,19.60%,19.80%,60.30%,6.40%,C,12.6
285,10/18/2017,2017,76ers,Jahlil Okafor,illness (DTD),23.0,11-Jun,275.0,Duke,USA,2015,1,3,59.0,8.2,4.7,0.7,-5.5,8.40%,19.60%,19.80%,60.30%,6.40%,C,12.6
286,2/16/2018,2018,Lakers,Channing Frye,appendectomy (out indefinitely),36.0,Jul-00,255.0,Arizona,USA,2005,1,8,36.0,3.6,1.4,0.6,-22.7,1.00%,15.80%,17.40%,52.40%,10.00%,C,13.1
287,2/17/2018,2018,Lakers,Channing Frye,appendectomy (out indefinitely),36.0,Jul-00,255.0,Arizona,USA,2005,1,8,36.0,3.6,1.4,0.6,-22.7,1.00%,15.80%,17.40%,52.40%,10.00%,C,13.1
288,2/24/2018,2018,Lakers,Channing Frye,recovering from appendectomy (DTD),36.0,Jul-00,255.0,Arizona,USA,2005,1,8,36.0,3.6,1.4,0.6,-22.7,1.00%,15.80%,17.40%,52.40%,10.00%,C,13.1
289,2/22/2018,2018,Grizzlies,Chandler Parsons,illness (DTD),30.0,10-Jun,230.0,Florida,USA,2011,2,38,25.0,7.5,2.8,1.7,-5.4,0.70%,12.60%,19.20%,48.40%,14.30%,SF,19.2
290,3/24/2018,2018,Grizzlies,Chandler Parsons,sore right knee (DTD),30.0,10-Jun,230.0,Florida,USA,2011,2,38,25.0,7.5,2.8,1.7,-5.4,0.70%,12.60%,19.20%,48.40%,14.30%,SF,19.2
291,11/29/2017,2017,Grizzlies,Chandler Parsons,sore right knee (DTD),30.0,10-Jun,230.0,Florida,USA,2011,2,38,25.0,7.5,2.8,1.7,-5.4,0.70%,12.60%,19.20%,48.40%,14.30%,SF,19.2
292,12/29/2017,2017,Grizzlies,Chandler Parsons,sore right knee (DTD),30.0,10-Jun,230.0,Florida,USA,2011,2,38,25.0,7.5,2.8,1.7,-5.4,0.70%,12.60%,19.20%,48.40%,14.30%,SF,19.2
293,2/23/2018,2018,Clippers,Danilo Gallinari,sprained right hand (DTD),30.0,10-Jun,225.0,None,Italy,2008,1,6,68.0,19.8,6.1,2.6,2.3,2.70%,17.10%,23.70%,63.30%,13.40%,SF,32.0
294,3/2/2018,2018,Clippers,Danilo Gallinari,fractured right hand (out indefinitely),30.0,10-Jun,225.0,None,Italy,2008,1,6,68.0,19.8,6.1,2.6,2.3,2.70%,17.10%,23.70%,63.30%,13.40%,SF,32.0
295,4/3/2018,2018,Clippers,Danilo Gallinari,sore right hand (out for season),30.0,10-Jun,225.0,None,Italy,2008,1,6,68.0,19.8,6.1,2.6,2.3,2.70%,17.10%,23.70%,63.30%,13.40%,SF,32.0
296,7/30/2017,2017,Clippers,Danilo Gallinari,fractured bone in right hand (out indefinitely),30.0,10-Jun,225.0,None,Italy,2008,1,6,68.0,19.8,6.1,2.6,2.3,2.70%,17.10%,23.70%,63.30%,13.40%,SF,32.0
297,11/6/2017,2017,Clippers,Danilo Gallinari,strained left gluteus muscle (DTD),30.0,10-Jun,225.0,None,Italy,2008,1,6,68.0,19.8,6.1,2.6,2.3,2.70%,17.10%,23.70%,63.30%,13.40%,SF,32.0
298,2/23/2018,2018,Jazz,Raul Neto,sprained right ankle (DTD),27.0,1-Jun,179.0,None,Brazil,2013,2,47,37.0,5.3,1.7,2.5,17.5,1.40%,10.50%,18.40%,55.80%,25.10%,PG,12.1
299,3/12/2018,2018,Jazz,Raul Neto,fractured left wrist (out indefinitely),27.0,1-Jun,179.0,None,Brazil,2013,2,47,37.0,5.3,1.7,2.5,17.5,1.40%,10.50%,18.40%,55.80%,25.10%,PG,12.1
300,12/5/2017,2017,Jazz,Raul Neto,sore right foot (DTD),27.0,1-Jun,179.0,None,Brazil,2013,2,47,37.0,5.3,1.7,2.5,17.5,1.40%,10.50%,18.40%,55.80%,25.10%,PG,12.1
301,12/11/2017,2017,Jazz,Raul Neto,concussion (DTD),27.0,1-Jun,179.0,None,Brazil,2013,2,47,37.0,5.3,1.7,2.5,17.5,1.40%,10.50%,18.40%,55.80%,25.10%,PG,12.1
302,2/23/2018,2018,Spurs,Danny Green,illness (DTD),32.0,6-Jun,215.0,North Carolina,USA,2009,2,46,80.0,10.3,4.0,1.6,13.4,2.80%,10.70%,13.90%,63.20%,7.30%,SG,25.6
303,12/9/2017,2017,Spurs,Danny Green,tightness in left groin (DTD),32.0,6-Jun,215.0,North Carolina,USA,2009,2,46,80.0,10.3,4.0,1.6,13.4,2.80%,10.70%,13.90%,63.20%,7.30%,SG,25.6
304,12/16/2017,2017,Spurs,Danny Green,tightness in left groin (DTD),32.0,6-Jun,215.0,North Carolina,USA,2009,2,46,80.0,10.3,4.0,1.6,13.4,2.80%,10.70%,13.90%,63.20%,7.30%,SG,25.6
305,12/21/2017,2017,Spurs,Danny Green,tightness in left groin (DTD),32.0,6-Jun,215.0,North Carolina,USA,2009,2,46,80.0,10.3,4.0,1.6,13.4,2.80%,10.70%,13.90%,63.20%,7.30%,SG,25.6
306,2/26/2018,2018,Rockets,Clint Capela,illness (DTD),25.0,10-Jun,240.0,None,Switzerland,2014,1,25,67.0,16.6,12.7,1.4,5.4,13.00%,24.10%,18.00%,65.80%,7.00%,C,27.5
307,3/27/2018,2018,Rockets,Clint Capela,sprained left thumb (DTD),25.0,10-Jun,240.0,None,Switzerland,2014,1,25,67.0,16.6,12.7,1.4,5.4,13.00%,24.10%,18.00%,65.80%,7.00%,C,27.5
308,4/11/2018,2018,Rockets,Clint Capela,hand injury (DTD),25.0,10-Jun,240.0,None,Switzerland,2014,1,25,67.0,16.6,12.7,1.4,5.4,13.00%,24.10%,18.00%,65.80%,7.00%,C,27.5
309,12/16/2017,2017,Rockets,Clint Capela,bruised left heel (DTD),25.0,10-Jun,240.0,None,Switzerland,2014,1,25,67.0,16.6,12.7,1.4,5.4,13.00%,24.10%,18.00%,65.80%,7.00%,C,27.5
310,12/20/2017,2017,Rockets,Clint Capela,bruised left heel (DTD),25.0,10-Jun,240.0,None,Switzerland,2014,1,25,67.0,16.6,12.7,1.4,5.4,13.00%,24.10%,18.00%,65.80%,7.00%,C,27.5
311,12/27/2017,2017,Rockets,Clint Capela,fractured right orbital bone (DTD),25.0,10-Jun,240.0,None,Switzerland,2014,1,25,67.0,16.6,12.7,1.4,5.4,13.00%,24.10%,18.00%,65.80%,7.00%,C,27.5
312,2/28/2018,2018,Bucks,Tony Snell,bruised right thigh (DTD),27.0,7-Jun,213.0,,USA,2013,1,20,74.0,6.0,2.1,0.9,6.6,2.10%,8.60%,12.70%,58.50%,6.90%,SG,27.4
313,12/8/2017,2017,Bucks,Tony Snell,patella tendinitis in left knee (DTD),27.0,7-Jun,213.0,,USA,2013,1,20,74.0,6.0,2.1,0.9,6.6,2.10%,8.60%,12.70%,58.50%,6.90%,SG,27.4
314,2/28/2018,2018,Celtics,Daniel Theis,sore right hamstring (DTD),27.0,8-Jun,243.0,None,Germany,Undrafted,Undrafted,Undrafted,66.0,5.7,3.4,1.0,7.4,8.80%,14.50%,15.00%,62.40%,10.80%,C,14.9
315,3/12/2018,2018,Celtics,Daniel Theis,torn meniscus in left knee (out for season),27.0,8-Jun,243.0,None,Germany,Undrafted,Undrafted,Undrafted,66.0,5.7,3.4,1.0,7.4,8.80%,14.50%,15.00%,62.40%,10.80%,C,14.9
316,2/28/2018,2018,Lakers,Josh Hart,fractured left hand (out indefinitely),24.0,5-Jun,215.0,Villanova,USA,2017,1,30,67.0,7.8,3.7,1.4,0.4,1.90%,10.90%,13.00%,52.60%,7.20%,SG,23.2
317,3/2/2018,2018,Lakers,Josh Hart,surgery on left hand to repair fracture (out indefinitely),24.0,5-Jun,215.0,Villanova,USA,2017,1,30,67.0,7.8,3.7,1.4,0.4,1.90%,10.90%,13.00%,52.60%,7.20%,SG,23.2
318,3/4/2018,2018,Cavaliers,Tristan Thompson,sprained right ankle (DTD),28.0,10-Jun,238.0,Texas,Canada,2011,1,4,43.0,10.9,10.2,2.0,-12.3,13.70%,23.70%,17.50%,55.10%,11.00%,C,20.2
319,11/2/2017,2017,Cavaliers,Tristan Thompson,strained left calf (out indefinitely),28.0,10-Jun,238.0,Texas,Canada,2011,1,4,43.0,10.9,10.2,2.0,-12.3,13.70%,23.70%,17.50%,55.10%,11.00%,C,20.2
320,12/14/2017,2017,Cavaliers,Tristan Thompson,strained left calf (DTD),28.0,10-Jun,238.0,Texas,Canada,2011,1,4,43.0,10.9,10.2,2.0,-12.3,13.70%,23.70%,17.50%,55.10%,11.00%,C,20.2
321,3/8/2018,2018,Magic,Evan Fournier,sprained MCL in left knee (out for season),26.0,7-Jun,205.0,None,France,2012,1,20,81.0,15.1,3.2,3.6,1.7,1.40%,8.60%,21.70%,53.60%,17.00%,SF,32.2
322,12/7/2017,2017,Magic,Evan Fournier,sprained right ankle (DTD),26.0,7-Jun,205.0,None,France,2012,1,20,81.0,15.1,3.2,3.6,1.7,1.40%,8.60%,21.70%,53.60%,17.00%,SF,32.2
323,3/9/2018,2018,Celtics,Jaylen Brown,concussion (out indefinitely),22.0,7-Jun,220.0,California,USA,2016,1,3,74.0,13.0,4.2,1.4,2.3,3.20%,12.20%,21.50%,54.70%,7.90%,SG,30.7
324,4/30/2018,2018,Celtics,Jaylen Brown,strained right hamstring (DTD),22.0,7-Jun,220.0,California,USA,2016,1,3,74.0,13.0,4.2,1.4,2.3,3.20%,12.20%,21.50%,54.70%,7.90%,SG,30.7
325,12/21/2017,2017,Celtics,Jaylen Brown,sore left Achilles (DTD),22.0,7-Jun,220.0,California,USA,2016,1,3,74.0,13.0,4.2,1.4,2.3,3.20%,12.20%,21.50%,54.70%,7.90%,SG,30.7
326,12/27/2017,2017,Celtics,Jaylen Brown,sore right knee (DTD),22.0,7-Jun,220.0,California,USA,2016,1,3,74.0,13.0,4.2,1.4,2.3,3.20%,12.20%,21.50%,54.70%,7.90%,SG,30.7
327,3/9/2018,2018,Thunder,Terrance Ferguson,concussion (out indefinitely),21.0,7-Jun,190.0,None,USA,2017,1,21,74.0,6.9,1.9,1.0,3.9,1.50%,5.50%,10.40%,56.60%,4.60%,SG,12.5
328,3/10/2018,2018,Cavaliers,Cedi Osman,strained left hip (out indefinitely),24.0,8-Jun,215.0,None,Turkey,2015,2,31,76.0,13.0,4.7,2.6,-12.8,1.80%,13.40%,18.20%,53.60%,12.00%,SF,11.0
329,3/11/2018,2018,Mavericks,Wesley Matthews,fractured right fibula (out for season),32.0,5-Jun,220.0,Marquette,USA,Undrafted,Undrafted,Undrafted,69.0,12.2,2.5,2.3,-2.0,1.50%,6.30%,17.50%,54.60%,11.30%,SF,33.8
330,3/12/2018,2018,Hawks,Jaylen Morris,sprained left ankle (out for season),23.0,5-Jun,185.0,Molloy,USA,Undrafted,Undrafted,Undrafted,4.0,2.5,1.3,1.0,22.5,0.00%,14.70%,15.00%,46.00%,17.40%,SG,16.3
331,3/13/2018,2018,Nets,Jarrett Allen,sore left foot (DTD),21.0,11-Jun,237.0,Texas,USA,2017,1,22,80.0,10.9,8.4,1.4,-2.4,8.80%,20.80%,15.80%,63.20%,7.60%,C,20.0
332,10/31/2017,2017,Nets,Jarrett Allen,strained left foot (DTD),21.0,11-Jun,237.0,Texas,USA,2017,1,22,80.0,10.9,8.4,1.4,-2.4,8.80%,20.80%,15.80%,63.20%,7.60%,C,20.0
333,3/13/2018,2018,Warriors,Draymond Green,sore right shoulder (DTD),29.0,7-Jun,230.0,Michigan State,USA,2012,2,35,66.0,7.4,7.3,6.9,10.7,3.10%,18.00%,12.80%,52.60%,26.10%,PF,32.7
334,3/22/2018,2018,Warriors,Draymond Green,bruised pelvis (DTD),29.0,7-Jun,230.0,Michigan State,USA,2012,2,35,66.0,7.4,7.3,6.9,10.7,3.10%,18.00%,12.80%,52.60%,26.10%,PF,32.7
335,3/25/2018,2018,Warriors,Draymond Green,flu (DTD),29.0,7-Jun,230.0,Michigan State,USA,2012,2,35,66.0,7.4,7.3,6.9,10.7,3.10%,18.00%,12.80%,52.60%,26.10%,PF,32.7
336,3/14/2018,2018,Celtics,Kyrie Irving,sore left knee (DTD),27.0,3-Jun,193.0,Duke,Australia,2011,1,1,67.0,23.8,5.0,6.9,6.2,3.10%,11.30%,28.60%,59.20%,33.00%,PG,32.2
337,3/23/2018,2018,Celtics,Kyrie Irving,surgery on left knee (out for season),27.0,3-Jun,193.0,Duke,Australia,2011,1,1,67.0,23.8,5.0,6.9,6.2,3.10%,11.30%,28.60%,59.20%,33.00%,PG,32.2
338,4/5/2018,2018,Celtics,Kyrie Irving,surgery on left knee to remove 2 screws (out for season) (date approximate),27.0,3-Jun,193.0,Duke,Australia,2011,1,1,67.0,23.8,5.0,6.9,6.2,3.10%,11.30%,28.60%,59.20%,33.00%,PG,32.2
339,3/14/2018,2018,Heat,Josh Richardson,sore left foot (DTD),25.0,6-Jun,200.0,Tennessee,USA,2015,2,40,73.0,16.6,3.6,4.1,1.0,2.00%,7.80%,20.30%,53.60%,17.70%,SF,33.2
340,3/14/2018,2018,Lakers,Kyle Kuzma,sprained right ankle (DTD),23.0,9-Jun,220.0,Utah,USA,2017,1,27,70.0,18.7,5.5,2.5,-1.3,2.50%,12.70%,23.30%,54.60%,11.30%,PF,31.2
341,3/14/2018,2018,Pacers,Domantas Sabonis,sprained left ankle (DTD),23.0,11-Jun,240.0,Gonzaga,Lithuania,2016,1,11,74.0,14.1,9.3,2.9,5.2,9.90%,26.90%,22.60%,63.00%,18.00%,C,24.5
342,3/16/2018,2018,76ers,Timothe Luwawu-Cabarrot,patellar tendinitis in right knee (DTD),24.0,6-Jun,210.0,None,France,2016,1,24,50.0,4.6,1.9,0.5,-14.4,1.50%,12.50%,15.60%,48.90%,5.70%,SF,15.5
343,3/17/2018,2018,Bulls,Noah Vonleh,sprained right toe (DTD),23.0,9-Jun,250.0,Indiana,USA,2014,1,9,68.0,8.4,7.8,1.9,-7.6,6.00%,23.40%,14.40%,56.10%,10.80%,PF,16.2
344,10/5/2017,2017,Blazers,Noah Vonleh,strained right shoulder (DTD),23.0,9-Jun,250.0,Indiana,USA,2014,1,9,68.0,8.4,7.8,1.9,-7.6,6.00%,23.40%,14.40%,56.10%,10.80%,PF,16.2
345,3/17/2018,2018,Nuggets,Gary Harris,right knee injury (DTD),24.0,4-Jun,210.0,Michigan State,USA,2014,1,19,57.0,12.9,2.8,2.2,6.2,2.40%,7.00%,19.50%,52.60%,11.00%,SG,34.4
346,3/24/2018,2018,Pelicans,Rajon Rondo,sprained right wrist (DTD),33.0,1-Jun,186.0,Kentucky,USA,2006,1,21,46.0,9.2,5.3,8.0,-8.6,2.30%,14.20%,17.20%,47.30%,36.00%,PG,26.2
347,3/27/2018,2018,Pelicans,Rajon Rondo,sprained right wrist (DTD),33.0,1-Jun,186.0,Kentucky,USA,2006,1,21,46.0,9.2,5.3,8.0,-8.6,2.30%,14.20%,17.20%,47.30%,36.00%,PG,26.2
348,10/9/2017,2017,Pelicans,Rajon Rondo,surgery to repair sports hernia (out indefinitely),33.0,1-Jun,186.0,Kentucky,USA,2006,1,21,46.0,9.2,5.3,8.0,-8.6,2.30%,14.20%,17.20%,47.30%,36.00%,PG,26.2
349,3/18/2018,2018,Hornets,Nicolas Batum,left Achilles tendinitis (DTD),30.0,8-Jun,200.0,None,France,2008,1,25,75.0,9.3,5.2,3.3,-0.5,2.80%,13.10%,12.90%,58.10%,14.50%,SG,31.0
350,3/21/2018,2018,Hornets,Nicolas Batum,sore left Achilles (DTD),30.0,8-Jun,200.0,None,France,2008,1,25,75.0,9.3,5.2,3.3,-0.5,2.80%,13.10%,12.90%,58.10%,14.50%,SG,31.0
351,10/5/2017,2017,Hornets,Nicolas Batum,torn ligament in left elbow (out indefinitely),30.0,8-Jun,200.0,None,France,2008,1,25,75.0,9.3,5.2,3.3,-0.5,2.80%,13.10%,12.90%,58.10%,14.50%,SG,31.0
352,11/24/2017,2017,Hornets,Nicolas Batum,ulnar nerve contusion (DTD),30.0,8-Jun,200.0,None,France,2008,1,25,75.0,9.3,5.2,3.3,-0.5,2.80%,13.10%,12.90%,58.10%,14.50%,SG,31.0
353,3/19/2018,2018,Kings,Bogdan Bogdanovic,left hamstring injury (DTD),26.0,6-Jun,205.0,None,Serbia,2014,1,27,70.0,14.1,3.5,3.8,-1.1,1.90%,9.80%,22.00%,53.00%,19.90%,SG,27.9
354,10/17/2017,2017,Kings,Bogdan Bogdanovic,sprained right ankle (DTD),26.0,6-Jun,205.0,None,Serbia,2014,1,27,70.0,14.1,3.5,3.8,-1.1,1.90%,9.80%,22.00%,53.00%,19.90%,SG,27.9
355,3/20/2018,2018,Pelicans,Jrue Holiday,illness (DTD),29.0,4-Jun,205.0,UCLA,USA,2009,1,17,67.0,21.2,5.0,7.7,4.4,3.00%,9.90%,25.00%,55.50%,30.80%,SG,36.1
356,3/20/2018,2018,Raptors,DeMar DeRozan,bruised left thigh (DTD),29.0,7-Jun,220.0,Southern California,USA,2009,1,9,77.0,21.2,6.0,6.2,0.0,2.00%,14.70%,27.70%,54.20%,27.70%,SG,33.9
357,3/21/2018,2018,Grizzlies,Ivan Rabb,right heel injury (DTD),22.0,10-Jun,220.0,California,USA,2017,2,35,49.0,5.8,4.2,1.1,-6.2,9.70%,19.70%,16.60%,58.60%,12.30%,PF,14.3
358,3/23/2018,2018,Grizzlies,Ivan Rabb,right heel injury (DTD),22.0,10-Jun,220.0,California,USA,2017,2,35,49.0,5.8,4.2,1.1,-6.2,9.70%,19.70%,16.60%,58.60%,12.30%,PF,14.3
359,11/17/2017,2017,Grizzlies,Ivan Rabb,concussion (DTD),22.0,10-Jun,220.0,California,USA,2017,2,35,49.0,5.8,4.2,1.1,-6.2,9.70%,19.70%,16.60%,58.60%,12.30%,PF,14.3
360,3/21/2018,2018,Nets,Dante Cunningham,DNP,32.0,8-Jun,230.0,Villanova,USA,2009,2,33,64.0,3.0,2.9,0.8,-8.2,4.90%,14.80%,8.60%,58.50%,7.20%,SF,21.4
361,4/5/2018,2018,Nets,Dante Cunningham,back injury (DTD),32.0,8-Jun,230.0,Villanova,USA,2009,2,33,64.0,3.0,2.9,0.8,-8.2,4.90%,14.80%,8.60%,58.50%,7.20%,SF,21.4
362,12/11/2017,2017,Pelicans,Dante Cunningham,right knee injury (DTD),32.0,8-Jun,230.0,Villanova,USA,2009,2,33,64.0,3.0,2.9,0.8,-8.2,4.90%,14.80%,8.60%,58.50%,7.20%,SF,21.4
363,3/22/2018,2018,Bulls,Antonio Blakeney,fractured left wrist (out for season),22.0,4-Jun,192.0,Louisiana State,USA,Undrafted,Undrafted,Undrafted,57.0,7.3,1.9,0.7,-7.8,0.80%,11.40%,24.00%,48.70%,7.90%,SG,16.5
364,3/22/2018,2018,Magic,Jonathan Isaac,sprained left foot (DTD),21.0,10-Jun,210.0,Florida State,USA,2017,1,6,75.0,9.6,5.5,1.1,1.0,4.80%,15.20%,16.00%,53.70%,5.50%,PF,19.9
365,4/3/2018,2018,Magic,Jonathan Isaac,sprained left ankle (out for season),21.0,10-Jun,210.0,Florida State,USA,2017,1,6,75.0,9.6,5.5,1.1,1.0,4.80%,15.20%,16.00%,53.70%,5.50%,PF,19.9
366,11/12/2017,2017,Magic,Jonathan Isaac,sprained right ankle (DTD),21.0,10-Jun,210.0,Florida State,USA,2017,1,6,75.0,9.6,5.5,1.1,1.0,4.80%,15.20%,16.00%,53.70%,5.50%,PF,19.9
367,11/13/2017,2017,Magic,Jonathan Isaac,sprained right ankle (DTD),21.0,10-Jun,210.0,Florida State,USA,2017,1,6,75.0,9.6,5.5,1.1,1.0,4.80%,15.20%,16.00%,53.70%,5.50%,PF,19.9
368,11/15/2017,2017,Magic,Jonathan Isaac,sprained right ankle (DTD),21.0,10-Jun,210.0,Florida State,USA,2017,1,6,75.0,9.6,5.5,1.1,1.0,4.80%,15.20%,16.00%,53.70%,5.50%,PF,19.9
369,12/22/2017,2017,Magic,Jonathan Isaac,sore right ankle (DTD),21.0,10-Jun,210.0,Florida State,USA,2017,1,6,75.0,9.6,5.5,1.1,1.0,4.80%,15.20%,16.00%,53.70%,5.50%,PF,19.9
370,3/23/2018,2018,Blazers,Shabazz Napier,left big toe injury (DTD),27.0,1-Jun,180.0,Connecticut,USA,2014,1,24,56.0,9.4,1.8,2.6,1.3,1.70%,7.90%,23.40%,53.40%,23.50%,PG,20.7
371,3/23/2018,2018,Timberwolves,Derrick Rose,sprained right ankle (DTD),30.0,3-Jun,200.0,Memphis,USA,2008,1,1,51.0,18.0,2.7,4.3,0.7,2.20%,7.00%,26.10%,55.70%,24.40%,PG,16.8
372,10/20/2017,2017,Cavaliers,Derrick Rose,sprained left ankle (DTD),30.0,3-Jun,200.0,Memphis,USA,2008,1,1,51.0,18.0,2.7,4.3,0.7,2.20%,7.00%,26.10%,55.70%,24.40%,PG,16.8
373,3/24/2018,2018,Lakers,Luol Deng,sprained left ankle (DTD),34.0,9-Jun,237.0,Duke,United Kingdo...,2004,1,7,22.0,7.1,3.3,0.8,10.0,4.90%,12.50%,15.50%,58.80%,6.20%,SF,13.0
374,3/24/2018,2018,Rockets,Luc Mbah a Moute,sore left knee (DTD),32.0,8-Jun,230.0,California-Los Angeles,Cameroon,2008,2,37,4.0,5.0,1.8,0.5,7.8,3.40%,6.50%,14.10%,49.50%,4.50%,PF,25.6
375,4/10/2018,2018,Rockets,Luc Mbah a Moute,dislocated right shoulder (DTD),32.0,8-Jun,230.0,California-Los Angeles,Cameroon,2008,2,37,4.0,5.0,1.8,0.5,7.8,3.40%,6.50%,14.10%,49.50%,4.50%,PF,25.6
376,11/9/2017,2017,Rockets,Luc Mbah a Moute,knee injury (DTD),32.0,8-Jun,230.0,California-Los Angeles,Cameroon,2008,2,37,4.0,5.0,1.8,0.5,7.8,3.40%,6.50%,14.10%,49.50%,4.50%,PF,25.6
377,3/25/2018,2018,Knicks,Damyean Dotson,sprained right foot (DTD),25.0,6-Jun,210.0,Houston,USA,2017,2,44,73.0,10.7,3.6,1.8,-8.0,1.60%,10.80%,16.90%,52.60%,10.40%,SG,10.8
378,3/25/2018,2018,Knicks,Kyle O'Quinn,strained left hip (DTD),29.0,10-Jun,250.0,Norfolk State,USA,2012,2,49,45.0,3.5,2.6,1.2,-0.3,7.80%,21.60%,19.60%,53.70%,20.40%,C,18.0
379,3/26/2018,2018,Knicks,Emmanuel Mudiay,illness (DTD),23.0,5-Jun,200.0,None,Democratic Re...,2015,1,7,59.0,14.8,3.3,3.9,-10.8,1.90%,9.80%,24.80%,53.10%,24.20%,PG,19.5
380,3/27/2018,2018,Heat,Bam Adebayo,sprained right ankle (DTD),21.0,10-Jun,255.0,Kentucky,USA,2017,1,14,82.0,8.9,7.3,2.2,0.5,8.30%,22.10%,15.70%,62.30%,14.60%,C,19.8
381,3/27/2018,2018,Mavericks,Dwight Powell,left knee injury (DTD),27.0,11-Jun,240.0,Stanford,Canada,2014,2,45,77.0,10.6,5.3,1.5,0.9,8.10%,16.00%,16.70%,68.20%,10.10%,C,21.2
382,3/27/2018,2018,Mavericks,Dwight Powell,bursitis in knee (DTD),27.0,11-Jun,240.0,Stanford,Canada,2014,2,45,77.0,10.6,5.3,1.5,0.9,8.10%,16.00%,16.70%,68.20%,10.10%,C,21.2
383,11/27/2017,2017,Mavericks,Nerlens Noel,thumb injury (DTD),25.0,11-Jun,220.0,Kentucky,USA,2013,1,6,77.0,4.9,4.2,0.6,-2.6,10.50%,17.60%,13.70%,60.80%,6.70%,C,15.7
384,12/1/2017,2017,Mavericks,Nerlens Noel,surgery on thumb (out indefinitely),25.0,11-Jun,220.0,Kentucky,USA,2013,1,6,77.0,4.9,4.2,0.6,-2.6,10.50%,17.60%,13.70%,60.80%,6.70%,C,15.7
385,3/27/2018,2018,Blazers,Maurice Harkless,surgery on left knee (out indefinitely),26.0,9-Jun,220.0,"St. John's, N.Y.",USA,2012,1,15,60.0,7.7,4.5,1.2,7.9,5.20%,12.80%,13.50%,54.70%,6.80%,SF,21.4
386,3/27/2018,2018,Warriors,Chris Boucher,sprained left ankle (DTD),26.0,10-Jun,200.0,Oregon,Canada,Undrafted,Undrafted,Undrafted,28.0,3.3,2.0,0.1,-4.2,8.60%,20.90%,21.40%,56.30%,2.00%,PF,1.0
387,3/28/2018,2018,76ers,Justin Anderson,sore right ankle (DTD),25.0,6-Jun,230.0,Virginia,USA,2015,1,21,48.0,3.7,1.8,0.5,-5.7,4.60%,11.90%,16.60%,51.60%,7.30%,SF,13.7
388,11/17/2017,2017,76ers,Justin Anderson,shin splints in left leg (DTD),25.0,6-Jun,230.0,Virginia,USA,2015,1,21,48.0,3.7,1.8,0.5,-5.7,4.60%,11.90%,16.60%,51.60%,7.30%,SF,13.7
389,3/28/2018,2018,Knicks,Courtney Lee,left foot injury (DTD),33.0,5-Jun,215.0,Western Kentucky,USA,2008,1,22,34.0,4.0,1.6,1.1,-6.4,1.90%,10.50%,15.00%,49.20%,13.00%,SG,30.4
390,4/11/2018,2018,Knicks,Courtney Lee,sprained left ankle (out for season),33.0,5-Jun,215.0,Western Kentucky,USA,2008,1,22,34.0,4.0,1.6,1.1,-6.4,1.90%,10.50%,15.00%,49.20%,13.00%,SG,30.4
391,3/28/2018,2018,Suns,Elfrid Payton,left knee injury (out for season),25.0,4-Jun,185.0,Louisiana-Lafayette,USA,2014,1,10,42.0,10.6,5.2,7.6,-2.2,3.70%,12.90%,17.70%,50.20%,31.80%,PG,28.7
392,11/11/2017,2017,Magic,Elfrid Payton,sore left hamstring (DTD),25.0,4-Jun,185.0,Louisiana-Lafayette,USA,2014,1,10,42.0,10.6,5.2,7.6,-2.2,3.70%,12.90%,17.70%,50.20%,31.80%,PG,28.7
393,3/29/2018,2018,Bulls,Cristiano Felicio,sore lower back (DTD),26.0,10-Jun,265.0,None,Brazil,Undrafted,Undrafted,Undrafted,60.0,4.0,3.6,0.6,-8.0,10.10%,18.70%,13.80%,56.80%,7.00%,C,17.8
394,12/11/2017,2017,Bulls,Lauri Markkanen,back spasms / sore lower back (DTD),22.0,Jul-00,240.0,Arizona,Finland,2017,1,7,52.0,18.7,9.0,1.4,-5.5,4.30%,23.40%,24.50%,55.30%,7.00%,PF,29.7
395,12/13/2017,2017,Bulls,Lauri Markkanen,back spasms (DTD),22.0,Jul-00,240.0,Arizona,Finland,2017,1,7,52.0,18.7,9.0,1.4,-5.5,4.30%,23.40%,24.50%,55.30%,7.00%,PF,29.7
396,3/30/2018,2018,Jazz,Ricky Rubio,hamstring injury (DTD),28.0,4-Jun,190.0,None,Spain,2009,1,5,68.0,12.7,3.6,6.1,6.3,1.70%,10.70%,22.10%,52.00%,31.30%,PG,29.3
397,3/30/2018,2018,Jazz,Ricky Rubio,sore left hamstring (DTD),28.0,4-Jun,190.0,None,Spain,2009,1,5,68.0,12.7,3.6,6.1,6.3,1.70%,10.70%,22.10%,52.00%,31.30%,PG,29.3
398,11/17/2017,2017,Jazz,Ricky Rubio,sore right Achilles (DTD),28.0,4-Jun,190.0,None,Spain,2009,1,5,68.0,12.7,3.6,6.1,6.3,1.70%,10.70%,22.10%,52.00%,31.30%,PG,29.3
399,3/30/2018,2018,Suns,Jared Dudley,sore left ankle (DTD),33.0,7-Jun,237.0,Boston College,USA,2007,1,22,59.0,4.9,2.6,1.4,0.8,2.70%,9.60%,10.40%,55.40%,9.30%,PF,14.3
400,3/30/2018,2018,Warriors,Andre Iguodala,sore left knee (DTD),35.0,6-Jun,215.0,Arizona,USA,2004,1,9,68.0,5.7,3.7,3.2,9.0,3.10%,11.70%,10.10%,58.70%,17.30%,SF,25.3
401,5/22/2018,2018,Warriors,Andre Iguodala,bruised left leg (DTD),35.0,6-Jun,215.0,Arizona,USA,2004,1,9,68.0,5.7,3.7,3.2,9.0,3.10%,11.70%,10.10%,58.70%,17.30%,SF,25.3
402,3/31/2018,2018,Hornets,Jeremy Lamb,sore left foot (DTD),27.0,5-Jun,185.0,Connecticut,USA,2012,1,12,79.0,15.3,5.5,2.2,0.7,2.70%,15.90%,22.00%,55.20%,11.90%,SG,24.6
403,3/31/2018,2018,Knicks,Frank Ntilikina,illness (DTD),20.0,6-Jun,200.0,None,France,2017,1,8,43.0,5.7,2.0,2.8,-8.5,1.20%,8.00%,16.30%,41.70%,19.50%,PG,21.9
404,4/1/2018,2018,Grizzlies,MarShon Brooks,left ankle injury (DTD),30.0,5-Jun,200.0,Providence,USA,2011,1,25,29.0,6.6,1.6,0.9,-2.8,3.00%,8.90%,23.30%,51.80%,11.20%,SG,27.6
405,4/1/2018,2018,Hornets,Dwayne Bacon,sprained right ankle (out for season),23.0,7-Jun,221.0,Florida State,USA,2017,2,40,43.0,7.3,2.1,1.1,-2.0,1.00%,10.50%,16.70%,57.00%,9.20%,SG,13.5
406,4/1/2018,2018,Timberwolves,Jeff Teague,knee injury (DTD),31.0,2-Jun,195.0,Wake Forest,USA,2009,1,19,42.0,12.1,2.5,8.2,-0.1,1.20%,6.70%,18.60%,52.80%,36.60%,PG,33.0
407,11/24/2017,2017,Timberwolves,Jeff Teague,sore right Achilles (DTD),31.0,2-Jun,195.0,Wake Forest,USA,2009,1,19,42.0,12.1,2.5,8.2,-0.1,1.20%,6.70%,18.60%,52.80%,36.60%,PG,33.0
408,4/1/2018,2018,Cavaliers,Kyle Korver,sore right foot (DTD),38.0,7-Jun,212.0,Creighton,USA,2003,2,51,70.0,8.6,2.3,1.2,3.6,0.60%,10.50%,17.40%,58.20%,8.80%,SG,21.6
409,4/3/2018,2018,Hawks,Dewayne Dedmon,sore ribs (DTD),29.0,Jul-00,245.0,Southern California,USA,Undrafted,Undrafted,Undrafted,64.0,10.8,7.5,1.4,-4.1,6.30%,22.90%,16.60%,60.20%,7.90%,C,24.9
410,11/29/2017,2017,Hawks,Dewayne Dedmon,stress reaction in left tibia (DTD),29.0,Jul-00,245.0,Southern California,USA,Undrafted,Undrafted,Undrafted,64.0,10.8,7.5,1.4,-4.1,6.30%,22.90%,16.60%,60.20%,7.90%,C,24.9
411,4/3/2018,2018,Kings,Skal Labissiere,sprained left ankle (out for season),23.0,11-Jun,235.0,Kentucky,Haiti,2016,1,28,22.0,3.0,2.0,0.5,-8.3,5.10%,18.50%,15.40%,59.30%,7.80%,PF,20.7
412,4/5/2018,2018,Mavericks,Dirk Nowitzki,surgery on left ankle to remove loose debris (out for season),41.0,Jul-00,245.0,None,Germany,1998,1,9,51.0,7.3,3.1,0.7,-4.8,0.60%,18.00%,21.70%,46.90%,6.80%,C,24.7
413,4/5/2018,2018,Suns,Alan Williams,sore right knee (out for season),26.0,8-Jun,265.0,California-Santa Barbara,USA,Undrafted,Undrafted,Undrafted,5.0,3.6,3.8,0.6,27.1,11.40%,40.50%,22.20%,61.00%,17.60%,PF,14.0
414,9/25/2017,2017,Suns,Alan Williams,surgery on right knee to repair torn meniscus (out indefinitely),26.0,8-Jun,265.0,California-Santa Barbara,USA,Undrafted,Undrafted,Undrafted,5.0,3.6,3.8,0.6,27.1,11.40%,40.50%,22.20%,61.00%,17.60%,PF,14.0
415,4/6/2018,2018,Magic,Nikola Vucevic,tightness in lower back (DTD),28.0,Jul-00,260.0,Southern California,Montenegro,2011,1,16,80.0,20.8,12.0,3.8,4.0,8.80%,28.60%,27.60%,57.30%,20.80%,C,29.5
416,12/23/2017,2017,Magic,Nikola Vucevic,fractured left hand (out indefinitely),28.0,Jul-00,260.0,Southern California,Montenegro,2011,1,16,80.0,20.8,12.0,3.8,4.0,8.80%,28.60%,27.60%,57.30%,20.80%,C,29.5
417,4/6/2018,2018,Pelicans,Ian Clark,sprained right ankle (DTD),28.0,3-Jun,175.0,Belmont,USA,Undrafted,Undrafted,Undrafted,60.0,6.7,1.5,1.6,-3.4,1.20%,7.10%,18.50%,50.20%,13.20%,SG,19.7
418,4/6/2018,2018,Suns,Troy Daniels,sprained right ankle (DTD),27.0,4-Jun,205.0,Virginia Commonwealth,USA,Undrafted,Undrafted,Undrafted,51.0,6.2,1.4,0.5,-6.4,1.60%,7.90%,17.10%,55.80%,5.20%,SG,20.5
419,4/10/2018,2018,Suns,Troy Daniels,sprained right ankle (DTD),27.0,4-Jun,205.0,Virginia Commonwealth,USA,Undrafted,Undrafted,Undrafted,51.0,6.2,1.4,0.5,-6.4,1.60%,7.90%,17.10%,55.80%,5.20%,SG,20.5
420,4/6/2018,2018,Wizards,Ian Mahinmi,concussion (DTD),32.0,11-Jun,262.0,None,France,2005,1,28,34.0,4.1,3.8,0.7,-3.2,8.80%,16.10%,12.80%,53.10%,7.30%,C,14.9
421,12/12/2017,2017,Wizards,Ian Mahinmi,sore right knee (DTD),32.0,11-Jun,262.0,None,France,2005,1,28,34.0,4.1,3.8,0.7,-3.2,8.80%,16.10%,12.80%,53.10%,7.30%,C,14.9
422,4/7/2018,2018,Knicks,Tim Hardaway Jr.,sprained left ankle (out for season),27.0,6-Jun,205.0,Michigan,USA,2013,1,24,65.0,18.1,3.4,2.4,-9.1,1.50%,9.00%,24.60%,52.70%,12.50%,,
423,4/8/2018,2018,Suns,Josh Jackson,bruised right quadriceps (out for season),22.0,8-Jun,200.0,Kansas,USA,2017,1,4,79.0,11.5,4.4,2.3,-9.6,3.20%,13.60%,23.40%,48.70%,14.20%,SF,25.4
424,4/9/2018,2018,Clippers,Lou Williams,sprained right ankle (out for season),32.0,1-Jun,175.0,None,USA,2005,2,45,75.0,20.0,3.0,5.4,3.9,1.90%,8.10%,30.80%,55.40%,31.80%,SG,32.8
425,12/18/2017,2017,Clippers,Lou Williams,sprained left / right foot (DTD),32.0,1-Jun,175.0,None,USA,2005,2,45,75.0,20.0,3.0,5.4,3.9,1.90%,8.10%,30.80%,55.40%,31.80%,SG,32.8
426,4/9/2018,2018,Nets,Joe Harris,sprained left ankle (out for season),27.0,6-Jun,218.0,Virginia,USA,2014,2,33,76.0,13.7,3.8,2.4,-1.6,2.20%,9.60%,16.70%,64.50%,11.40%,SG,25.3
427,12/9/2017,2017,Nets,Joe Harris,illness (DTD),27.0,6-Jun,218.0,Virginia,USA,2014,2,33,76.0,13.7,3.8,2.4,-1.6,2.20%,9.60%,16.70%,64.50%,11.40%,SG,25.3
428,4/10/2018,2018,Mavericks,Doug McDermott,elbow injury (out for season),27.0,8-Jun,225.0,Creighton,USA,2014,1,11,77.0,7.3,1.4,0.9,3.6,1.20%,6.60%,15.20%,61.70%,7.00%,SF,21.8
429,4/10/2018,2018,Thunder,Alex Abrines,concussion (DTD),25.0,6-Jun,200.0,None,Spain,2013,2,32,31.0,5.3,1.5,0.6,1.6,0.70%,6.70%,12.00%,50.70%,4.70%,SG,15.1
430,4/18/2018,2018,Timberwolves,Justin Patton,surgery on left foot (out for season),22.0,Jul-00,241.0,Creighton,USA,2017,1,16,3.0,1.7,2.0,1.0,-12.9,6.50%,17.40%,14.00%,31.70%,25.00%,C,4.0
431,7/4/2017,2017,Timberwolves,Justin Patton,surgery on left foot to repair fracture (out indefinitely),22.0,Jul-00,241.0,Creighton,USA,2017,1,16,3.0,1.7,2.0,1.0,-12.9,6.50%,17.40%,14.00%,31.70%,25.00%,C,4.0
432,4/23/2018,2018,Timberwolves,Tyus Jones,sore right knee (DTD),23.0,2-Jun,196.0,Duke,USA,2015,1,24,68.0,6.9,2.0,4.8,-0.3,1.40%,6.90%,13.90%,49.10%,28.40%,PG,17.9
433,4/26/2018,2018,Nuggets,Mason Plumlee,surgery to repair core muscle injury,29.0,11-Jun,235.0,Duke,USA,2013,1,22,82.0,7.8,6.4,3.0,3.2,9.10%,19.80%,15.90%,60.20%,19.90%,C,19.4
434,4/27/2018,2018,Wizards,Otto Porter Jr.,surgery on left leg to remove blood around a contusion (out indefinitely),26.0,8-Jun,198.0,Georgetown,USA,2013,1,3,56.0,13.9,5.6,2.1,-0.4,3.10%,15.30%,18.50%,56.90%,10.00%,,
435,12/17/2017,2017,Wizards,Otto Porter Jr.,hip injury / bruised right thigh (DTD),26.0,8-Jun,198.0,Georgetown,USA,2013,1,3,56.0,13.9,5.6,2.1,-0.4,3.10%,15.30%,18.50%,56.90%,10.00%,,
436,5/7/2018,2018,Jazz,Dante Exum,strained left hamstring (out for season),23.0,6-Jun,190.0,None,Australia,2014,1,5,42.0,6.9,1.6,2.6,3.2,2.40%,7.70%,20.70%,51.60%,25.10%,PG,16.8
437,10/7/2017,2017,Jazz,Dante Exum,separated left shoulder (out indefinitely),23.0,6-Jun,190.0,None,Australia,2014,1,5,42.0,6.9,1.6,2.6,3.2,2.40%,7.70%,20.70%,51.60%,25.10%,PG,16.8
438,10/16/2017,2017,Jazz,Dante Exum,surgery to repair separated left shoulder (out indefinitely),23.0,6-Jun,190.0,None,Australia,2014,1,5,42.0,6.9,1.6,2.6,3.2,2.40%,7.70%,20.70%,51.60%,25.10%,PG,16.8
439,5/9/2018,2018,Thunder,Paul George,arthroscopic surgery on right knee (out indefinitely),29.0,9-Jun,220.0,Fresno State,USA,2010,1,10,77.0,28.0,8.2,4.1,8.2,3.30%,17.30%,28.50%,58.30%,17.30%,SF,36.6
440,12/29/2017,2017,Thunder,Paul George,sore left knee (DTD),29.0,9-Jun,220.0,Fresno State,USA,2010,1,10,77.0,28.0,8.2,4.1,8.2,3.30%,17.30%,28.50%,58.30%,17.30%,SF,36.6
441,7/25/2017,2017,Suns,Brandon Knight,torn ACL in left knee (out for season),27.0,3-Jun,195.0,Kentucky,USA,2011,1,8,39.0,6.8,1.5,1.8,-12.0,1.20%,7.00%,17.80%,48.40%,14.70%,,
442,8/10/2017,2017,Thunder,Patrick Patterson,arthroscopic surgery on his left knee (out indefinitely),30.0,9-Jun,230.0,Kentucky,USA,2010,1,14,63.0,3.6,2.3,0.5,-5.7,4.30%,11.40%,11.80%,49.30%,4.90%,PF,15.5
443,8/28/2017,2017,Pelicans,Solomon Hill,surgery to repair torn left hamstring (out indefinitely),28.0,7-Jun,225.0,Arizona,USA,2013,1,23,44.0,4.3,3.0,1.3,-6.5,3.60%,10.20%,10.40%,49.70%,8.00%,SF,15.6
444,9/1/2017,2017,Pelicans,Frank Jackson,fractured right foot (out for season),21.0,3-Jun,205.0,Duke,USA,2017,2,31,61.0,8.1,2.2,1.1,-5.0,1.90%,8.50%,17.80%,51.70%,8.00%,,
445,9/6/2017,2017,Bulls,Cameron Payne,surgery to repair fractured right foot (out indefinitely),24.0,3-Jun,190.0,Murray State,USA,2015,1,14,40.0,6.3,1.8,2.7,-15.2,1.70%,8.30%,16.90%,51.90%,22.50%,PG,23.3
446,9/30/2017,2017,Pacers,Glenn Robinson III,high ankle sprain (DTD),25.0,6-Jun,222.0,Michigan,USA,2014,2,40,47.0,4.2,1.5,0.4,-0.8,2.60%,8.90%,14.60%,51.10%,5.30%,,
447,10/14/2017,2017,Pacers,Glenn Robinson III,surgery on left ankle (out indefinitely),25.0,6-Jun,222.0,Michigan,USA,2014,2,40,47.0,4.2,1.5,0.4,-0.8,2.60%,8.90%,14.60%,51.10%,5.30%,,
448,10/11/2017,2017,Hawks,Miles Plumlee,strained right quadriceps (DTD),30.0,11-Jun,249.0,Duke,USA,2012,1,26,18.0,4.4,2.2,0.9,-10.2,8.50%,14.10%,16.60%,65.40%,15.50%,C,16.7
449,10/12/2017,2017,Heat,Rodney McGruder,surgery on lower left leg to repair stress fracture (out indefinitely) (date approximate),27.0,4-Jun,200.0,Kansas State,USA,Undrafted,Undrafted,Undrafted,66.0,7.6,3.6,1.7,-1.4,3.50%,10.60%,14.70%,51.00%,10.30%,SG,16.6
450,10/12/2017,2017,Suns,Davon Reed,surgery on left knee to repair torn meniscus (out indefinitely),24.0,5-Jun,208.0,Miami (FL),USA,2017,2,32,10.0,1.2,0.6,0.3,18.7,3.30%,7.30%,10.40%,50.00%,6.80%,SG,11.5
451,10/17/2017,2017,Celtics,Gordon Hayward,fractured tibia in left leg and dislocated left ankle (out for season),29.0,8-Jun,225.0,Butler,USA,2010,1,9,72.0,11.5,4.5,3.4,5.1,2.60%,14.10%,18.30%,57.50%,18.50%,SF,5.0
452,10/18/2017,2017,Celtics,Gordon Hayward,surgery on left ankle/leg to repair fractured tibia and dislocated ankle (out for season),29.0,8-Jun,225.0,Butler,USA,2010,1,9,72.0,11.5,4.5,3.4,5.1,2.60%,14.10%,18.30%,57.50%,18.50%,SF,5.0
453,10/18/2017,2017,Blazers,Zach Collins,illness (DTD),21.0,Jul-00,235.0,Gonzaga,USA,2017,1,10,77.0,6.6,4.2,0.9,0.1,7.80%,14.40%,16.60%,56.20%,7.60%,C,15.8
454,10/18/2017,2017,Bucks,Jabari Parker,placed on IL recovering from surgery on left knee to repair torn ACL,24.0,8-Jun,245.0,Duke,USA,2014,1,2,64.0,14.5,6.6,2.4,-6.2,4.50%,18.70%,23.60%,56.00%,14.00%,PF,24.0
455,10/18/2017,2017,Nets,Jeremy Lin,ruptured patella tendon in right knee (out for season),30.0,3-Jun,200.0,Harvard,USA,Undrafted,Undrafted,Undrafted,74.0,9.6,2.4,3.1,-5.1,1.40%,10.20%,21.30%,55.80%,24.90%,PG,25.0
456,10/18/2017,2017,Pacers,Ike Anigbogu,knee injury (DTD),20.0,10-Jun,250.0,California-Los Angeles,USA,2017,2,47,3.0,0.0,1.0,0.3,-14.3,14.30%,25.00%,26.70%,0.00%,20.00%,C,2.7
457,10/21/2017,2017,Raptors,Jonas Valanciunas,sore/sprained left ankle (DTD),27.0,Jul-00,265.0,None,Lithuania,2011,1,5,49.0,15.6,8.6,1.4,2.7,9.60%,26.80%,27.40%,61.60%,10.90%,C,22.4
458,10/23/2017,2017,Hawks,Ersan Ilyasova,strained left knee (DTD),32.0,10-Jun,235.0,None,Turkey,2005,2,36,67.0,6.8,4.5,0.8,9.7,7.10%,15.10%,15.10%,54.80%,5.60%,PF,25.1
459,10/25/2017,2017,76ers,Markelle Fultz,sore right shoulder (DTD),21.0,4-Jun,200.0,Washington,USA,2017,1,1,19.0,8.2,3.7,3.1,-0.4,5.60%,8.80%,18.90%,45.20%,21.20%,SG,18.1
460,10/26/2017,2017,Mavericks,Dorian Finney-Smith,left knee tendinitis (DTD),26.0,8-Jun,220.0,Florida,USA,Undrafted,Undrafted,Undrafted,81.0,7.5,4.8,1.2,-1.9,6.40%,11.90%,13.50%,53.00%,7.00%,PF,21.3
461,10/27/2017,2017,Hornets,Treveon Graham,bruised right quadriceps (DTD),25.0,5-Jun,225.0,Virginia Commonwealth,USA,Undrafted,Undrafted,Undrafted,35.0,5.3,3.1,1.0,2.3,2.80%,10.70%,12.30%,45.80%,6.20%,SG,16.7
462,11/10/2017,2017,Hornets,Treveon Graham,bruised right quadriceps (DTD),25.0,5-Jun,225.0,Virginia Commonwealth,USA,Undrafted,Undrafted,Undrafted,35.0,5.3,3.1,1.0,2.3,2.80%,10.70%,12.30%,45.80%,6.20%,SG,16.7
463,10/28/2017,2017,Nets,Quincy Acy,strained left groin (DTD),28.0,7-Jun,240.0,Baylor,USA,2012,2,37,10.0,1.7,2.5,0.8,2.8,2.20%,15.30%,8.80%,37.90%,8.80%,PF,19.4
464,10/29/2017,2017,Cavaliers,Iman Shumpert,sore right knee (DTD),29.0,5-Jun,215.0,Georgia Tech,USA,2011,1,17,62.0,7.5,3.0,1.8,-1.4,1.60%,10.10%,14.30%,49.90%,9.80%,SG,19.7
465,11/18/2017,2017,Cavaliers,Iman Shumpert,left knee injury (DTD),29.0,5-Jun,215.0,Georgia Tech,USA,2011,1,17,62.0,7.5,3.0,1.8,-1.4,1.60%,10.10%,14.30%,49.90%,9.80%,SG,19.7
466,12/1/2017,2017,Cavaliers,Iman Shumpert,arthroscopic surgery on left knee (out indefinitely),29.0,5-Jun,215.0,Georgia Tech,USA,2011,1,17,62.0,7.5,3.0,1.8,-1.4,1.60%,10.10%,14.30%,49.90%,9.80%,SG,19.7
467,10/29/2017,2017,Hornets,Frank Kaminsky,illness (DTD),26.0,Jul-00,242.0,Wisconsin,USA,2015,1,9,47.0,8.6,3.5,1.3,0.9,4.80%,16.40%,21.60%,58.70%,12.90%,PF,23.2
468,12/7/2017,2017,Hornets,Frank Kaminsky,sprained right ankle (DTD),26.0,Jul-00,242.0,Wisconsin,USA,2015,1,9,47.0,8.6,3.5,1.3,0.9,4.80%,16.40%,21.60%,58.70%,12.90%,PF,23.2
469,12/7/2017,2017,Hornets,Cody Zeller,torn meniscus in left knee (out indefinitely),26.0,Jul-00,240.0,Indiana,USA,2013,1,4,49.0,10.1,6.8,2.1,1.4,8.40%,17.10%,15.90%,61.10%,11.40%,C,19.0
470,10/30/2017,2017,Raptors,Serge Ibaka,swollen left / right knee (DTD),29.0,10-Jun,235.0,None,Democratic Re...,2008,1,24,74.0,15.0,8.1,1.3,6.2,7.80%,20.40%,22.70%,58.20%,7.60%,PF,27.5
471,11/1/2017,2017,Pistons,Jon Leuer,sprained left ankle (DTD),30.0,10-Jun,228.0,Wisconsin,USA,2011,2,40,41.0,3.8,2.4,0.3,-13.3,6.20%,18.20%,15.70%,61.60%,6.00%,PF,17.0
472,11/2/2017,2017,Lakers,Andrew Bogut,tightness in back (DTD),34.0,Jul-00,260.0,Utah,Australia,2005,1,1,11.0,3.5,5.0,1.0,3.9,10.00%,29.70%,14.80%,52.30%,10.40%,C,9.0
473,11/3/2017,2017,Lakers,Larry Nance Jr.,surgery on left hand/thumb to repair fracture (out indefinitley),26.0,9-Jun,230.0,Wyoming,USA,2015,1,27,67.0,9.4,8.2,3.2,-8.8,9.00%,22.40%,15.20%,58.30%,17.90%,,
474,11/4/2017,2017,Bulls,David Nwaba,sprained right ankle (DTD),26.0,4-Jun,219.0,None,USA,Undrafted,Undrafted,Undrafted,51.0,6.5,3.2,1.1,-3.8,3.90%,12.80%,14.10%,55.80%,7.70%,SG,23.5
475,11/4/2017,2017,Hawks,Mike Muscala,sprained left ankle (DTD),27.0,11-Jun,240.0,Bucknell,USA,2013,2,44,64.0,7.0,3.8,1.2,1.0,4.10%,13.30%,13.80%,56.40%,8.10%,C,20.0
476,11/18/2017,2017,Hawks,Mike Muscala,sprained left ankle (DTD),27.0,11-Jun,240.0,Bucknell,USA,2013,2,44,64.0,7.0,3.8,1.2,1.0,4.10%,13.30%,13.80%,56.40%,8.10%,C,20.0
477,11/6/2017,2017,76ers,Jerryd Bayless,bruised left wrist (DTD),30.0,3-Jun,200.0,Arizona,USA,2008,1,11,34.0,6.1,1.8,3.5,-12.4,1.50%,8.00%,17.20%,43.10%,26.20%,SG,23.7
478,11/7/2017,2017,Nets,Rondae Hollis-Jefferson,bruised right hip (DTD),24.0,7-Jun,217.0,Arizona,USA,2015,1,23,59.0,8.9,5.3,1.6,0.7,6.00%,17.00%,21.00%,46.40%,11.90%,SF,28.2
479,11/9/2017,2017,Clippers,Patrick Beverley,sore right knee (DTD),30.0,1-Jun,185.0,None,USA,2009,2,42,78.0,7.6,5.0,3.8,4.0,3.50%,13.50%,12.00%,56.10%,18.30%,SG,30.4
480,11/22/2017,2017,Clippers,Patrick Beverley,arthroscopic surgery on right knee to repair lateral meniscus (out for season),30.0,1-Jun,185.0,None,USA,2009,2,42,78.0,7.6,5.0,3.8,4.0,3.50%,13.50%,12.00%,56.10%,18.30%,SG,30.4
481,11/11/2017,2017,Jazz,Rudy Gobert,bruised tibia in right leg (DTD),27.0,1-Jul,245.0,None,France,2013,1,27,81.0,15.9,12.9,2.0,6.9,11.70%,27.00%,17.50%,68.20%,9.50%,C,32.4
482,12/16/2017,2017,Jazz,Rudy Gobert,sprained left knee (DTD),27.0,1-Jul,245.0,None,France,2013,1,27,81.0,15.9,12.9,2.0,6.9,11.70%,27.00%,17.50%,68.20%,9.50%,C,32.4
483,11/11/2017,2017,Timberwolves,Gorgui Dieng,sprained right index finger (DTD),29.0,11-Jun,252.0,Louisville,Senegal,2013,1,21,76.0,6.4,4.1,0.9,-3.8,7.20%,22.50%,19.40%,57.20%,10.60%,C,16.9
484,11/12/2017,2017,Nets,D'Angelo Russell,bruised left knee (DTD),23.0,5-Jun,198.0,Ohio State,USA,2015,1,2,81.0,21.1,3.9,7.0,0.2,2.00%,9.90%,31.10%,53.30%,39.20%,PG,25.7
485,11/17/2017,2017,Nets,D'Angelo Russell,arthroscopic surgery on left knee (out indefinitely),23.0,5-Jun,198.0,Ohio State,USA,2015,1,2,81.0,21.1,3.9,7.0,0.2,2.00%,9.90%,31.10%,53.30%,39.20%,PG,25.7
486,11/12/2017,2017,Thunder,Carmelo Anthony,sore lower back (DTD),35.0,8-Jun,240.0,Syracuse,USA,2003,1,3,10.0,13.4,5.4,0.5,-9.9,2.70%,15.80%,19.90%,51.30%,2.80%,PF,32.1
487,11/14/2017,2017,Heat,Okaro White,fractured left foot (out indefinitely),26.0,8-Jun,205.0,Florida State,USA,Undrafted,Undrafted,Undrafted,3.0,0.0,0.7,0.0,-26.2,9.10%,14.30%,10.50%,0.00%,0.00%,PF,13.3
488,11/16/2017,2017,Raptors,Delon Wright,dislocated right shoulder (out indefinitely),27.0,5-Jun,183.0,Utah,USA,2015,1,20,75.0,8.7,3.5,3.3,-0.1,3.70%,11.30%,17.20%,52.30%,21.70%,PG,20.8
489,11/19/2017,2017,Nuggets,Paul Millsap,sore left wrist (DTD),34.0,8-Jun,246.0,Louisiana Tech,USA,2006,2,47,70.0,12.6,7.2,2.0,8.6,7.80%,18.20%,19.10%,57.00%,10.40%,PF,30.1
490,11/27/2017,2017,Nuggets,Paul Millsap,surgery on left wrist (out indefinitely),34.0,8-Jun,246.0,Louisiana Tech,USA,2006,2,47,70.0,12.6,7.2,2.0,8.6,7.80%,18.20%,19.10%,57.00%,10.40%,PF,30.1
491,11/19/2017,2017,Warriors,Kevin Durant,sprained left ankle (DTD),30.0,9-Jun,240.0,Texas,USA,2007,1,2,78.0,26.0,6.4,5.9,11.4,1.30%,15.30%,28.30%,63.10%,25.10%,SF,34.2
492,11/24/2017,2017,76ers,Ben Simmons,left elbow injury (DTD),22.0,10-Jun,230.0,Louisiana State,Australia,2016,1,1,79.0,16.9,8.8,7.7,2.4,6.20%,17.90%,21.50%,58.20%,34.10%,PG,33.7
493,11/26/2017,2017,Nets,Allen Crabbe,sore lower back (DTD),27.0,6-Jun,212.0,California,USA,2013,2,31,43.0,9.6,3.4,1.1,0.3,1.30%,10.80%,15.90%,51.90%,5.90%,SG,29.3
494,12/15/2017,2017,Nets,Allen Crabbe,sore left ankle / knee (DTD),27.0,6-Jun,212.0,California,USA,2013,2,31,43.0,9.6,3.4,1.1,0.3,1.30%,10.80%,15.90%,51.90%,5.90%,SG,29.3
495,11/27/2017,2017,Hornets,Kemba Walker,sore left shoulder (DTD),29.0,1-Jun,184.0,Connecticut,USA,2011,1,9,82.0,25.6,4.4,5.9,0.4,1.70%,10.60%,30.80%,55.80%,28.70%,PG,34.2
496,11/27/2017,2017,Spurs,Rudy Gay,sore right heel (DTD),32.0,8-Jun,230.0,Connecticut,USA,2006,1,8,69.0,13.7,6.8,2.6,4.1,3.40%,20.90%,21.60%,58.30%,14.50%,PF,21.6
497,12/29/2017,2017,Spurs,Rudy Gay,bursitis in right heel (DTD),32.0,8-Jun,230.0,Connecticut,USA,2006,1,8,69.0,13.7,6.8,2.6,4.1,3.40%,20.90%,21.60%,58.30%,14.50%,PF,21.6
498,11/28/2017,2017,Clippers,Blake Griffin,sprained MCL in left knee (out indefinitely),30.0,10-Jun,250.0,Oklahoma,USA,2009,1,1,75.0,24.5,7.5,5.4,0.5,3.60%,18.20%,29.60%,58.10%,26.80%,PF,34.0
499,11/30/2017,2017,Magic,Terrence Ross,sprained MCL in right knee and fractured right leg (out indefinitely),28.0,7-Jun,206.0,Washington,USA,2012,1,8,81.0,15.1,3.5,1.7,-0.5,1.20%,11.30%,23.00%,56.10%,10.30%,SG,25.0
500,11/30/2017,2017,Nuggets,Nikola Jokic,sprained left ankle (DTD),24.0,Jul-00,250.0,None,Serbia,2014,2,41,80.0,20.1,10.8,7.3,5.8,8.90%,24.90%,27.10%,58.90%,36.10%,C,32.6
501,12/1/2017,2017,Bulls,Bobby Portis,right arm injury (DTD),24.0,11-Jun,250.0,Arkansas,USA,2015,1,22,50.0,14.2,8.1,1.4,-4.4,8.30%,22.60%,24.10%,52.90%,8.50%,PF,22.5
502,12/4/2017,2017,Warriors,Zaza Pachulia,sore left shoulder (DTD),35.0,11-Jun,270.0,None,Georgia,2003,2,42,68.0,3.9,3.9,1.3,-4.6,10.10%,18.40%,14.70%,53.90%,16.10%,C,14.1
503,12/8/2017,2017,Warriors,Zaza Pachulia,sore left shoulder (DTD),35.0,11-Jun,270.0,None,Georgia,2003,2,42,68.0,3.9,3.9,1.3,-4.6,10.10%,18.40%,14.70%,53.90%,16.10%,C,14.1
504,12/5/2017,2017,Wizards,Jason Smith,knee injury (DTD),33.0,Jul-00,240.0,Colorado State,USA,2007,1,20,20.0,3.3,2.6,0.7,-12.1,7.70%,17.40%,16.90%,49.20%,11.20%,C,8.6
505,12/7/2017,2017,76ers,Dario Saric,eye injury (DTD),25.0,10-Jun,223.0,None,Croatia,2014,1,12,81.0,10.6,5.6,1.6,-2.0,5.80%,15.30%,17.20%,56.30%,8.90%,PF,29.6
506,12/8/2017,2017,Blazers,Jusuf Nurkic,sprained right ankle (DTD),24.0,Jul-00,275.0,None,Bosnia and He...,2014,1,16,72.0,15.6,10.4,3.2,10.5,11.90%,24.10%,24.10%,57.00%,16.80%,C,26.4
507,12/9/2017,2017,76ers,T.J. McConnell,left shoulder injury (DTD),27.0,2-Jun,190.0,Arizona,USA,Undrafted,Undrafted,Undrafted,76.0,6.4,2.3,3.4,-0.7,1.80%,9.40%,14.80%,55.50%,24.90%,PG,22.4
508,12/14/2017,2017,Warriors,Nick Young,concussion (DTD),34.0,7-Jun,210.0,Southern California,USA,2007,1,16,4.0,2.3,0.3,0.5,-5.1,0.00%,2.60%,12.60%,50.00%,7.70%,SG,17.4
509,12/15/2017,2017,Cavaliers,John Holland,left shoulder subluxation (out) indefinitely,30.0,5-Jun,205.0,Boston U.,USA,Undrafted,Undrafted,Undrafted,1.0,0.0,0.0,0.0,50.0,0.00%,0.00%,0.00%,0.00%,0.00%,SF,7.3
510,12/17/2017,2017,Kings,De'Aaron Fox,bruised right quadriceps (DTD),21.0,3-Jun,175.0,Kentucky,USA,2017,1,5,81.0,17.3,3.8,7.3,0.9,1.50%,9.50%,23.80%,54.40%,32.20%,PG,27.8
511,12/17/2017,2017,Warriors,Shaun Livingston,sore right knee (DTD),33.0,7-Jun,192.0,None,USA,2004,1,4,64.0,4.0,1.8,1.8,3.2,4.30%,7.10%,11.80%,55.50%,15.40%,PG,15.9
512,12/17/2017,2017,76ers,Furkan Korkmaz,left foot injury (out indefinitely),21.0,7-Jun,190.0,None,Turkey,2016,1,26,48.0,5.8,2.2,1.1,3.7,2.30%,13.00%,17.40%,52.80%,10.70%,SG,5.7
513,12/18/2017,2017,Clippers,Wesley Johnson,sore left foot (DTD),31.0,7-Jun,215.0,Syracuse,USA,2010,1,4,38.0,3.4,1.9,0.6,-7.3,2.00%,10.40%,11.50%,46.90%,5.40%,SF,20.1
514,12/19/2017,2017,Lakers,Brook Lopez,sprained right ankle (DTD),31.0,Jul-00,270.0,Stanford,USA,2008,1,10,81.0,12.5,4.9,1.2,11.5,1.40%,13.50%,16.50%,59.70%,5.50%,C,23.4
515,12/21/2017,2017,Blazers,Damian Lillard,strained right hamstring (DTD),28.0,3-Jun,195.0,Weber State,USA,2012,1,6,80.0,25.8,4.6,6.9,8.2,2.30%,10.00%,28.10%,58.80%,29.90%,PG,36.6
516,12/23/2017,2017,Kings,Vince Carter,rib injury (DTD),42.0,6-Jun,220.0,North Carolina,USA,1998,1,5,76.0,7.4,2.6,1.1,-6.3,2.10%,11.40%,16.40%,56.50%,9.70%,SF,17.7
517,12/30/2017,2017,Pistons,Stanley Johnson,strained right hip flexor (DTD),23.0,7-Jun,245.0,Arizona,USA,2015,1,8,66.0,6.9,3.3,1.3,-7.9,2.50%,14.20%,18.60%,48.50%,11.80%,SF,27.4
