,Player,Team,Age,Height,Weight,College,Country,Draft Year,Draft Round,Draft Number,GP,PTS,REB,AST,NetRtg,OREB%,DREB%,USG%,TS%,AST%,Pos,MP
0,Aaron Gordon,ORL,23.0,9-Jun,220.0,Arizona,USA,2014,1,4,78.0,16.0,7.4,3.7,1.5,4.70%,16.50%,21.30%,53.80%,16.60%,PF,32.9
1,Aaron Holiday,IND,22.0,1-Jun,185.0,California-Los Angeles,USA,2018,1,23,50.0,5.9,1.3,1.7,7.0,0.80%,8.80%,20.60%,51.80%,18.00%,,
2,Abdel Nader,OKC,25.0,6-Jun,225.0,Iowa State,Egypt,2016,2,58,61.0,4.0,1.9,0.3,-9.5,1.70%,13.90%,14.80%,52.20%,4.40%,SF,10.9
3,Al Horford,BOS,33.0,10-Jun,245.0,Florida,Dominican Rep...,2007,1,3,68.0,13.6,6.7,4.2,6.1,6.20%,16.10%,18.80%,60.50%,20.30%,C,31.6
4,Al-Farouq Aminu,POR,28.0,9-Jun,220.0,Wake Forest,USA,2010,1,8,81.0,9.4,7.5,1.3,8.2,4.80%,20.40%,13.40%,56.80%,5.70%,PF,30.0
5,Alan Williams,BKN,26.0,8-Jun,265.0,California-Santa Barbara,USA,Undrafted,Undrafted,Undrafted,5.0,3.6,3.8,0.6,27.1,11.40%,40.50%,22.20%,61.00%,17.60%,PF,14.0
6,Alec Burks,SAC,27.0,6-Jun,214.0,Colorado,USA,2011,1,12,64.0,8.8,3.7,2.0,-11.1,2.10%,15.10%,18.50%,52.30%,14.20%,SG,16.5
7,Alex Abrines,OKC,25.0,6-Jun,200.0,None,Spain,2013,2,32,31.0,5.3,1.5,0.6,1.6,0.70%,6.70%,12.00%,50.70%,4.70%,SG,15.1
8,Alex Caruso,LAL,25.0,5-Jun,186.0,Texas A&M,USA,Undrafted,Undrafted,Undrafted,25.0,9.2,2.7,3.1,3.2,3.50%,7.90%,18.40%,56.90%,20.50%,PG,15.2
9,Alex Len,ATL,26.0,1-Jul,250.0,Maryland,Ukraine,2013,1,5,77.0,11.1,5.5,1.1,-4.4,9.00%,15.90%,21.40%,57.50%,8.60%,C,20.2
10,Alex Poythress,ATL,25.0,9-Jun,235.0,Kentucky,USA,Undrafted,Undrafted,Undrafted,21.0,5.1,3.6,0.8,-10.0,8.50%,15.10%,14.00%,57.10%,8.50%,PF,4.2
11,Alfonzo McKinnie,GSW,26.0,8-Jun,215.0,None,USA,Undrafted,Undrafted,Undrafted,72.0,4.7,3.4,0.4,0.9,7.50%,15.20%,13.10%,56.90%,4.10%,SF,3.8
12,Alize Johnson,IND,23.0,9-Jun,212.0,Missouri State,USA,2018,2,50,14.0,0.9,1.4,0.1,-1.6,5.10%,19.20%,11.60%,33.30%,1.80%,,
13,Allen Crabbe,BKN,27.0,6-Jun,212.0,California,USA,2013,2,31,43.0,9.6,3.4,1.1,0.3,1.30%,10.80%,15.90%,51.90%,5.90%,SG,29.3
14,Allonzo Trier,NYK,23.0,5-Jun,200.0,University of Arizona,USA,Undrafted,Undrafted,Undrafted,64.0,10.9,3.1,1.9,-7.2,2.00%,10.70%,20.70%,56.40%,13.10%,,
15,Amile Jefferson,ORL,26.0,9-Jun,222.0,Duke,USA,Undrafted,Undrafted,Undrafted,12.0,2.3,1.8,0.3,8.8,8.20%,25.00%,12.50%,69.20%,5.20%,,
16,Amir Johnson,PHI,32.0,9-Jun,240.0,None,USA,2005,2,56,51.0,3.9,2.9,1.2,-5.0,8.40%,18.50%,16.90%,57.40%,15.60%,C,15.8
17,Andre Drummond,DET,25.0,11-Jun,279.0,Connecticut,USA,2012,1,9,79.0,17.3,15.6,1.4,3.3,15.10%,31.10%,22.60%,55.50%,6.80%,C,33.7
18,Andre Iguodala,GSW,35.0,6-Jun,215.0,Arizona,USA,2004,1,9,68.0,5.7,3.7,3.2,9.0,3.10%,11.70%,10.10%,58.70%,17.30%,SF,25.3
19,Andre Ingram,LAL,33.0,3-Jun,190.0,American,USA,Undrafted,Undrafted,Undrafted,4.0,0.0,0.5,0.0,9.6,5.90%,5.30%,18.40%,0.00%,0.00%,SG,32.0
20,Andrew Bogut,GSW,34.0,Jul-00,260.0,Utah,Australia,2005,1,1,11.0,3.5,5.0,1.0,3.9,10.00%,29.70%,14.80%,52.30%,10.40%,C,9.0
21,Andrew Harrison,NOP,24.0,6-Jun,213.0,Kentucky,USA,2015,2,44,17.0,3.2,1.2,1.4,-5.5,3.20%,7.40%,17.10%,44.30%,19.40%,PG,23.7
22,Andrew Wiggins,MIN,24.0,8-Jun,194.0,Kansas,Canada,2014,1,1,73.0,18.1,4.8,2.5,-1.2,3.10%,9.90%,24.00%,49.30%,10.80%,SF,36.3
23,Anfernee Simons,POR,20.0,4-Jun,185.0,None,USA,2018,1,24,20.0,3.8,0.7,0.7,-17.6,2.20%,6.70%,24.00%,53.50%,13.50%,,
24,Angel Delgado,LAC,24.0,10-Jun,245.0,None,Dominican Rep...,Undrafted,Undrafted,Undrafted,2.0,1.5,2.0,0.0,7.0,8.30%,14.30%,15.00%,25.50%,0.00%,,
25,Ante Zizic,CLE,22.0,11-Jun,254.0,None,Croatia,2016,1,23,59.0,7.8,5.4,0.9,-3.9,9.70%,19.30%,17.80%,59.00%,7.50%,C,6.7
26,Anthony Davis,NOP,26.0,10-Jun,253.0,Kentucky,USA,2012,1,1,56.0,25.9,12.0,3.9,3.4,8.90%,24.90%,28.80%,59.70%,18.60%,PF,36.4
27,Anthony Tolliver,MIN,34.0,8-Jun,250.0,Creighton,USA,Undrafted,Undrafted,Undrafted,65.0,5.0,2.7,0.7,-4.1,1.20%,14.30%,12.10%,57.10%,5.90%,PF,22.2
28,Antonio Blakeney,CHI,22.0,4-Jun,192.0,Louisiana State,USA,Undrafted,Undrafted,Undrafted,57.0,7.3,1.9,0.7,-7.8,0.80%,11.40%,24.00%,48.70%,7.90%,SG,16.5
29,Aron Baynes,BOS,32.0,10-Jun,260.0,Washington State,Australia,Undrafted,Undrafted,Undrafted,51.0,5.6,4.7,1.1,7.7,10.30%,17.50%,14.70%,56.70%,9.20%,C,18.3
30,Austin Rivers,HOU,26.0,4-Jun,200.0,Duke,USA,2012,1,10,76.0,8.1,2.1,2.2,2.5,1.20%,6.50%,14.20%,50.30%,12.00%,SG,33.7
31,Avery Bradley,MEM,28.0,2-Jun,180.0,Texas,USA,2010,1,19,63.0,9.9,2.8,2.4,-1.5,2.20%,6.50%,16.00%,49.60%,11.40%,SG,31.2
32,Avery Bradley,MEM,28.0,2-Jun,180.0,Texas,USA,2010,1,19,63.0,9.9,2.8,2.4,-1.5,2.20%,6.50%,16.00%,49.60%,11.40%,SG,31.7
33,Avery Bradley,MEM,28.0,2-Jun,180.0,Texas,USA,2010,1,19,63.0,9.9,2.8,2.4,-1.5,2.20%,6.50%,16.00%,49.60%,11.40%,SG,27.5
34,BJ Johnson,SAC,23.0,7-Jun,200.0,None,USA,Undrafted,Undrafted,Undrafted,7.0,3.3,1.1,0.0,-12.6,3.80%,15.00%,17.80%,60.90%,0.00%,,
35,Bam Adebayo,MIA,21.0,10-Jun,255.0,Kentucky,USA,2017,1,14,82.0,8.9,7.3,2.2,0.5,8.30%,22.10%,15.70%,62.30%,14.60%,C,19.8
36,Ben McLemore,SAC,26.0,5-Jun,201.0,Kansas,USA,2013,1,7,19.0,3.9,0.9,0.2,-3.5,1.80%,8.90%,18.50%,54.10%,3.50%,SG,19.5
37,Ben Simmons,PHI,22.0,10-Jun,230.0,Louisiana State,Australia,2016,1,1,79.0,16.9,8.8,7.7,2.4,6.20%,17.90%,21.50%,58.20%,34.10%,PG,33.7
38,Billy Garrett,NYK,24.0,6-Jun,215.0,DePaul University,USA,Undrafted,Undrafted,Undrafted,4.0,6.5,0.8,1.8,-8.6,0.00%,4.10%,21.50%,45.20%,18.90%,,
39,Bismack Biyombo,CHA,26.0,9-Jun,255.0,None,Democratic Re...,2011,1,7,54.0,4.4,4.6,0.6,-7.7,9.90%,20.50%,12.80%,60.20%,6.40%,C,18.2
40,Blake Griffin,DET,30.0,10-Jun,250.0,Oklahoma,USA,2009,1,1,75.0,24.5,7.5,5.4,0.5,3.60%,18.20%,29.60%,58.10%,26.80%,PF,34.0
41,Blake Griffin,DET,30.0,10-Jun,250.0,Oklahoma,USA,2009,1,1,75.0,24.5,7.5,5.4,0.5,3.60%,18.20%,29.60%,58.10%,26.80%,PF,34.5
42,Blake Griffin,DET,30.0,10-Jun,250.0,Oklahoma,USA,2009,1,1,75.0,24.5,7.5,5.4,0.5,3.60%,18.20%,29.60%,58.10%,26.80%,PF,33.2
43,Boban Marjanovic,PHI,30.0,3-Jul,290.0,None,Serbia,Undrafted,Undrafted,Undrafted,58.0,7.3,4.6,0.9,0.1,12.40%,23.20%,22.20%,66.40%,12.80%,C,8.6
44,Boban Marjanovic,PHI,30.0,3-Jul,290.0,None,Serbia,Undrafted,Undrafted,Undrafted,58.0,7.3,4.6,0.9,0.1,12.40%,23.20%,22.20%,66.40%,12.80%,C,9.0
45,Boban Marjanovic,PHI,30.0,3-Jul,290.0,None,Serbia,Undrafted,Undrafted,Undrafted,58.0,7.3,4.6,0.9,0.1,12.40%,23.20%,22.20%,66.40%,12.80%,C,8.3
46,Bobby Portis,WAS,24.0,11-Jun,250.0,Arkansas,USA,2015,1,22,50.0,14.2,8.1,1.4,-4.4,8.30%,22.60%,24.10%,52.90%,8.50%,PF,22.5
47,Bogdan Bogdanovic,SAC,26.0,6-Jun,205.0,None,Serbia,2014,1,27,70.0,14.1,3.5,3.8,-1.1,1.90%,9.80%,22.00%,53.00%,19.90%,SG,27.9
48,Bojan Bogdanovic,IND,30.0,8-Jun,216.0,None,Croatia,2011,2,31,81.0,18.0,4.1,2.0,2.9,1.30%,11.30%,21.90%,61.30%,9.50%,SF,30.8
49,Bonzie Colson,MIL,23.0,6-Jun,225.0,Notre Dame,USA,Undrafted,Undrafted,Undrafted,8.0,4.9,3.8,0.4,-9.2,6.50%,18.20%,17.40%,45.40%,4.00%,,
50,Brad Wanamaker,BOS,29.0,4-Jun,210.0,Pittsburgh,USA,Undrafted,Undrafted,Undrafted,36.0,3.9,1.1,1.6,8.8,0.80%,9.60%,16.20%,59.70%,22.50%,,
51,Bradley Beal,WAS,26.0,5-Jun,207.0,Florida,USA,2012,1,3,82.0,25.6,5.0,5.5,-1.8,2.80%,10.40%,27.70%,58.10%,23.30%,SG,36.3
52,Brandon Goodwin,DEN,23.0,2-Jun,180.0,None,USA,Undrafted,Undrafted,Undrafted,16.0,1.4,0.2,0.9,8.0,1.60%,3.80%,22.00%,41.30%,29.80%,,
53,Brandon Ingram,LAL,21.0,9-Jun,190.0,Duke,USA,2016,1,2,52.0,18.3,5.1,3.0,-1.5,2.20%,11.30%,22.70%,55.50%,12.70%,SF,33.5
54,Brandon Knight,CLE,27.0,3-Jun,195.0,Kentucky,USA,2011,1,8,39.0,6.8,1.5,1.8,-12.0,1.20%,7.00%,17.80%,48.40%,14.70%,,
55,Brandon Sampson,CHI,22.0,5-Jun,184.0,None,USA,Undrafted,Undrafted,Undrafted,14.0,5.1,1.1,0.7,-6.0,1.40%,6.30%,15.40%,56.70%,6.30%,,
56,Brook Lopez,MIL,31.0,Jul-00,270.0,Stanford,USA,2008,1,10,81.0,12.5,4.9,1.2,11.5,1.40%,13.50%,16.50%,59.70%,5.50%,C,23.4
57,Bruce Brown,DET,22.0,5-Jun,202.0,Miami (FL),USA,2018,2,42,74.0,4.3,2.5,1.2,0.7,3.20%,9.20%,11.30%,46.90%,8.70%,,
58,Bruno Caboclo,MEM,23.0,9-Jun,218.0,None,Brazil,2014,1,20,34.0,8.3,4.6,1.5,0.9,5.00%,13.70%,15.00%,57.10%,9.10%,SF,8.9
59,Bruno Caboclo,MEM,23.0,9-Jun,218.0,None,Brazil,2014,1,20,34.0,8.3,4.6,1.5,0.9,5.00%,13.70%,15.00%,57.10%,9.10%,SF,3.5
60,Bruno Caboclo,MEM,23.0,9-Jun,218.0,None,Brazil,2014,1,20,34.0,8.3,4.6,1.5,0.9,5.00%,13.70%,15.00%,57.10%,9.10%,SF,10.0
61,Bryn Forbes,SAS,25.0,3-Jun,190.0,Michigan State,USA,Undrafted,Undrafted,Undrafted,82.0,11.8,2.9,2.1,-0.3,0.80%,9.60%,17.10%,58.60%,10.50%,SG,19.0
62,Buddy Hield,SAC,26.0,4-Jun,214.0,Oklahoma,Bahamas,2016,1,6,82.0,20.7,5.0,2.5,-0.6,3.60%,11.00%,24.30%,58.70%,11.70%,SG,25.3
63,C.J. Williams,MIN,29.0,5-Jun,226.0,North Carolina State,USA,Undrafted,Undrafted,Undrafted,15.0,2.6,0.5,0.8,-17.5,0.70%,5.30%,13.80%,55.00%,15.80%,SG,18.6
64,CJ McCollum,POR,27.0,3-Jun,190.0,Lehigh,USA,2013,1,10,70.0,21.0,4.0,3.0,6.5,2.50%,8.70%,24.80%,55.30%,13.30%,SG,36.1
65,CJ Miles,MEM,32.0,6-Jun,220.0,None,USA,2005,2,34,53.0,6.4,1.8,0.7,-1.7,1.40%,9.00%,17.30%,50.40%,6.10%,,
66,Caleb Swanigan,SAC,22.0,9-Jun,250.0,Purdue,USA,2017,1,26,21.0,2.0,3.0,0.5,-16.8,8.10%,23.60%,17.00%,37.70%,9.80%,PF,7.0
67,Cameron Payne,CLE,24.0,3-Jun,190.0,Murray State,USA,2015,1,14,40.0,6.3,1.8,2.7,-15.2,1.70%,8.30%,16.90%,51.90%,22.50%,PG,23.3
68,Cameron Reynolds,MIN,24.0,8-Jun,225.0,None,USA,Undrafted,Undrafted,Undrafted,19.0,5.0,1.6,0.7,-4.9,1.40%,10.20%,14.10%,58.00%,7.30%,,
69,Caris LeVert,BKN,24.0,7-Jun,204.0,Michigan,USA,2016,1,20,40.0,13.7,3.8,3.9,-0.2,3.00%,10.00%,23.50%,50.90%,23.10%,SF,26.3
70,Carmelo Anthony,HOU,35.0,8-Jun,240.0,Syracuse,USA,2003,1,3,10.0,13.4,5.4,0.5,-9.9,2.70%,15.80%,19.90%,51.30%,2.80%,PF,32.1
71,Cedi Osman,CLE,24.0,8-Jun,215.0,None,Turkey,2015,2,31,76.0,13.0,4.7,2.6,-12.8,1.80%,13.40%,18.20%,53.60%,12.00%,SF,11.0
72,Chandler Hutchison,CHI,23.0,7-Jun,197.0,Boise State,USA,2018,1,22,44.0,5.2,4.2,0.8,-5.6,3.30%,16.70%,12.10%,50.70%,5.50%,,
73,Chandler Parsons,MEM,30.0,10-Jun,230.0,Florida,USA,2011,2,38,25.0,7.5,2.8,1.7,-5.4,0.70%,12.60%,19.20%,48.40%,14.30%,SF,19.2
74,Channing Frye,CLE,36.0,Jul-00,255.0,Arizona,USA,2005,1,8,36.0,3.6,1.4,0.6,-22.7,1.00%,15.80%,17.40%,52.40%,10.00%,C,13.1
75,Channing Frye,CLE,36.0,Jul-00,255.0,Arizona,USA,2005,1,8,36.0,3.6,1.4,0.6,-22.7,1.00%,15.80%,17.40%,52.40%,10.00%,C,12.4
76,Channing Frye,CLE,36.0,Jul-00,255.0,Arizona,USA,2005,1,8,36.0,3.6,1.4,0.6,-22.7,1.00%,15.80%,17.40%,52.40%,10.00%,C,16.7
77,Chasson Randle,WAS,26.0,2-Jun,185.0,Stanford,USA,Undrafted,Undrafted,Undrafted,49.0,5.5,1.1,2.0,-5.8,1.30%,6.20%,16.00%,55.50%,18.20%,,
78,Cheick Diallo,NOP,22.0,9-Jun,220.0,Kansas,Mali,2016,2,33,64.0,6.0,5.2,0.5,-4.7,7.90%,26.00%,15.50%,64.40%,5.10%,PF,11.2
79,Chimezie Metu,SAS,22.0,10-Jun,225.0,Southern California,USA,2018,2,49,29.0,1.8,1.2,0.4,-1.3,6.10%,17.90%,22.30%,38.90%,14.00%,,
80,Chris Boucher,TOR,26.0,10-Jun,200.0,Oregon,Canada,Undrafted,Undrafted,Undrafted,28.0,3.3,2.0,0.1,-4.2,8.60%,20.90%,21.40%,56.30%,2.00%,PF,1.0
81,Chris Chiozza,HOU,23.0,Jun-00,175.0,None,USA,Undrafted,Undrafted,Undrafted,7.0,0.9,0.6,0.6,-25.0,2.10%,11.10%,10.80%,37.50%,19.00%,,
82,Chris Paul,HOU,34.0,Jun-00,175.0,Wake Forest,USA,2005,1,4,58.0,15.6,4.6,8.2,8.3,1.90%,12.30%,22.00%,56.00%,38.20%,PG,31.8
83,Christian Wood,NOP,23.0,10-Jun,214.0,Nevada-Las Vegas,USA,Undrafted,Undrafted,Undrafted,21.0,8.2,4.0,0.4,-9.4,6.10%,23.10%,24.70%,60.70%,5.10%,,
84,Clint Capela,HOU,25.0,10-Jun,240.0,None,Switzerland,2014,1,25,67.0,16.6,12.7,1.4,5.4,13.00%,24.10%,18.00%,65.80%,7.00%,C,27.5
85,Cody Zeller,CHA,26.0,Jul-00,240.0,Indiana,USA,2013,1,4,49.0,10.1,6.8,2.1,1.4,8.40%,17.10%,15.90%,61.10%,11.40%,C,19.0
86,Collin Sexton,CLE,20.0,2-Jun,190.0,Alabama,USA,2018,1,8,82.0,16.7,2.9,3.0,-12.5,2.10%,7.20%,24.70%,52.00%,15.40%,,
87,Corey Brewer,SAC,33.0,9-Jun,186.0,Florida,USA,2007,1,7,31.0,4.9,2.5,1.3,0.0,4.50%,9.80%,13.00%,53.20%,10.70%,SF-SG,16.8
88,Corey Brewer,SAC,33.0,9-Jun,186.0,Florida,USA,2007,1,7,31.0,4.9,2.5,1.3,0.0,4.50%,9.80%,13.00%,53.20%,10.70%,SF,12.9
89,Corey Brewer,SAC,33.0,9-Jun,186.0,Florida,USA,2007,1,7,31.0,4.9,2.5,1.3,0.0,4.50%,9.80%,13.00%,53.20%,10.70%,SG,28.6
90,Cory Joseph,IND,27.0,3-Jun,193.0,Texas,Canada,2011,1,29,82.0,6.5,3.4,3.9,5.2,1.90%,11.10%,13.40%,47.40%,20.80%,PG,27.0
91,Courtney Lee,DAL,33.0,5-Jun,215.0,Western Kentucky,USA,2008,1,22,34.0,4.0,1.6,1.1,-6.4,1.90%,10.50%,15.00%,49.20%,13.00%,SG,30.4
92,Cristiano Felicio,CHI,26.0,10-Jun,265.0,None,Brazil,Undrafted,Undrafted,Undrafted,60.0,4.0,3.6,0.6,-8.0,10.10%,18.70%,13.80%,56.80%,7.00%,C,17.8
93,D'Angelo Russell,BKN,23.0,5-Jun,198.0,Ohio State,USA,2015,1,2,81.0,21.1,3.9,7.0,0.2,2.00%,9.90%,31.10%,53.30%,39.20%,PG,25.7
94,D.J. Augustin,ORL,31.0,Jun-00,183.0,Texas,USA,2008,1,9,81.0,11.7,2.5,5.3,3.2,1.80%,7.10%,16.90%,61.60%,25.80%,PG,23.5
95,D.J. Wilson,MIL,23.0,10-Jun,231.0,Michigan,USA,2017,1,17,48.0,5.8,4.6,1.1,4.9,4.70%,17.40%,14.10%,51.50%,8.00%,PF,3.2
96,DJ Stephens,MEM,28.0,5-Jun,188.0,Memphis,USA,Undrafted,Undrafted,Undrafted,1.0,2.0,0.0,0.0,-23.2,0.00%,0.00%,13.00%,50.00%,0.00%,,
97,Dairis Bertans,NOP,29.0,4-Jun,200.0,None,Latvia,Undrafted,Undrafted,Undrafted,12.0,2.8,0.8,0.8,-15.0,1.10%,3.60%,12.00%,36.20%,7.80%,,
98,Damian Jones,GSW,23.0,Jul-00,245.0,Vanderbilt,USA,2016,1,30,24.0,5.4,3.1,1.2,3.0,8.60%,9.90%,11.30%,72.00%,8.40%,C,5.9
99,Damian Lillard,POR,28.0,3-Jun,195.0,Weber State,USA,2012,1,6,80.0,25.8,4.6,6.9,8.2,2.30%,10.00%,28.10%,58.80%,29.90%,PG,36.6
100,Damion Lee,GSW,26.0,6-Jun,210.0,Louisville,USA,Undrafted,Undrafted,Undrafted,32.0,4.9,2.0,0.4,-5.4,2.00%,13.40%,16.40%,57.80%,5.10%,SG,26.9
101,Damyean Dotson,NYK,25.0,6-Jun,210.0,Houston,USA,2017,2,44,73.0,10.7,3.6,1.8,-8.0,1.60%,10.80%,16.90%,52.60%,10.40%,SG,10.8
102,Daniel Hamilton,ATL,23.0,7-Jun,195.0,Connecticut,USA,2016,2,56,19.0,3.0,2.5,1.2,-4.9,4.30%,16.10%,15.30%,45.50%,15.70%,SG,4.7
103,Daniel Theis,BOS,27.0,8-Jun,243.0,None,Germany,Undrafted,Undrafted,Undrafted,66.0,5.7,3.4,1.0,7.4,8.80%,14.50%,15.00%,62.40%,10.80%,C,14.9
104,Danilo Gallinari,LAC,30.0,10-Jun,225.0,None,Italy,2008,1,6,68.0,19.8,6.1,2.6,2.3,2.70%,17.10%,23.70%,63.30%,13.40%,SF,32.0
105,Danny Green,TOR,32.0,6-Jun,215.0,North Carolina,USA,2009,2,46,80.0,10.3,4.0,1.6,13.4,2.80%,10.70%,13.90%,63.20%,7.30%,SG,25.6
106,Dante Cunningham,SAS,32.0,8-Jun,230.0,Villanova,USA,2009,2,33,64.0,3.0,2.9,0.8,-8.2,4.90%,14.80%,8.60%,58.50%,7.20%,SF,21.4
107,Dante Cunningham,SAS,32.0,8-Jun,230.0,Villanova,USA,2009,2,33,64.0,3.0,2.9,0.8,-8.2,4.90%,14.80%,8.60%,58.50%,7.20%,SF,21.9
108,Dante Cunningham,SAS,32.0,8-Jun,230.0,Villanova,USA,2009,2,33,64.0,3.0,2.9,0.8,-8.2,4.90%,14.80%,8.60%,58.50%,7.20%,SF,20.3
109,Dante Exum,UTA,23.0,6-Jun,190.0,None,Australia,2014,1,5,42.0,6.9,1.6,2.6,3.2,2.40%,7.70%,20.70%,51.60%,25.10%,PG,16.8
110,Danuel House Jr.,HOU,26.0,7-Jun,220.0,Texas A&M,USA,Undrafted,Undrafted,Undrafted,39.0,9.4,3.6,1.0,8.9,2.50%,11.20%,13.70%,64.60%,5.80%,,
111,Dario Saric,MIN,25.0,10-Jun,223.0,None,Croatia,2014,1,12,81.0,10.6,5.6,1.6,-2.0,5.80%,15.30%,17.20%,56.30%,8.90%,PF,29.6
112,Darius Miller,NOP,29.0,8-Jun,225.0,Kentucky,USA,2012,2,46,69.0,8.2,1.9,2.1,-0.2,0.70%,5.90%,13.10%,55.00%,10.70%,SF,23.7
113,Darren Collison,IND,31.0,Jun-00,175.0,California-Los Angeles,USA,2009,1,21,76.0,11.2,3.1,6.0,2.2,1.70%,8.90%,17.60%,57.40%,30.20%,PG,29.2
114,Daryl Macon,DAL,23.0,3-Jun,185.0,Arkansas,USA,Undrafted,Undrafted,Undrafted,8.0,3.6,1.5,0.9,-2.1,1.90%,9.90%,16.70%,48.20%,12.30%,,
115,David Nwaba,CLE,26.0,4-Jun,219.0,None,USA,Undrafted,Undrafted,Undrafted,51.0,6.5,3.2,1.1,-3.8,3.90%,12.80%,14.10%,55.80%,7.70%,SG,23.5
116,Davis Bertans,SAS,26.0,10-Jun,225.0,None,Latvia,2011,2,42,76.0,8.0,3.5,1.3,7.6,1.50%,13.90%,13.50%,63.20%,7.90%,PF,14.1
117,Davon Reed,IND,24.0,5-Jun,208.0,Miami (FL),USA,2017,2,32,10.0,1.2,0.6,0.3,18.7,3.30%,7.30%,10.40%,50.00%,6.80%,SG,11.5
118,De'Aaron Fox,SAC,21.0,3-Jun,175.0,Kentucky,USA,2017,1,5,81.0,17.3,3.8,7.3,0.9,1.50%,9.50%,23.80%,54.40%,32.20%,PG,27.8
119,De'Anthony Melton,PHX,21.0,4-Jun,200.0,Southern California,USA,2018,2,46,50.0,5.0,2.7,3.2,-7.9,2.50%,11.40%,14.70%,46.60%,21.40%,,
120,DeAndre Jordan,NYK,30.0,11-Jun,265.0,Texas A&M,USA,2008,2,35,69.0,11.0,13.1,2.3,-5.1,10.50%,31.50%,14.80%,67.40%,11.90%,C,31.5
121,DeAndre' Bembry,ATL,24.0,6-Jun,210.0,Saint Joseph's,USA,2016,1,21,82.0,8.4,4.4,2.5,-5.0,2.60%,14.80%,16.80%,50.80%,15.00%,SF,17.5
122,DeMar DeRozan,SAS,29.0,7-Jun,220.0,Southern California,USA,2009,1,9,77.0,21.2,6.0,6.2,0.0,2.00%,14.70%,27.70%,54.20%,27.70%,SG,33.9
123,DeMarcus Cousins,GSW,28.0,11-Jun,270.0,Kentucky,USA,2010,1,5,30.0,16.3,8.2,3.6,4.5,5.90%,23.20%,28.10%,56.20%,20.60%,C,36.2
124,DeMarre Carroll,BKN,32.0,8-Jun,215.0,Missouri,USA,2009,1,27,67.0,11.1,5.2,1.3,1.9,3.70%,15.10%,18.10%,54.60%,7.50%,PF,29.9
125,DeVaughn Akoon-Purcell,DEN,26.0,6-Jun,200.0,Illinois State,Trinidad and ...,Undrafted,Undrafted,Undrafted,7.0,1.0,0.6,0.9,4.2,4.30%,15.00%,22.80%,32.20%,37.50%,,
126,Deandre Ayton,PHX,20.0,1-Jul,250.0,Arizona,Bahamas,2018,1,1,71.0,16.3,10.3,1.8,-8.1,10.10%,24.00%,21.00%,60.80%,9.40%,,
127,Delon Wright,MEM,27.0,5-Jun,183.0,Utah,USA,2015,1,20,75.0,8.7,3.5,3.3,-0.1,3.70%,11.30%,17.20%,52.30%,21.70%,PG,20.8
128,Demetrius Jackson,PHI,24.0,1-Jun,201.0,Notre Dame,USA,2016,2,45,6.0,3.7,0.5,0.8,-14.8,4.50%,2.40%,18.20%,65.60%,18.50%,PG,5.3
129,Demetrius Jackson,PHI,24.0,1-Jun,201.0,Notre Dame,USA,2016,2,45,6.0,3.7,0.5,0.8,-14.8,4.50%,2.40%,18.20%,65.60%,18.50%,PG,5.3
130,Demetrius Jackson,PHI,24.0,1-Jun,201.0,Notre Dame,USA,2016,2,45,6.0,3.7,0.5,0.8,-14.8,4.50%,2.40%,18.20%,65.60%,18.50%,PG,5.7
131,Deng Adel,CLE,22.0,7-Jun,200.0,None,South Sudan,Undrafted,Undrafted,Undrafted,19.0,1.7,1.0,0.3,-9.5,1.40%,8.90%,9.70%,42.40%,3.80%,,
132,Dennis Schroder,OKC,25.0,1-Jun,172.0,None,Germany,2013,1,17,79.0,15.5,3.6,4.1,3.6,1.50%,10.20%,23.80%,50.80%,20.90%,PG,31.0
133,Dennis Smith Jr.,NYK,21.0,3-Jun,195.0,North Carolina State,USA,2017,1,9,53.0,13.6,2.9,4.8,-5.3,2.00%,7.50%,24.20%,50.20%,27.80%,,
134,Deonte Burton,OKC,25.0,5-Jun,245.0,Iowa State,USA,Undrafted,Undrafted,Undrafted,32.0,2.6,0.9,0.3,4.3,1.40%,9.00%,15.90%,47.00%,5.70%,,
135,Derrick Favors,UTA,27.0,10-Jun,265.0,Georgia Tech,USA,2010,1,3,76.0,11.8,7.4,1.2,4.6,11.50%,18.80%,18.80%,62.40%,7.90%,C,28.0
136,Derrick Jones Jr.,MIA,22.0,7-Jun,200.0,Nevada-Las Vegas,USA,Undrafted,Undrafted,Undrafted,60.0,7.0,4.0,0.6,-1.2,7.60%,11.90%,15.10%,55.90%,4.90%,,
137,Derrick Rose,MIN,30.0,3-Jun,200.0,Memphis,USA,2008,1,1,51.0,18.0,2.7,4.3,0.7,2.20%,7.00%,26.10%,55.70%,24.40%,PG,16.8
138,Derrick Rose,MIN,30.0,3-Jun,200.0,Memphis,USA,2008,1,1,51.0,18.0,2.7,4.3,0.7,2.20%,7.00%,26.10%,55.70%,24.40%,PG,19.3
139,Derrick Rose,MIN,30.0,3-Jun,200.0,Memphis,USA,2008,1,1,51.0,18.0,2.7,4.3,0.7,2.20%,7.00%,26.10%,55.70%,24.40%,PG,12.4
140,Derrick White,SAS,24.0,4-Jun,190.0,Colorado,USA,2017,1,29,67.0,9.9,3.7,3.9,4.8,2.20%,11.60%,17.80%,55.50%,20.60%,PG,8.2
141,Devin Booker,PHX,22.0,6-Jun,210.0,Kentucky,USA,2015,1,13,64.0,26.6,4.1,6.8,-6.9,1.70%,9.90%,32.00%,58.40%,32.70%,SG,34.5
142,Devin Harris,DAL,36.0,3-Jun,185.0,Wisconsin,USA,2004,1,5,68.0,6.3,1.6,1.8,-4.2,1.00%,9.00%,18.00%,52.70%,17.20%,PG,18.9
143,Devin Harris,DAL,36.0,3-Jun,185.0,Wisconsin,USA,2004,1,5,68.0,6.3,1.6,1.8,-4.2,1.00%,9.00%,18.00%,52.70%,17.20%,PG,18.3
144,Devin Harris,DAL,36.0,3-Jun,185.0,Wisconsin,USA,2004,1,5,68.0,6.3,1.6,1.8,-4.2,1.00%,9.00%,18.00%,52.70%,17.20%,PG,19.7
145,Devin Robinson,WAS,24.0,8-Jun,200.0,Florida,USA,Undrafted,Undrafted,Undrafted,7.0,6.7,2.9,0.9,-1.7,5.80%,14.30%,17.60%,61.60%,9.50%,SF,13.0
146,Devonte' Graham,CHA,24.0,2-Jun,185.0,Villanova,USA,2018,2,34,46.0,4.7,1.4,2.6,-7.3,1.30%,7.80%,16.60%,45.90%,26.60%,,
147,Dewayne Dedmon,ATL,29.0,Jul-00,245.0,Southern California,USA,Undrafted,Undrafted,Undrafted,64.0,10.8,7.5,1.4,-4.1,6.30%,22.90%,16.60%,60.20%,7.90%,C,24.9
148,Deyonta Davis,ATL,22.0,11-Jun,237.0,Michigan State,USA,2016,2,31,9.0,4.0,4.0,0.6,-9.8,6.30%,19.30%,9.90%,68.20%,6.30%,C,15.2
149,Dillon Brooks,MEM,23.0,6-Jun,220.0,Oregon,Canada,2017,2,45,18.0,7.5,1.7,0.9,-1.6,2.80%,7.60%,20.70%,49.90%,7.90%,SF,28.7
150,Dion Waiters,MIA,27.0,4-Jun,215.0,Syracuse,USA,2012,1,4,44.0,12.0,2.6,2.8,-2.0,0.60%,9.40%,21.30%,53.00%,16.40%,SG,30.6
151,Dirk Nowitzki,DAL,41.0,Jul-00,245.0,None,Germany,1998,1,9,51.0,7.3,3.1,0.7,-4.8,0.60%,18.00%,21.70%,46.90%,6.80%,C,24.7
152,Domantas Sabonis,IND,23.0,11-Jun,240.0,Gonzaga,Lithuania,2016,1,11,74.0,14.1,9.3,2.9,5.2,9.90%,26.90%,22.60%,63.00%,18.00%,C,24.5
153,Donatas Motiejunas,SAS,28.0,Jul-00,220.0,None,Lithuania,2011,1,20,3.0,2.0,1.0,0.3,-61.8,15.40%,7.70%,32.30%,43.60%,20.00%,,
154,Donovan Mitchell,UTA,22.0,3-Jun,215.0,Louisville,USA,2017,1,13,77.0,23.8,4.1,4.2,6.8,2.20%,9.30%,30.90%,53.70%,20.90%,SG,33.4
155,Donte DiVincenzo,MIL,22.0,4-Jun,203.0,Villanova,USA,2018,1,17,27.0,4.9,2.4,1.1,12.6,3.60%,9.90%,14.50%,50.70%,10.20%,,
156,Donte Grantham,OKC,24.0,8-Jun,215.0,Clemson,USA,Undrafted,Undrafted,Undrafted,3.0,0.0,0.0,0.0,-53.3,0.00%,0.00%,33.30%,0.00%,0.00%,,
157,Dorian Finney-Smith,DAL,26.0,8-Jun,220.0,Florida,USA,Undrafted,Undrafted,Undrafted,81.0,7.5,4.8,1.2,-1.9,6.40%,11.90%,13.50%,53.00%,7.00%,PF,21.3
158,Doug McDermott,IND,27.0,8-Jun,225.0,Creighton,USA,2014,1,11,77.0,7.3,1.4,0.9,3.6,1.20%,6.60%,15.20%,61.70%,7.00%,SF,21.8
159,Doug McDermott,IND,27.0,8-Jun,225.0,Creighton,USA,2014,1,11,77.0,7.3,1.4,0.9,3.6,1.20%,6.60%,15.20%,61.70%,7.00%,SF,21.3
160,Doug McDermott,IND,27.0,8-Jun,225.0,Creighton,USA,2014,1,11,77.0,7.3,1.4,0.9,3.6,1.20%,6.60%,15.20%,61.70%,7.00%,SF,22.9
161,Dragan Bender,PHX,21.0,1-Jul,225.0,None,Croatia,2016,1,4,46.0,5.0,4.0,1.2,-8.1,4.00%,16.80%,13.00%,52.10%,9.40%,PF,25.2
162,Draymond Green,GSW,29.0,7-Jun,230.0,Michigan State,USA,2012,2,35,66.0,7.4,7.3,6.9,10.7,3.10%,18.00%,12.80%,52.60%,26.10%,PF,32.7
163,Drew Eubanks,SAS,22.0,10-Jun,245.0,None,USA,Undrafted,Undrafted,Undrafted,23.0,1.8,1.5,0.3,-10.0,5.60%,21.40%,14.80%,64.60%,10.00%,,
164,Duncan Robinson,MIA,25.0,8-Jun,210.0,Michigan,USA,Undrafted,Undrafted,Undrafted,15.0,3.3,1.3,0.3,-10.9,1.10%,9.10%,13.40%,51.40%,4.50%,,
165,Dusty Hannahs,MEM,25.0,4-Jun,195.0,Arkansas,USA,Undrafted,Undrafted,Undrafted,2.0,4.0,0.5,2.5,-17.5,0.00%,3.60%,22.20%,31.10%,35.70%,,
166,Dwayne Bacon,CHA,23.0,7-Jun,221.0,Florida State,USA,2017,2,40,43.0,7.3,2.1,1.1,-2.0,1.00%,10.50%,16.70%,57.00%,9.20%,SG,13.5
167,Dwight Howard,WAS,33.0,11-Jun,265.0,None,USA,2004,1,1,9.0,12.8,9.2,0.4,-9.1,10.00%,25.80%,19.30%,63.80%,2.60%,C,30.4
168,Dwight Powell,DAL,27.0,11-Jun,240.0,Stanford,Canada,2014,2,45,77.0,10.6,5.3,1.5,0.9,8.10%,16.00%,16.70%,68.20%,10.10%,C,21.2
169,Dwyane Wade,MIA,37.0,4-Jun,220.0,Marquette,USA,2003,1,5,72.0,15.0,4.0,4.2,-1.8,3.30%,10.60%,26.90%,51.00%,26.40%,SG,22.9
170,Dwyane Wade,MIA,37.0,4-Jun,220.0,Marquette,USA,2003,1,5,72.0,15.0,4.0,4.2,-1.8,3.30%,10.60%,26.90%,51.00%,26.40%,SG,23.2
171,Dwyane Wade,MIA,37.0,4-Jun,220.0,Marquette,USA,2003,1,5,72.0,15.0,4.0,4.2,-1.8,3.30%,10.60%,26.90%,51.00%,26.40%,SG,22.2
172,Dzanan Musa,BKN,20.0,9-Jun,208.0,None,Bosnia and He...,2018,1,29,9.0,2.1,0.6,0.2,10.6,1.90%,10.50%,25.00%,41.50%,8.30%,,
173,E'Twaun Moore,NOP,30.0,4-Jun,191.0,Purdue,USA,2011,2,55,53.0,11.9,2.4,1.9,-0.3,2.30%,5.80%,17.00%,56.70%,9.30%,SG,31.5
174,Ed Davis,BKN,30.0,10-Jun,225.0,North Carolina,USA,2010,1,13,81.0,5.8,8.6,0.8,4.3,13.50%,30.70%,12.50%,63.20%,6.40%,C,18.9
175,Edmond Sumner,IND,23.0,6-Jun,176.0,Xavier,USA,2017,2,52,23.0,2.9,1.0,0.4,-7.8,3.80%,6.50%,15.70%,44.30%,6.30%,PG,2.0
176,Ekpe Udoh,UTA,32.0,10-Jun,245.0,Baylor,USA,2010,1,6,51.0,2.3,1.8,0.5,-7.7,9.00%,18.90%,12.80%,69.80%,13.10%,C,12.9
177,Elfrid Payton,NOP,25.0,4-Jun,185.0,Louisiana-Lafayette,USA,2014,1,10,42.0,10.6,5.2,7.6,-2.2,3.70%,12.90%,17.70%,50.20%,31.80%,PG,28.7
178,Elfrid Payton,NOP,25.0,4-Jun,185.0,Louisiana-Lafayette,USA,2014,1,10,42.0,10.6,5.2,7.6,-2.2,3.70%,12.90%,17.70%,50.20%,31.80%,PG,28.6
179,Elfrid Payton,NOP,25.0,4-Jun,185.0,Louisiana-Lafayette,USA,2014,1,10,42.0,10.6,5.2,7.6,-2.2,3.70%,12.90%,17.70%,50.20%,31.80%,PG,29.0
180,Elie Okobo,PHX,21.0,3-Jun,190.0,None,France,2018,2,31,53.0,5.7,1.8,2.4,-9.9,1.20%,9.20%,16.80%,48.90%,19.80%,,
181,Emanuel Terry,MIA,22.0,9-Jun,220.0,Lincoln Memorial (TN),USA,Undrafted,Undrafted,Undrafted,3.0,3.3,2.3,0.7,5.6,14.30%,23.50%,18.30%,57.10%,12.50%,,
182,Emmanuel Mudiay,NYK,23.0,5-Jun,200.0,None,Democratic Re...,2015,1,7,59.0,14.8,3.3,3.9,-10.8,1.90%,9.80%,24.80%,53.10%,24.20%,PG,19.5
183,Emmanuel Mudiay,NYK,23.0,5-Jun,200.0,None,Democratic Re...,2015,1,7,59.0,14.8,3.3,3.9,-10.8,1.90%,9.80%,24.80%,53.10%,24.20%,PG,17.9
184,Emmanuel Mudiay,NYK,23.0,5-Jun,200.0,None,Democratic Re...,2015,1,7,59.0,14.8,3.3,3.9,-10.8,1.90%,9.80%,24.80%,53.10%,24.20%,PG,22.4
185,Enes Kanter,POR,27.0,11-Jun,250.0,Kentucky,Turkey,2011,1,3,67.0,13.7,9.8,1.7,-6.2,13.80%,24.50%,21.90%,59.40%,12.00%,C,25.8
186,Eric Bledsoe,MIL,29.0,1-Jun,205.0,Kentucky,USA,2010,1,18,78.0,15.9,4.6,5.5,11.1,3.50%,10.80%,22.50%,57.70%,26.00%,PG,31.4
187,Eric Bledsoe,MIL,29.0,1-Jun,205.0,Kentucky,USA,2010,1,18,78.0,15.9,4.6,5.5,11.1,3.50%,10.80%,22.50%,57.70%,26.00%,PG,27.7
188,Eric Bledsoe,MIL,29.0,1-Jun,205.0,Kentucky,USA,2010,1,18,78.0,15.9,4.6,5.5,11.1,3.50%,10.80%,22.50%,57.70%,26.00%,PG,31.5
189,Eric Gordon,HOU,30.0,4-Jun,215.0,Indiana,USA,2008,1,7,68.0,16.2,2.2,1.9,8.1,0.70%,5.90%,21.50%,54.90%,9.00%,SG,31.2
190,Eric Moreland,TOR,27.0,10-Jun,238.0,Oregon State,USA,Undrafted,Undrafted,Undrafted,5.0,1.4,4.0,0.8,-21.9,10.80%,34.80%,11.70%,50.00%,15.40%,PF,12.0
191,Ersan Ilyasova,MIL,32.0,10-Jun,235.0,None,Turkey,2005,2,36,67.0,6.8,4.5,0.8,9.7,7.10%,15.10%,15.10%,54.80%,5.60%,PF,25.1
192,Ersan Ilyasova,MIL,32.0,10-Jun,235.0,None,Turkey,2005,2,36,67.0,6.8,4.5,0.8,9.7,7.10%,15.10%,15.10%,54.80%,5.60%,PF,25.5
193,Ersan Ilyasova,MIL,32.0,10-Jun,235.0,None,Turkey,2005,2,36,67.0,6.8,4.5,0.8,9.7,7.10%,15.10%,15.10%,54.80%,5.60%,PF,24.1
194,Evan Fournier,ORL,26.0,7-Jun,205.0,None,France,2012,1,20,81.0,15.1,3.2,3.6,1.7,1.40%,8.60%,21.70%,53.60%,17.00%,SF,32.2
195,Evan Turner,POR,30.0,7-Jun,220.0,Ohio State,USA,2010,1,2,73.0,6.8,4.5,3.9,1.3,2.20%,16.70%,15.80%,50.40%,24.20%,SF,25.7
196,Frank Jackson,NOP,21.0,3-Jun,205.0,Duke,USA,2017,2,31,61.0,8.1,2.2,1.1,-5.0,1.90%,8.50%,17.80%,51.70%,8.00%,,
197,Frank Kaminsky,CHA,26.0,Jul-00,242.0,Wisconsin,USA,2015,1,9,47.0,8.6,3.5,1.3,0.9,4.80%,16.40%,21.60%,58.70%,12.90%,PF,23.2
198,Frank Mason,SAC,25.0,11-May,190.0,Kansas,USA,2017,2,34,38.0,5.1,1.1,2.2,-14.5,1.30%,8.30%,21.30%,50.20%,28.00%,PG,18.9
199,Frank Ntilikina,NYK,20.0,6-Jun,200.0,None,France,2017,1,8,43.0,5.7,2.0,2.8,-8.5,1.20%,8.00%,16.30%,41.70%,19.50%,PG,21.9
200,Fred VanVleet,TOR,25.0,Jun-00,195.0,Wichita State,USA,Undrafted,Undrafted,Undrafted,64.0,11.0,2.6,4.8,8.1,1.20%,7.80%,17.70%,53.90%,24.30%,PG,20.0
201,Furkan Korkmaz,PHI,21.0,7-Jun,190.0,None,Turkey,2016,1,26,48.0,5.8,2.2,1.1,3.7,2.30%,13.00%,17.40%,52.80%,10.70%,SG,5.7
202,Garrett Temple,LAC,33.0,6-Jun,195.0,Louisiana State,USA,Undrafted,Undrafted,Undrafted,75.0,7.8,2.9,1.4,-1.6,1.40%,9.20%,13.10%,54.30%,7.50%,SG,24.8
203,Gary Clark,HOU,24.0,8-Jun,225.0,None,USA,Undrafted,Undrafted,Undrafted,51.0,2.9,2.3,0.4,2.0,3.50%,14.40%,10.60%,48.00%,4.00%,,
204,Gary Harris,DEN,24.0,4-Jun,210.0,Michigan State,USA,2014,1,19,57.0,12.9,2.8,2.2,6.2,2.40%,7.00%,19.50%,52.60%,11.00%,SG,34.4
205,Gary Payton II,WAS,26.0,3-Jun,190.0,Oregon State,USA,Undrafted,Undrafted,Undrafted,3.0,3.7,0.7,1.3,25.8,6.70%,5.00%,21.40%,68.80%,33.30%,,
206,Gary Trent Jr.,POR,20.0,6-Jun,205.0,None,USA,Undrafted,Undrafted,Undrafted,15.0,2.7,0.7,0.3,-4.7,1.00%,8.00%,21.30%,37.70%,5.70%,,
207,George Hill,MIL,33.0,3-Jun,188.0,IUPUI,USA,2008,1,26,60.0,7.6,2.5,2.3,5.6,2.80%,7.50%,14.70%,55.40%,14.60%,PG,27.0
208,George Hill,MIL,33.0,3-Jun,188.0,IUPUI,USA,2008,1,26,60.0,7.6,2.5,2.3,5.6,2.80%,7.50%,14.70%,55.40%,14.60%,PG,26.6
209,George Hill,MIL,33.0,3-Jun,188.0,IUPUI,USA,2008,1,26,60.0,7.6,2.5,2.3,5.6,2.80%,7.50%,14.70%,55.40%,14.60%,PG,27.9
210,George King,PHX,25.0,6-Jun,220.0,Colorado,USA,2018,2,59,1.0,0.0,1.0,0.0,-75.0,0.00%,25.00%,0.00%,0.00%,0.00%,,
211,Georges Niang,UTA,26.0,8-Jun,230.0,Iowa State,USA,2016,2,50,59.0,4.0,1.5,0.6,-7.7,2.20%,13.50%,17.00%,61.30%,10.70%,PF,3.6
212,Gerald Green,HOU,33.0,7-Jun,205.0,None,USA,2005,1,18,73.0,9.2,2.5,0.5,4.6,1.90%,10.00%,19.00%,55.50%,4.10%,SG,22.7
213,Giannis Antetokounmpo,MIL,24.0,11-Jun,242.0,None,Greece,2013,1,15,72.0,27.7,12.5,5.9,12.5,6.60%,27.30%,31.40%,64.40%,29.40%,PF,36.7
214,Glenn Robinson III,DET,25.0,6-Jun,222.0,Michigan,USA,2014,2,40,47.0,4.2,1.5,0.4,-0.8,2.60%,8.90%,14.60%,51.10%,5.30%,,
215,Goran Dragic,MIA,33.0,3-Jun,190.0,None,Slovenia,2008,2,45,36.0,13.7,3.1,4.8,1.3,1.90%,8.70%,22.40%,51.70%,25.90%,PG,31.7
216,Gordon Hayward,BOS,29.0,8-Jun,225.0,Butler,USA,2010,1,9,72.0,11.5,4.5,3.4,5.1,2.60%,14.10%,18.30%,57.50%,18.50%,SF,5.0
217,Gorgui Dieng,MIN,29.0,11-Jun,252.0,Louisville,Senegal,2013,1,21,76.0,6.4,4.1,0.9,-3.8,7.20%,22.50%,19.40%,57.20%,10.60%,C,16.9
218,Grayson Allen,UTA,23.0,5-Jun,198.0,Duke,USA,2018,1,21,38.0,5.6,0.6,0.7,-13.6,0.70%,4.70%,23.80%,51.60%,10.20%,,
219,Greg Monroe,PHI,29.0,11-Jun,265.0,Georgetown,USA,2010,1,7,43.0,5.3,4.0,0.6,-6.7,11.90%,21.80%,21.10%,52.10%,7.90%,C,20.4
220,Greg Monroe,PHI,29.0,11-Jun,265.0,Georgetown,USA,2010,1,7,43.0,5.3,4.0,0.6,-6.7,11.90%,21.80%,21.10%,52.10%,7.90%,C,15.8
221,Greg Monroe,PHI,29.0,11-Jun,265.0,Georgetown,USA,2010,1,7,43.0,5.3,4.0,0.6,-6.7,11.90%,21.80%,21.10%,52.10%,7.90%,C,23.3
222,Greg Monroe,PHI,29.0,11-Jun,265.0,Georgetown,USA,2010,1,7,43.0,5.3,4.0,0.6,-6.7,11.90%,21.80%,21.10%,52.10%,7.90%,C,19.1
223,Guerschon Yabusele,BOS,23.0,8-Jun,260.0,None,France,2016,1,16,41.0,2.3,1.3,0.4,-3.6,8.40%,10.40%,16.80%,54.20%,8.80%,PF,7.1
224,Hamidou Diallo,OKC,20.0,5-Jun,198.0,Kentucky,USA,2018,2,45,51.0,3.7,1.9,0.3,-6.8,6.50%,11.00%,16.00%,49.70%,4.40%,,
225,Harrison Barnes,SAC,27.0,8-Jun,225.0,North Carolina,USA,2012,1,7,77.0,16.4,4.7,1.5,-1.5,2.10%,11.10%,20.20%,55.00%,6.90%,PF,34.2
226,Harry Giles III,SAC,21.0,10-Jun,240.0,Duke,USA,2017,1,20,58.0,7.0,3.8,1.5,-5.0,7.60%,17.10%,22.70%,52.60%,15.50%,,
227,Hassan Whiteside,MIA,30.0,Jul-00,265.0,Marshall,USA,2010,2,33,72.0,12.3,11.3,0.8,0.8,13.90%,30.50%,21.50%,56.40%,5.40%,C,25.3
228,Haywood Highsmith,PHI,22.0,7-Jun,220.0,None,USA,Undrafted,Undrafted,Undrafted,5.0,1.8,1.0,0.4,-27.6,0.00%,14.30%,11.50%,41.40%,6.70%,,
229,Henry Ellenson,NYK,22.0,11-Jun,245.0,Marquette,USA,2016,1,18,19.0,6.0,3.5,0.8,-0.7,1.80%,21.40%,18.60%,53.80%,9.60%,PF,8.7
230,Ian Clark,NOP,28.0,3-Jun,175.0,Belmont,USA,Undrafted,Undrafted,Undrafted,60.0,6.7,1.5,1.6,-3.4,1.20%,7.10%,18.50%,50.20%,13.20%,SG,19.7
231,Ian Mahinmi,WAS,32.0,11-Jun,262.0,None,France,2005,1,28,34.0,4.1,3.8,0.7,-3.2,8.80%,16.10%,12.80%,53.10%,7.30%,C,14.9
232,Ike Anigbogu,IND,20.0,10-Jun,250.0,California-Los Angeles,USA,2017,2,47,3.0,0.0,1.0,0.3,-14.3,14.30%,25.00%,26.70%,0.00%,20.00%,C,2.7
233,Iman Shumpert,HOU,29.0,5-Jun,215.0,Georgia Tech,USA,2011,1,17,62.0,7.5,3.0,1.8,-1.4,1.60%,10.10%,14.30%,49.90%,9.80%,SG,19.7
234,Isaac Bonga,LAL,19.0,8-Jun,180.0,None,Germany,2018,2,39,22.0,0.9,1.1,0.7,7.0,6.40%,11.30%,15.10%,24.00%,16.30%,,
235,Isaac Humphries,ATL,21.0,Jul-00,260.0,University of Kentucky,Australia,Undrafted,Undrafted,Undrafted,5.0,3.0,2.2,0.0,-17.1,5.50%,12.30%,14.20%,35.70%,0.00%,,
236,Isaiah Briscoe,ORL,23.0,3-Jun,215.0,None,USA,Undrafted,Undrafted,Undrafted,39.0,3.5,1.9,2.2,2.0,0.80%,11.10%,13.90%,45.50%,22.60%,,
237,Isaiah Canaan,MIL,28.0,Jun-00,200.0,Murray State,USA,2013,2,34,30.0,6.0,1.9,2.8,-12.3,1.00%,8.60%,14.70%,51.80%,19.40%,PG-SG,21.1
238,Isaiah Canaan,MIL,28.0,Jun-00,200.0,Murray State,USA,2013,2,34,30.0,6.0,1.9,2.8,-12.3,1.00%,8.60%,14.70%,51.80%,19.40%,SG,4.0
239,Isaiah Canaan,MIL,28.0,Jun-00,200.0,Murray State,USA,2013,2,34,30.0,6.0,1.9,2.8,-12.3,1.00%,8.60%,14.70%,51.80%,19.40%,PG,22.0
240,Isaiah Hartenstein,HOU,21.0,Jul-00,249.0,None,Germany,2017,2,43,28.0,1.9,1.7,0.5,9.6,8.90%,11.80%,11.20%,56.20%,10.00%,,
241,Isaiah Hicks,NYK,24.0,9-Jun,230.0,North Carolina,USA,Undrafted,Undrafted,Undrafted,3.0,4.0,2.3,0.7,-4.5,5.90%,14.70%,15.30%,58.80%,11.80%,PF,13.3
242,Isaiah Thomas,DEN,30.0,9-May,185.0,Washington,USA,2011,2,60,12.0,8.1,1.1,1.9,-5.5,2.30%,4.00%,27.40%,43.70%,19.80%,PG,26.9
243,Isaiah Thomas,DEN,30.0,9-May,185.0,Washington,USA,2011,2,60,12.0,8.1,1.1,1.9,-5.5,2.30%,4.00%,27.40%,43.70%,19.80%,PG,27.1
244,Isaiah Thomas,DEN,30.0,9-May,185.0,Washington,USA,2011,2,60,12.0,8.1,1.1,1.9,-5.5,2.30%,4.00%,27.40%,43.70%,19.80%,PG,26.8
245,Ish Smith,DET,30.0,Jun-00,175.0,Wake Forest,USA,Undrafted,Undrafted,Undrafted,56.0,8.9,2.6,3.6,2.7,1.70%,9.70%,19.30%,48.50%,24.30%,PG,24.9
246,Ivan Rabb,MEM,22.0,10-Jun,220.0,California,USA,2017,2,35,49.0,5.8,4.2,1.1,-6.2,9.70%,19.70%,16.60%,58.60%,12.30%,PF,14.3
247,Ivica Zubac,LAC,22.0,1-Jul,240.0,None,Croatia,2016,2,32,59.0,8.9,6.1,1.1,1.8,10.80%,21.60%,19.90%,60.40%,9.30%,C,9.5
248,J.J. Barea,DAL,35.0,Jun-00,185.0,Northeastern,Puerto Rico,Undrafted,Undrafted,Undrafted,38.0,10.9,2.5,5.6,3.2,1.60%,10.60%,26.30%,49.50%,45.40%,PG,23.2
249,J.P. Macura,CHA,24.0,5-Jun,205.0,Xavier (Ohio),USA,Undrafted,Undrafted,Undrafted,2.0,3.0,1.5,1.0,-2.2,0.00%,14.30%,20.90%,33.30%,20.00%,,
250,JJ Redick,PHI,35.0,4-Jun,200.0,Duke,USA,2006,1,11,76.0,18.1,2.4,2.7,5.6,0.80%,6.20%,20.90%,60.20%,12.90%,,
251,JR Smith,CLE,33.0,6-Jun,225.0,None,USA,2004,1,18,11.0,6.7,1.6,1.9,-3.4,0.00%,8.00%,17.60%,44.40%,13.30%,,
252,JaKarr Sampson,CHI,26.0,9-Jun,215.0,St. John's (NY),USA,Undrafted,Undrafted,Undrafted,4.0,20.0,8.0,1.0,-2.3,3.70%,19.60%,23.40%,63.30%,5.20%,SF,15.6
253,JaMychal Green,LAC,29.0,9-Jun,227.0,Alabama,USA,Undrafted,Undrafted,Undrafted,65.0,9.4,6.3,0.8,-5.8,7.10%,21.80%,18.50%,58.70%,5.80%,PF,28.0
254,JaVale McGee,LAL,31.0,Jul-00,270.0,Nevada-Reno,USA,2008,1,18,75.0,12.0,7.5,0.7,-4.4,11.20%,20.30%,19.70%,63.40%,4.50%,C,9.5
255,Jabari Parker,WAS,24.0,8-Jun,245.0,Duke,USA,2014,1,2,64.0,14.5,6.6,2.4,-6.2,4.50%,18.70%,23.60%,56.00%,14.00%,PF,24.0
256,Jacob Evans,GSW,22.0,6-Jun,210.0,University of Cincinnati,USA,2018,1,28,30.0,1.3,0.8,0.8,-5.9,2.90%,8.40%,13.40%,37.40%,15.00%,,
257,Jae Crowder,UTA,28.0,6-Jun,235.0,Marquette,USA,2012,2,34,80.0,11.9,4.8,1.7,4.4,2.70%,13.90%,18.30%,53.80%,9.00%,SF,26.1
258,Jae Crowder,UTA,28.0,6-Jun,235.0,Marquette,USA,2012,2,34,80.0,11.9,4.8,1.7,4.4,2.70%,13.90%,18.30%,53.80%,9.00%,SF,25.4
259,Jae Crowder,UTA,28.0,6-Jun,235.0,Marquette,USA,2012,2,34,80.0,11.9,4.8,1.7,4.4,2.70%,13.90%,18.30%,53.80%,9.00%,SF,27.6
260,Jahlil Okafor,NOP,23.0,11-Jun,275.0,Duke,USA,2015,1,3,59.0,8.2,4.7,0.7,-5.5,8.40%,19.60%,19.80%,60.30%,6.40%,C,12.6
261,Jahlil Okafor,NOP,23.0,11-Jun,275.0,Duke,USA,2015,1,3,59.0,8.2,4.7,0.7,-5.5,8.40%,19.60%,19.80%,60.30%,6.40%,C,12.5
262,Jahlil Okafor,NOP,23.0,11-Jun,275.0,Duke,USA,2015,1,3,59.0,8.2,4.7,0.7,-5.5,8.40%,19.60%,19.80%,60.30%,6.40%,C,12.6
263,Jake Layman,POR,25.0,9-Jun,215.0,Maryland,USA,2016,2,47,71.0,7.6,3.1,0.7,2.0,4.10%,11.50%,15.60%,59.40%,5.60%,SF,4.6
264,Jakob Poeltl,SAS,23.0,Jul-00,230.0,Utah,Austria,2016,1,9,77.0,5.5,5.3,1.2,3.9,13.60%,17.10%,12.50%,64.00%,9.90%,C,18.6
265,Jalen Brunson,DAL,22.0,3-Jun,190.0,Villanova,USA,2018,2,33,73.0,9.3,2.3,3.2,-2.8,1.50%,8.70%,18.60%,54.90%,22.30%,,
266,Jalen Jones,CLE,26.0,7-Jun,220.0,Texas A&M,USA,Undrafted,Undrafted,Undrafted,16.0,5.1,2.1,0.4,-6.7,5.00%,11.30%,16.20%,54.80%,5.00%,SF,11.3
267,Jalen Jones,CLE,26.0,7-Jun,220.0,Texas A&M,USA,Undrafted,Undrafted,Undrafted,16.0,5.1,2.1,0.4,-6.7,5.00%,11.30%,16.20%,54.80%,5.00%,SF,4.8
268,Jalen Jones,CLE,26.0,7-Jun,220.0,Texas A&M,USA,Undrafted,Undrafted,Undrafted,16.0,5.1,2.1,0.4,-6.7,5.00%,11.30%,16.20%,54.80%,5.00%,SF,13.5
269,Jamal Crawford,PHX,39.0,5-Jun,185.0,Michigan,USA,2000,1,8,64.0,7.9,1.3,3.6,-15.1,0.60%,6.10%,19.80%,52.20%,28.30%,SG,20.7
270,Jamal Murray,DEN,22.0,4-Jun,207.0,Kentucky,Canada,2016,1,7,75.0,18.2,4.2,4.8,4.8,2.60%,10.10%,24.10%,53.80%,22.00%,PG,31.7
271,James Ennis III,PHI,28.0,7-Jun,210.0,Long Beach State,USA,2013,2,50,58.0,6.7,3.1,0.7,0.7,4.80%,9.90%,12.50%,59.00%,4.70%,,
272,James Harden,HOU,29.0,5-Jun,220.0,Arizona State,USA,2009,1,3,78.0,36.1,6.6,7.5,6.3,2.30%,15.70%,39.60%,61.60%,39.40%,SG,35.4
273,James Johnson,MIA,32.0,8-Jun,240.0,Wake Forest,USA,2009,1,16,55.0,7.8,3.2,2.5,-4.6,1.80%,12.30%,17.70%,52.20%,16.70%,PF,26.6
274,James Nunnally,HOU,28.0,7-Jun,208.0,California-Santa Barbara,USA,Undrafted,Undrafted,Undrafted,15.0,2.4,0.3,0.5,-11.0,0.00%,5.30%,15.30%,50.30%,9.70%,,
275,Jared Dudley,BKN,33.0,7-Jun,237.0,Boston College,USA,2007,1,22,59.0,4.9,2.6,1.4,0.8,2.70%,9.60%,10.40%,55.40%,9.30%,PF,14.3
276,Jared Terrell,MIN,24.0,3-Jun,227.0,Rhode Island,USA,Undrafted,Undrafted,Undrafted,14.0,2.2,0.4,0.9,-12.3,0.80%,4.40%,19.70%,37.20%,18.20%,,
277,Jarell Martin,ORL,25.0,10-Jun,239.0,Louisiana State,USA,2015,1,25,42.0,2.7,1.7,0.4,4.4,3.10%,18.50%,15.30%,52.80%,7.80%,PF,22.8
278,Jaren Jackson Jr.,MEM,19.0,11-Jun,242.0,Michigan State,USA,2018,1,4,58.0,13.8,4.7,1.1,-2.3,4.90%,13.20%,23.10%,59.10%,7.40%,,
279,Jaron Blossomgame,CLE,25.0,8-Jun,220.0,Clemson,USA,2017,2,59,27.0,4.2,3.6,0.5,-6.0,5.50%,16.20%,12.00%,51.00%,4.30%,,
280,Jarred Vanderbilt,DEN,20.0,9-Jun,214.0,Kentucky,USA,2018,2,41,17.0,1.4,1.4,0.2,4.5,8.40%,20.50%,17.90%,51.30%,6.40%,,
281,Jarrett Allen,BKN,21.0,11-Jun,237.0,Texas,USA,2017,1,22,80.0,10.9,8.4,1.4,-2.4,8.80%,20.80%,15.80%,63.20%,7.60%,C,20.0
282,Jason Smith,NOP,33.0,Jul-00,240.0,Colorado State,USA,2007,1,20,20.0,3.3,2.6,0.7,-12.1,7.70%,17.40%,16.90%,49.20%,11.20%,C,8.6
283,Jawun Evans,OKC,22.0,Jun-00,190.0,Oklahoma State,USA,2017,2,39,8.0,0.8,1.5,1.3,-38.0,1.50%,17.20%,14.20%,21.40%,23.80%,PG,16.2
284,Jaylen Adams,ATL,23.0,2-Jun,190.0,St. Bonaventure,USA,Undrafted,Undrafted,Undrafted,34.0,3.2,1.8,1.9,-6.5,2.20%,10.90%,13.10%,47.40%,20.10%,,
285,Jaylen Brown,BOS,22.0,7-Jun,220.0,California,USA,2016,1,3,74.0,13.0,4.2,1.4,2.3,3.20%,12.20%,21.50%,54.70%,7.90%,SG,30.7
286,Jaylen Morris,MIL,23.0,5-Jun,185.0,Molloy,USA,Undrafted,Undrafted,Undrafted,4.0,2.5,1.3,1.0,22.5,0.00%,14.70%,15.00%,46.00%,17.40%,SG,16.3
287,Jayson Tatum,BOS,21.0,8-Jun,208.0,Duke,USA,2017,1,3,79.0,15.7,6.0,2.1,6.8,2.80%,15.70%,21.80%,54.70%,9.80%,SF,30.5
288,Jeff Green,WAS,32.0,9-Jun,235.0,Georgetown,USA,2007,1,5,77.0,12.3,4.0,1.8,-2.0,2.70%,11.70%,17.40%,60.80%,9.30%,PF,23.4
289,Jeff Teague,MIN,31.0,2-Jun,195.0,Wake Forest,USA,2009,1,19,42.0,12.1,2.5,8.2,-0.1,1.20%,6.70%,18.60%,52.80%,36.60%,PG,33.0
290,Jemerrio Jones,LAL,24.0,5-Jun,174.0,None,USA,Undrafted,Undrafted,Undrafted,6.0,4.5,8.2,2.2,10.7,10.00%,19.80%,10.80%,39.80%,11.50%,,
291,Jerami Grant,OKC,25.0,9-Jun,220.0,Syracuse,USA,2014,2,39,80.0,13.6,5.2,1.0,5.4,3.20%,11.80%,15.00%,59.20%,4.00%,PF,20.3
292,Jeremy Lamb,CHA,27.0,5-Jun,185.0,Connecticut,USA,2012,1,12,79.0,15.3,5.5,2.2,0.7,2.70%,15.90%,22.00%,55.20%,11.90%,SG,24.6
293,Jeremy Lin,TOR,30.0,3-Jun,200.0,Harvard,USA,Undrafted,Undrafted,Undrafted,74.0,9.6,2.4,3.1,-5.1,1.40%,10.20%,21.30%,55.80%,24.90%,PG,25.0
294,Jerian Grant,ORL,26.0,4-Jun,205.0,Notre Dame,USA,2015,1,19,60.0,4.2,1.6,2.6,-7.3,1.90%,8.30%,13.00%,52.60%,24.20%,PG,22.8
295,Jerome Robinson,LAC,22.0,5-Jun,190.0,Boston College,USA,2018,1,13,33.0,3.4,1.2,0.6,-3.4,0.90%,10.90%,15.90%,49.10%,8.00%,,
296,Jerryd Bayless,MIN,30.0,3-Jun,200.0,Arizona,USA,2008,1,11,34.0,6.1,1.8,3.5,-12.4,1.50%,8.00%,17.20%,43.10%,26.20%,SG,23.7
297,Jevon Carter,MEM,23.0,2-Jun,196.0,West Virginia,USA,2018,2,32,39.0,4.4,1.7,1.8,-6.8,2.30%,9.00%,17.20%,43.20%,18.40%,,
298,Jimmer Fredette,PHX,30.0,2-Jun,195.0,Brigham Young,USA,2011,1,10,6.0,3.7,1.2,1.3,-25.5,1.30%,8.80%,24.20%,34.80%,20.00%,,
299,Jimmy Butler,PHI,29.0,8-Jun,232.0,Marquette,USA,2011,1,30,65.0,18.7,5.3,4.0,3.6,5.40%,9.40%,21.80%,57.10%,17.90%,SG,36.7
300,Joakim Noah,MEM,34.0,11-Jun,230.0,Florida,USA,2007,1,9,42.0,7.1,5.7,2.1,1.8,7.80%,24.70%,19.10%,57.10%,20.20%,C,5.7
301,Jodie Meeks,TOR,31.0,4-Jun,210.0,Kentucky,USA,2009,2,41,8.0,6.4,1.5,1.0,5.8,1.00%,9.30%,16.90%,64.70%,9.60%,SG,14.5
302,Joe Chealey,CHA,23.0,3-Jun,190.0,Charleston (SC),USA,Undrafted,Undrafted,Undrafted,1.0,2.0,0.0,1.0,-25.8,0.00%,0.00%,17.60%,33.30%,25.00%,,
303,Joe Harris,BKN,27.0,6-Jun,218.0,Virginia,USA,2014,2,33,76.0,13.7,3.8,2.4,-1.6,2.20%,9.60%,16.70%,64.50%,11.40%,SG,25.3
304,Joe Ingles,UTA,31.0,8-Jun,226.0,None,Australia,Undrafted,Undrafted,Undrafted,82.0,12.1,4.0,5.7,7.7,1.30%,10.80%,17.00%,58.10%,26.20%,SF,31.4
305,Joel Embiid,PHI,25.0,Jul-00,250.0,Kansas,Cameroon,2014,1,3,64.0,27.5,13.6,3.7,7.6,7.50%,29.20%,32.70%,59.30%,18.50%,C,30.3
306,John Collins,ATL,21.0,10-Jun,235.0,Wake Forest,USA,2017,1,19,61.0,19.5,9.8,2.0,-1.4,11.20%,19.60%,23.00%,62.70%,10.20%,PF,24.1
307,John Henson,CLE,28.0,11-Jun,219.0,North Carolina,USA,2012,1,14,14.0,5.6,5.1,1.0,1.7,7.40%,23.30%,17.30%,55.30%,10.80%,C,25.9
308,John Holland,CLE,30.0,5-Jun,205.0,Boston U.,USA,Undrafted,Undrafted,Undrafted,1.0,0.0,0.0,0.0,50.0,0.00%,0.00%,0.00%,0.00%,0.00%,SF,7.3
309,John Jenkins,NYK,28.0,4-Jun,215.0,Vanderbilt,USA,2012,1,23,26.0,4.7,1.4,0.8,-6.5,1.80%,8.30%,16.00%,53.60%,10.50%,,
310,John Wall,WAS,28.0,4-Jun,210.0,Kentucky,USA,2010,1,1,32.0,20.7,3.6,8.7,-6.2,1.30%,8.70%,28.60%,52.70%,39.10%,PG,34.4
311,Johnathan Motley,LAC,24.0,10-Jun,230.0,Baylor,USA,Undrafted,Undrafted,Undrafted,22.0,4.6,2.3,0.5,-8.9,10.40%,21.30%,26.60%,56.30%,12.90%,PF,16.0
312,Johnathan Williams,LAL,24.0,9-Jun,228.0,Gonzaga University,USA,Undrafted,Undrafted,Undrafted,24.0,6.5,4.1,0.5,7.6,11.60%,13.00%,15.80%,59.90%,5.10%,,
313,Jon Leuer,DET,30.0,10-Jun,228.0,Wisconsin,USA,2011,2,40,41.0,3.8,2.4,0.3,-13.3,6.20%,18.20%,15.70%,61.60%,6.00%,PF,17.0
314,Jonah Bolden,PHI,23.0,10-Jun,220.0,None,Australia,2017,2,36,44.0,4.7,3.8,0.9,-1.8,6.70%,17.30%,13.10%,59.50%,8.50%,,
315,Jonas Jerebko,GSW,32.0,10-Jun,231.0,None,Sweden,2009,2,39,73.0,6.3,3.9,1.3,1.5,5.50%,16.80%,14.40%,58.80%,10.60%,PF,15.3
316,Jonas Valanciunas,MEM,27.0,Jul-00,265.0,None,Lithuania,2011,1,5,49.0,15.6,8.6,1.4,2.7,9.60%,26.80%,27.40%,61.60%,10.90%,C,22.4
317,Jonathan Isaac,ORL,21.0,10-Jun,210.0,Florida State,USA,2017,1,6,75.0,9.6,5.5,1.1,1.0,4.80%,15.20%,16.00%,53.70%,5.50%,PF,19.9
318,Jonathon Simmons,PHI,29.0,6-Jun,195.0,Houston,USA,Undrafted,Undrafted,Undrafted,56.0,6.5,2.3,2.3,-5.3,2.40%,9.00%,18.20%,46.60%,17.50%,SG,29.4
319,Jordan Bell,GSW,24.0,9-Jun,224.0,Oregon,USA,2017,2,38,68.0,3.3,2.7,1.1,-5.3,6.80%,15.40%,13.30%,53.10%,13.40%,C,14.2
320,Jordan Clarkson,CLE,27.0,5-Jun,194.0,Missouri,USA,2014,2,46,81.0,16.8,3.3,2.4,-8.0,3.50%,8.70%,26.60%,53.90%,15.30%,SG,23.3
321,Jordan Clarkson,CLE,27.0,5-Jun,194.0,Missouri,USA,2014,2,46,81.0,16.8,3.3,2.4,-8.0,3.50%,8.70%,26.60%,53.90%,15.30%,SG,23.7
322,Jordan Clarkson,CLE,27.0,5-Jun,194.0,Missouri,USA,2014,2,46,81.0,16.8,3.3,2.4,-8.0,3.50%,8.70%,26.60%,53.90%,15.30%,SG,22.6
323,Jordan Loyd,TOR,25.0,4-Jun,210.0,None,USA,Undrafted,Undrafted,Undrafted,12.0,2.4,0.8,0.5,-15.7,1.70%,13.30%,15.90%,63.50%,18.20%,,
324,Jordan McRae,WAS,28.0,5-Jun,179.0,Tennessee,USA,2014,2,58,27.0,5.9,1.5,1.1,-3.3,1.70%,9.50%,19.10%,55.00%,13.10%,,
325,Jordan Sibert,ATL,26.0,4-Jun,187.0,Dayton,USA,Undrafted,Undrafted,Undrafted,1.0,3.0,0.0,0.0,-36.7,0.00%,0.00%,8.30%,150.00%,0.00%,,
326,Jose Calderon,DET,37.0,3-Jun,200.0,None,Spain,Undrafted,Undrafted,Undrafted,49.0,2.3,1.2,2.3,-14.0,1.50%,7.80%,10.40%,45.30%,28.20%,PG,16.0
327,Josh Hart,LAL,24.0,5-Jun,215.0,Villanova,USA,2017,1,30,67.0,7.8,3.7,1.4,0.4,1.90%,10.90%,13.00%,52.60%,7.20%,SG,23.2
328,Josh Jackson,PHX,22.0,8-Jun,200.0,Kansas,USA,2017,1,4,79.0,11.5,4.4,2.3,-9.6,3.20%,13.60%,23.40%,48.70%,14.20%,SF,25.4
329,Josh Okogie,MIN,20.0,4-Jun,212.0,Georgia Tech,Nigeria,2018,1,20,74.0,7.7,2.9,1.2,-1.0,2.10%,9.80%,14.80%,49.20%,6.80%,,
330,Josh Richardson,MIA,25.0,6-Jun,200.0,Tennessee,USA,2015,2,40,73.0,16.6,3.6,4.1,1.0,2.00%,7.80%,20.30%,53.60%,17.70%,SF,33.2
331,Jrue Holiday,NOP,29.0,4-Jun,205.0,UCLA,USA,2009,1,17,67.0,21.2,5.0,7.7,4.4,3.00%,9.90%,25.00%,55.50%,30.80%,SG,36.1
332,Juancho Hernangomez,DEN,23.0,9-Jun,230.0,None,Spain,2016,1,15,70.0,5.8,3.8,0.8,1.3,4.40%,14.40%,11.90%,58.00%,5.40%,,
333,Julian Washburn,MEM,27.0,8-Jun,209.0,Texas-El Paso,USA,Undrafted,Undrafted,Undrafted,18.0,2.2,2.3,0.8,-2.0,2.70%,12.80%,9.60%,40.20%,8.30%,,
334,Julius Randle,NOP,24.0,9-Jun,250.0,Kentucky,USA,2014,1,7,73.0,21.4,8.7,3.1,-0.2,6.90%,19.80%,27.30%,60.00%,15.80%,C,26.7
335,Justin Anderson,ATL,25.0,6-Jun,230.0,Virginia,USA,2015,1,21,48.0,3.7,1.8,0.5,-5.7,4.60%,11.90%,16.60%,51.60%,7.30%,SF,13.7
336,Justin Holiday,MEM,30.0,6-Jun,181.0,Washington,USA,Undrafted,Undrafted,Undrafted,82.0,10.5,3.9,1.8,-7.7,1.70%,10.30%,15.30%,52.00%,8.40%,SG,31.5
337,Justin Jackson,DAL,24.0,8-Jun,210.0,North Carolina,USA,2017,1,15,81.0,7.2,2.6,1.2,-0.9,2.50%,9.60%,14.10%,56.10%,8.10%,SF,22.1
338,Justin Patton,PHI,22.0,Jul-00,241.0,Creighton,USA,2017,1,16,3.0,1.7,2.0,1.0,-12.9,6.50%,17.40%,14.00%,31.70%,25.00%,C,4.0
339,Justise Winslow,MIA,23.0,7-Jun,225.0,Duke,USA,2015,1,10,66.0,12.6,5.4,4.3,3.4,3.10%,14.10%,20.60%,51.30%,21.30%,PF,24.7
340,Jusuf Nurkic,POR,24.0,Jul-00,275.0,None,Bosnia and He...,2014,1,16,72.0,15.6,10.4,3.2,10.5,11.90%,24.10%,24.10%,57.00%,16.80%,C,26.4
341,Kadeem Allen,NYK,26.0,3-Jun,200.0,Arizona,USA,2017,2,53,19.0,9.9,2.7,4.0,-4.1,1.90%,10.00%,19.50%,57.40%,27.70%,PG,5.9
342,Kalin Lucas,DET,30.0,1-Jun,195.0,Michigan State,USA,Undrafted,Undrafted,Undrafted,1.0,2.0,3.0,1.0,-25.0,0.00%,50.00%,15.40%,53.20%,50.00%,,
343,Karl-Anthony Towns,MIN,23.0,Jul-00,248.0,Kentucky,USA,2015,1,1,77.0,24.4,12.4,3.4,0.9,9.70%,25.70%,28.00%,62.20%,16.90%,C,35.6
344,Kawhi Leonard,TOR,28.0,7-Jun,230.0,San Diego State,USA,2011,1,15,60.0,26.6,7.3,3.3,7.9,3.90%,16.50%,30.00%,60.60%,15.90%,SF,23.3
345,Keita Bates-Diop,MIN,23.0,9-Jun,229.0,Ohio State,USA,2018,2,48,30.0,5.0,2.8,0.6,-5.1,2.90%,12.90%,14.00%,48.90%,4.70%,,
346,Kelly Olynyk,MIA,28.0,Jul-00,240.0,Gonzaga,Canada,2013,1,13,79.0,10.0,4.7,1.8,1.9,3.80%,16.00%,17.50%,61.00%,11.30%,PF,23.4
347,Kelly Oubre Jr.,PHX,23.0,7-Jun,205.0,Kansas,USA,2015,1,15,69.0,15.2,4.7,1.2,-6.0,3.50%,12.60%,22.30%,55.10%,6.70%,,
348,Kemba Walker,CHA,29.0,1-Jun,184.0,Connecticut,USA,2011,1,9,82.0,25.6,4.4,5.9,0.4,1.70%,10.60%,30.80%,55.80%,28.70%,PG,34.2
349,Kenneth Faried,HOU,29.0,8-Jun,220.0,Morehead State,USA,2011,1,22,37.0,10.4,6.8,0.5,4.0,12.30%,21.00%,19.40%,62.20%,4.30%,PF,14.4
350,Kenrich Williams,NOP,24.0,7-Jun,210.0,None,USA,Undrafted,Undrafted,Undrafted,46.0,6.1,4.8,1.8,-3.8,4.60%,14.50%,11.90%,48.50%,9.40%,,
351,Kent Bazemore,ATL,29.0,5-Jun,201.0,Old Dominion,USA,Undrafted,Undrafted,Undrafted,67.0,11.6,3.9,2.3,-7.7,2.00%,12.60%,21.50%,50.70%,14.40%,SG,27.5
352,Kentavious Caldwell-Pope,LAL,26.0,5-Jun,205.0,Georgia,USA,2013,1,8,82.0,11.4,2.9,1.3,-3.7,2.20%,8.80%,17.50%,56.80%,7.70%,SG,33.2
353,Kevin Durant,GSW,30.0,9-Jun,240.0,Texas,USA,2007,1,2,78.0,26.0,6.4,5.9,11.4,1.30%,15.30%,28.30%,63.10%,25.10%,SF,34.2
354,Kevin Huerter,ATL,20.0,7-Jun,190.0,Maryland,USA,2018,1,19,75.0,9.7,3.3,2.9,-2.2,2.70%,8.70%,15.30%,53.30%,13.90%,,
355,Kevin Knox,NYK,19.0,9-Jun,215.0,Kentucky,USA,2018,1,9,75.0,12.8,4.5,1.1,-13.6,2.50%,12.00%,21.90%,47.50%,6.00%,,
356,Kevin Love,CLE,30.0,10-Jun,251.0,California-Los Angeles,USA,2008,1,5,22.0,17.0,10.9,2.2,-4.2,5.10%,34.40%,25.90%,56.10%,12.50%,C,28.0
357,Kevon Looney,GSW,23.0,9-Jun,220.0,UCLA,USA,2015,1,30,80.0,6.3,5.2,1.5,10.3,12.60%,13.30%,12.20%,63.60%,10.60%,C,13.8
358,Khem Birch,ORL,26.0,9-Jun,233.0,UNLV,Canada,Undrafted,Undrafted,Undrafted,50.0,4.8,3.8,0.8,3.2,11.20%,16.60%,13.60%,64.00%,8.70%,C,13.8
359,Khris Middleton,MIL,27.0,8-Jun,222.0,Texas A&M,USA,2012,2,39,77.0,18.3,6.0,4.3,10.5,2.10%,14.90%,24.60%,55.80%,19.40%,SF,36.4
360,Khyri Thomas,DET,23.0,3-Jun,210.0,Creighton,USA,2018,2,38,26.0,2.3,0.8,0.3,-8.0,1.70%,8.20%,15.80%,41.30%,6.70%,,
361,Klay Thompson,GSW,29.0,7-Jun,215.0,Washington State,USA,2011,1,11,78.0,21.5,3.8,2.4,6.5,1.50%,8.90%,25.40%,57.10%,10.30%,SG,34.3
362,Kobi Simmons,CLE,21.0,4-Jun,170.0,Arizona,USA,Undrafted,Undrafted,Undrafted,1.0,0.0,0.0,0.0,66.7,0.00%,0.00%,0.00%,0.00%,0.00%,PG,20.1
363,Kosta Koufos,SAC,30.0,Jul-00,245.0,Ohio State,USA,2008,1,23,42.0,3.7,4.2,0.9,-1.3,8.80%,22.90%,15.00%,47.70%,9.90%,C,19.6
364,Kostas Antetokounmpo,DAL,21.0,10-Jun,200.0,Dayton,Greece,2018,2,60,2.0,1.0,0.5,0.0,17.6,0.00%,11.10%,24.00%,21.00%,0.00%,,
365,Kris Dunn,CHI,25.0,4-Jun,205.0,Providence,USA,2016,1,5,46.0,11.3,4.1,6.0,-7.6,1.30%,11.90%,19.80%,48.40%,29.00%,PG,29.3
366,Kyle Anderson,MEM,25.0,9-Jun,230.0,California-Los Angeles,USA,2014,1,30,43.0,8.0,5.8,3.0,-2.1,3.80%,16.10%,12.70%,56.90%,15.50%,SF,26.7
367,Kyle Korver,UTA,38.0,7-Jun,212.0,Creighton,USA,2003,2,51,70.0,8.6,2.3,1.2,3.6,0.60%,10.50%,17.40%,58.20%,8.80%,SG,21.6
368,Kyle Kuzma,LAL,23.0,9-Jun,220.0,Utah,USA,2017,1,27,70.0,18.7,5.5,2.5,-1.3,2.50%,12.70%,23.30%,54.60%,11.30%,PF,31.2
369,Kyle Lowry,TOR,33.0,1-Jun,196.0,Villanova,USA,2006,1,24,65.0,14.2,4.8,8.7,10.7,1.90%,11.40%,19.10%,56.20%,32.90%,PG,32.2
370,Kyle O'Quinn,IND,29.0,10-Jun,250.0,Norfolk State,USA,2012,2,49,45.0,3.5,2.6,1.2,-0.3,7.80%,21.60%,19.60%,53.70%,20.40%,C,18.0
371,Kyrie Irving,BOS,27.0,3-Jun,193.0,Duke,Australia,2011,1,1,67.0,23.8,5.0,6.9,6.2,3.10%,11.30%,28.60%,59.20%,33.00%,PG,32.2
372,LaMarcus Aldridge,SAS,33.0,11-Jun,260.0,Texas,USA,2006,1,2,81.0,21.3,9.2,2.4,1.5,9.60%,18.00%,26.80%,57.60%,11.50%,C,33.5
373,Lance Stephenson,LAL,28.0,6-Jun,230.0,Cincinnati,USA,2010,2,40,68.0,7.2,3.2,2.1,-4.5,2.60%,15.00%,19.70%,52.90%,17.50%,SG,22.6
374,Lance Thomas,NYK,31.0,8-Jun,240.0,Duke,USA,Undrafted,Undrafted,Undrafted,46.0,4.5,2.5,0.6,-10.9,2.30%,11.50%,12.70%,48.20%,5.10%,PF,18.5
375,Landry Shamet,LAC,22.0,5-Jun,188.0,Wichita State,USA,2018,1,26,79.0,9.1,1.7,1.5,1.7,1.10%,6.00%,14.50%,60.40%,9.00%,,
376,Langston Galloway,DET,27.0,2-Jun,200.0,Saint Joseph's,USA,Undrafted,Undrafted,Undrafted,80.0,8.4,2.1,1.1,0.1,2.50%,7.00%,15.30%,53.40%,7.20%,SG,14.9
377,Larry Nance Jr.,CLE,26.0,9-Jun,230.0,Wyoming,USA,2015,1,27,67.0,9.4,8.2,3.2,-8.8,9.00%,22.40%,15.20%,58.30%,17.90%,,
378,Lauri Markkanen,CHI,22.0,Jul-00,240.0,Arizona,Finland,2017,1,7,52.0,18.7,9.0,1.4,-5.5,4.30%,23.40%,24.50%,55.30%,7.00%,PF,29.7
379,LeBron James,LAL,34.0,8-Jun,250.0,None,USA,2003,1,1,55.0,27.4,8.5,8.3,2.0,2.90%,19.30%,31.10%,58.80%,37.60%,PF,36.9
380,Lonnie Walker IV,SAS,20.0,5-Jun,205.0,Miami (FL),USA,2018,1,18,17.0,2.6,1.0,0.5,-24.3,0.00%,12.20%,19.60%,44.60%,14.30%,,
381,Lonzo Ball,LAL,21.0,6-Jun,190.0,California-Los Angeles,USA,2017,1,2,47.0,9.9,5.3,5.4,-0.7,3.60%,12.40%,16.70%,48.70%,23.60%,PG,34.2
382,Lorenzo Brown,TOR,28.0,5-Jun,189.0,North Carolina State,USA,2013,2,52,26.0,2.1,1.2,1.1,-7.0,2.10%,11.00%,16.70%,38.00%,19.90%,PG,9.9
383,Lou Williams,LAC,32.0,1-Jun,175.0,None,USA,2005,2,45,75.0,20.0,3.0,5.4,3.9,1.90%,8.10%,30.80%,55.40%,31.80%,SG,32.8
384,Luc Mbah a Moute,LAC,32.0,8-Jun,230.0,California-Los Angeles,Cameroon,2008,2,37,4.0,5.0,1.8,0.5,7.8,3.40%,6.50%,14.10%,49.50%,4.50%,PF,25.6
385,Luka Doncic,DAL,20.0,7-Jun,218.0,None,Slovenia,2018,1,3,72.0,21.2,7.8,6.0,-3.1,3.60%,19.80%,29.60%,54.50%,31.70%,,
386,Luke Kennard,DET,23.0,5-Jun,206.0,Duke,USA,2017,1,12,63.0,9.7,2.9,1.8,0.3,0.80%,12.10%,17.90%,56.00%,12.20%,SG,20.0
387,Luke Kornet,NYK,23.0,1-Jul,250.0,Vanderbilt,USA,Undrafted,Undrafted,Undrafted,46.0,7.0,2.9,1.2,-3.5,3.30%,12.30%,17.80%,53.10%,10.80%,PF,16.3
388,Luol Deng,MIN,34.0,9-Jun,237.0,Duke,United Kingdo...,2004,1,7,22.0,7.1,3.3,0.8,10.0,4.90%,12.50%,15.50%,58.80%,6.20%,SF,13.0
389,Malachi Richardson,TOR,23.0,6-Jun,205.0,Syracuse,USA,2016,1,22,22.0,1.4,0.6,0.0,-4.6,1.60%,8.70%,14.20%,48.10%,0.00%,SG,12.5
390,Malachi Richardson,TOR,23.0,6-Jun,205.0,Syracuse,USA,2016,1,22,22.0,1.4,0.6,0.0,-4.6,1.60%,8.70%,14.20%,48.10%,0.00%,SG,12.8
391,Malachi Richardson,TOR,23.0,6-Jun,205.0,Syracuse,USA,2016,1,22,22.0,1.4,0.6,0.0,-4.6,1.60%,8.70%,14.20%,48.10%,0.00%,SG,5.0
392,Malcolm Brogdon,MIL,26.0,5-Jun,229.0,Virginia,USA,2016,2,36,64.0,15.6,4.5,3.2,10.7,3.50%,10.70%,20.20%,61.40%,15.70%,PG,29.9
393,Malcolm Miller,TOR,26.0,7-Jun,210.0,Holy Cross,USA,Undrafted,Undrafted,Undrafted,10.0,3.5,0.5,0.1,-4.7,1.50%,4.80%,18.00%,63.00%,2.40%,SF,8.4
394,Malik Beasley,DEN,22.0,5-Jun,195.0,Florida State,USA,2016,1,19,81.0,11.3,2.5,1.2,3.9,1.80%,8.50%,18.10%,59.90%,7.40%,SG,9.4
395,Malik Monk,CHA,21.0,3-Jun,200.0,Kentucky,USA,2017,1,11,73.0,8.9,1.9,1.6,-2.7,1.20%,9.50%,23.60%,51.80%,14.30%,SG,13.6
396,MarShon Brooks,MEM,30.0,5-Jun,200.0,Providence,USA,2011,1,25,29.0,6.6,1.6,0.9,-2.8,3.00%,8.90%,23.30%,51.80%,11.20%,SG,27.6
397,Marc Gasol,TOR,34.0,1-Jul,255.0,None,Spain,2007,2,48,79.0,13.6,7.9,4.4,3.5,3.40%,22.70%,21.00%,54.60%,22.20%,C,33.0
398,Marcin Gortat,LAC,35.0,11-Jun,240.0,None,Poland,2005,2,57,47.0,5.0,5.6,1.4,-6.5,8.90%,25.30%,14.80%,56.20%,12.30%,C,25.3
399,Marco Belinelli,SAS,33.0,5-Jun,210.0,None,Italy,2007,1,18,79.0,10.5,2.5,1.7,0.8,0.90%,9.30%,18.70%,55.70%,10.20%,SG,24.3
400,Marco Belinelli,SAS,33.0,5-Jun,210.0,None,Italy,2007,1,18,79.0,10.5,2.5,1.7,0.8,0.90%,9.30%,18.70%,55.70%,10.20%,SG,23.3
401,Marco Belinelli,SAS,33.0,5-Jun,210.0,None,Italy,2007,1,18,79.0,10.5,2.5,1.7,0.8,0.90%,9.30%,18.70%,55.70%,10.20%,SG,26.3
402,Marcus Derrickson,GSW,23.0,7-Jun,249.0,None,USA,Undrafted,Undrafted,Undrafted,11.0,4.2,1.2,0.1,-7.2,10.40%,6.30%,23.50%,65.30%,2.60%,,
403,Marcus Morris,BOS,29.0,9-Jun,235.0,Kansas,USA,2011,1,14,75.0,13.9,6.1,1.5,1.4,3.50%,17.60%,20.30%,56.80%,7.30%,PF,26.8
404,Marcus Smart,BOS,25.0,4-Jun,220.0,Oklahoma State,USA,2014,1,6,80.0,8.9,2.9,4.0,3.8,2.50%,7.70%,14.40%,56.80%,19.00%,SG,29.9
405,Mario Hezonja,NYK,24.0,8-Jun,225.0,None,Croatia,2015,1,5,58.0,8.8,4.1,1.5,-10.0,2.10%,16.80%,20.80%,49.70%,11.60%,SF,22.1
406,Markelle Fultz,ORL,21.0,4-Jun,200.0,Washington,USA,2017,1,1,19.0,8.2,3.7,3.1,-0.4,5.60%,8.80%,18.90%,45.20%,21.20%,SG,18.1
407,Markieff Morris,OKC,29.0,10-Jun,245.0,Kansas,USA,2011,1,13,58.0,9.4,4.6,1.4,-5.9,4.50%,16.10%,19.10%,52.10%,9.20%,PF,27.0
408,Marquese Chriss,CLE,21.0,10-Jun,240.0,Washington,USA,2016,1,8,43.0,4.2,3.3,0.5,-17.3,7.20%,21.60%,19.60%,45.50%,6.90%,PF,21.2
409,Marvin Bagley III,SAC,20.0,11-Jun,234.0,Duke,USA,2018,1,2,62.0,14.9,7.6,1.0,-3.2,9.20%,18.00%,23.70%,56.20%,6.00%,,
410,Marvin Williams,CHA,33.0,9-Jun,237.0,North Carolina,USA,2005,1,2,75.0,10.1,5.4,1.2,-0.4,3.30%,15.20%,14.70%,54.80%,6.10%,PF,25.7
411,Mason Plumlee,DEN,29.0,11-Jun,235.0,Duke,USA,2013,1,22,82.0,7.8,6.4,3.0,3.2,9.10%,19.80%,15.90%,60.20%,19.90%,C,19.4
412,Matthew Dellavedova,CLE,28.0,4-Jun,200.0,Saint Mary's (CA),Australia,Undrafted,Undrafted,Undrafted,48.0,5.9,1.6,3.8,-3.8,0.70%,8.10%,17.30%,53.20%,32.90%,PG,18.7
413,Maurice Harkless,POR,26.0,9-Jun,220.0,"St. John's, N.Y.",USA,2012,1,15,60.0,7.7,4.5,1.2,7.9,5.20%,12.80%,13.50%,54.70%,6.80%,SF,21.4
414,Maxi Kleber,DAL,27.0,11-Jun,240.0,None,Germany,Undrafted,Undrafted,Undrafted,71.0,6.8,4.6,1.0,2.7,5.70%,14.90%,13.20%,57.90%,6.80%,PF,16.8
415,Melvin Frazier Jr.,ORL,22.0,6-Jun,200.0,Tulane,USA,2018,2,35,10.0,1.5,0.5,0.1,-13.5,5.30%,4.50%,20.50%,33.00%,3.20%,,
416,Meyers Leonard,POR,27.0,1-Jul,255.0,Illinois,USA,2012,1,11,61.0,5.9,3.8,1.2,-3.7,5.50%,20.60%,14.90%,67.50%,12.30%,C,7.7
417,Michael Beasley,LAL,30.0,9-Jun,235.0,Kansas State,USA,2008,1,2,26.0,7.0,2.3,1.0,-6.0,4.40%,15.30%,28.80%,53.20%,14.90%,PF,22.3
418,Michael Carter-Williams,ORL,27.0,6-Jun,190.0,Syracuse,USA,2013,1,11,28.0,4.8,2.5,2.5,0.2,4.30%,14.30%,17.60%,45.80%,26.20%,PG,16.1
419,Michael Kidd-Gilchrist,CHA,25.0,7-Jun,232.0,Kentucky,USA,2012,1,2,64.0,6.7,3.8,1.0,-0.9,6.90%,12.90%,15.30%,55.30%,7.70%,SF,25.0
420,Mikal Bridges,PHX,22.0,7-Jun,210.0,Villanova,USA,2018,1,10,82.0,8.3,3.2,2.1,-6.8,2.30%,8.50%,11.90%,55.60%,9.70%,,
421,Mike Conley,MEM,31.0,1-Jun,175.0,Ohio State,USA,2007,1,4,70.0,21.1,3.4,6.4,0.7,1.70%,8.80%,26.20%,56.90%,32.70%,PG,31.1
422,Mike Muscala,LAL,27.0,11-Jun,240.0,Bucknell,USA,2013,2,44,64.0,7.0,3.8,1.2,1.0,4.10%,13.30%,13.80%,56.40%,8.10%,C,20.0
423,Mike Scott,PHI,30.0,8-Jun,237.0,Virginia,USA,2012,2,43,79.0,5.8,3.5,0.8,1.8,2.90%,14.70%,13.90%,52.80%,6.40%,PF,18.5
424,Miles Bridges,CHA,21.0,7-Jun,225.0,Michigan State,USA,2018,1,12,80.0,7.5,4.0,1.2,-3.7,3.70%,14.80%,14.70%,54.80%,8.10%,,
425,Miles Plumlee,ATL,30.0,11-Jun,249.0,Duke,USA,2012,1,26,18.0,4.4,2.2,0.9,-10.2,8.50%,14.10%,16.60%,65.40%,15.50%,C,16.7
426,Milos Teodosic,LAC,32.0,5-Jun,196.0,None,Serbia,Undrafted,Undrafted,Undrafted,15.0,3.2,1.1,2.1,5.4,2.10%,8.40%,17.10%,55.70%,26.00%,PG,25.2
427,Mitchell Creek,MIN,27.0,6-Jun,225.0,None,Australia,Undrafted,Undrafted,Undrafted,5.0,4.2,2.4,1.2,8.9,10.90%,10.50%,16.90%,55.00%,18.80%,,
428,Mitchell Robinson,NYK,21.0,1-Jul,240.0,None,USA,2018,2,36,66.0,7.3,6.4,0.6,-6.2,12.20%,16.60%,11.90%,69.20%,4.20%,,
429,Mo Bamba,ORL,21.0,Jul-00,221.0,Texas,USA,2018,1,6,47.0,6.2,5.0,0.8,-14.9,7.40%,21.30%,17.40%,53.90%,8.60%,,
430,Monte Morris,DEN,24.0,3-Jun,175.0,Iowa State,USA,2017,2,51,82.0,10.4,2.4,3.6,4.3,1.70%,7.80%,16.80%,57.70%,22.10%,PG,8.3
431,Montrezl Harrell,LAC,25.0,8-Jun,240.0,Louisville,USA,2015,2,32,82.0,16.6,6.5,2.0,1.9,8.50%,14.60%,22.70%,63.60%,12.30%,C,17.0
432,Moritz Wagner,LAL,22.0,11-Jun,245.0,Michigan,Germany,2018,1,25,43.0,4.8,2.0,0.6,-9.8,3.50%,14.20%,21.00%,53.30%,8.40%,,
433,Myles Turner,IND,23.0,11-Jun,250.0,Texas,USA,2015,1,11,74.0,13.3,7.2,1.6,2.8,4.80%,19.50%,19.90%,56.70%,8.30%,C,28.2
434,Naz Mitrou-Long,UTA,25.0,4-Jun,218.0,Iowa State,Canada,Undrafted,Undrafted,Undrafted,14.0,1.1,0.4,1.1,-21.2,1.10%,5.70%,13.90%,38.30%,25.00%,SG,1.0
435,Nemanja Bjelica,SAC,31.0,10-Jun,234.0,None,Serbia,2010,2,35,77.0,9.6,5.8,1.9,2.7,6.50%,17.10%,16.20%,58.50%,10.70%,PF,20.5
436,Nene,HOU,36.0,11-Jun,250.0,None,Brazil,2002,1,7,42.0,3.6,2.9,0.6,9.2,5.80%,15.20%,11.40%,55.20%,7.00%,,
437,Nerlens Noel,OKC,25.0,11-Jun,220.0,Kentucky,USA,2013,1,6,77.0,4.9,4.2,0.6,-2.6,10.50%,17.60%,13.70%,60.80%,6.70%,C,15.7
438,Nick Young,DEN,34.0,7-Jun,210.0,Southern California,USA,2007,1,16,4.0,2.3,0.3,0.5,-5.1,0.00%,2.60%,12.60%,50.00%,7.70%,SG,17.4
439,Nicolas Batum,CHA,30.0,8-Jun,200.0,None,France,2008,1,25,75.0,9.3,5.2,3.3,-0.5,2.80%,13.10%,12.90%,58.10%,14.50%,SG,31.0
440,Nik Stauskas,CLE,25.0,6-Jun,205.0,Michigan,Canada,2014,1,8,68.0,5.9,1.9,1.2,-12.9,1.60%,10.40%,17.10%,54.50%,12.30%,SG,12.8
441,Nik Stauskas,CLE,25.0,6-Jun,205.0,Michigan,Canada,2014,1,8,68.0,5.9,1.9,1.2,-12.9,1.60%,10.40%,17.10%,54.50%,12.30%,SG,7.5
442,Nik Stauskas,CLE,25.0,6-Jun,205.0,Michigan,Canada,2014,1,8,68.0,5.9,1.9,1.2,-12.9,1.60%,10.40%,17.10%,54.50%,12.30%,SG,13.7
443,Nikola Jokic,DEN,24.0,Jul-00,250.0,None,Serbia,2014,2,41,80.0,20.1,10.8,7.3,5.8,8.90%,24.90%,27.10%,58.90%,36.10%,C,32.6
444,Nikola Mirotic,MIL,28.0,10-Jun,250.0,None,Montenegro,2011,1,23,46.0,15.2,7.4,1.2,3.7,4.50%,19.80%,20.60%,58.40%,6.10%,PF,27.2
445,Nikola Mirotic,MIL,28.0,10-Jun,250.0,None,Montenegro,2011,1,23,46.0,15.2,7.4,1.2,3.7,4.50%,19.80%,20.60%,58.40%,6.10%,PF,24.9
446,Nikola Mirotic,MIL,28.0,10-Jun,250.0,None,Montenegro,2011,1,23,46.0,15.2,7.4,1.2,3.7,4.50%,19.80%,20.60%,58.40%,6.10%,PF,29.1
447,Nikola Vucevic,ORL,28.0,Jul-00,260.0,Southern California,Montenegro,2011,1,16,80.0,20.8,12.0,3.8,4.0,8.80%,28.60%,27.60%,57.30%,20.80%,C,29.5
448,Noah Vonleh,NYK,23.0,9-Jun,250.0,Indiana,USA,2014,1,9,68.0,8.4,7.8,1.9,-7.6,6.00%,23.40%,14.40%,56.10%,10.80%,PF,16.2
449,Noah Vonleh,NYK,23.0,9-Jun,250.0,Indiana,USA,2014,1,9,68.0,8.4,7.8,1.9,-7.6,6.00%,23.40%,14.40%,56.10%,10.80%,PF,14.4
450,Noah Vonleh,NYK,23.0,9-Jun,250.0,Indiana,USA,2014,1,9,68.0,8.4,7.8,1.9,-7.6,6.00%,23.40%,14.40%,56.10%,10.80%,PF,19.0
451,Norman Powell,TOR,26.0,4-Jun,215.0,California-Los Angeles,USA,2015,2,46,60.0,8.6,2.3,1.5,0.2,1.30%,10.20%,18.20%,59.60%,11.90%,SG,15.2
452,OG Anunoby,TOR,21.0,8-Jun,232.0,Indiana,United Kingdo...,2017,1,23,67.0,7.0,2.9,0.7,-1.7,4.00%,10.00%,14.80%,54.40%,5.00%,SF,20.0
453,Okaro White,WAS,26.0,8-Jun,205.0,Florida State,USA,Undrafted,Undrafted,Undrafted,3.0,0.0,0.7,0.0,-26.2,9.10%,14.30%,10.50%,0.00%,0.00%,PF,13.3
454,Omari Spellman,ATL,21.0,9-Jun,245.0,Villanova,USA,2018,1,30,46.0,5.9,4.2,1.0,-10.3,8.00%,14.40%,14.60%,51.60%,8.50%,,
455,Omri Casspi,MEM,31.0,9-Jun,225.0,None,Israel,2009,1,23,36.0,6.3,3.2,0.7,1.1,3.30%,18.40%,17.00%,60.60%,7.70%,SF,14.0
456,Otto Porter Jr.,CHI,26.0,8-Jun,198.0,Georgetown,USA,2013,1,3,56.0,13.9,5.6,2.1,-0.4,3.10%,15.30%,18.50%,56.90%,10.00%,,
457,PJ Dozier,BOS,22.0,6-Jun,205.0,South Carolina,USA,Undrafted,Undrafted,Undrafted,6.0,3.2,2.8,0.8,22.5,10.20%,17.20%,17.30%,43.40%,12.50%,PG,1.5
458,PJ Tucker,HOU,34.0,6-Jun,245.0,Texas,USA,2006,2,35,82.0,7.3,5.8,1.2,4.5,4.10%,12.90%,9.40%,54.70%,4.70%,,
459,Pascal Siakam,TOR,25.0,9-Jun,230.0,New Mexico State,Cameroon,2016,1,27,80.0,16.9,6.9,3.1,10.6,5.00%,15.40%,20.50%,62.80%,14.10%,PF,20.7
460,Pat Connaughton,MIL,26.0,4-Jun,209.0,Notre Dame,USA,2015,2,41,61.0,6.9,4.2,2.0,5.0,4.60%,13.50%,13.00%,57.30%,12.80%,SG,18.1
461,Patrick Beverley,LAC,30.0,1-Jun,185.0,None,USA,2009,2,42,78.0,7.6,5.0,3.8,4.0,3.50%,13.50%,12.00%,56.10%,18.30%,SG,30.4
462,Patrick McCaw,TOR,23.0,7-Jun,185.0,UNLV,USA,2016,2,38,29.0,2.6,1.7,1.0,-6.4,1.70%,10.50%,9.30%,53.20%,9.90%,SG,16.9
463,Patrick Patterson,OKC,30.0,9-Jun,230.0,Kentucky,USA,2010,1,14,63.0,3.6,2.3,0.5,-5.7,4.30%,11.40%,11.80%,49.30%,4.90%,PF,15.5
464,Patty Mills,SAS,30.0,Jun-00,180.0,St. Mary's (CA),Australia,2009,2,55,82.0,9.9,2.2,3.0,4.5,1.20%,7.60%,17.50%,57.20%,17.40%,PG,25.7
465,Pau Gasol,MIL,38.0,Jul-00,250.0,None,Spain,2001,1,3,30.0,3.9,4.6,1.7,-6.2,5.80%,30.40%,15.10%,52.90%,20.90%,C,23.5
466,Paul George,OKC,29.0,9-Jun,220.0,Fresno State,USA,2010,1,10,77.0,28.0,8.2,4.1,8.2,3.30%,17.30%,28.50%,58.30%,17.30%,SF,36.6
467,Paul Millsap,DEN,34.0,8-Jun,246.0,Louisiana Tech,USA,2006,2,47,70.0,12.6,7.2,2.0,8.6,7.80%,18.20%,19.10%,57.00%,10.40%,PF,30.1
468,Quincy Acy,PHX,28.0,7-Jun,240.0,Baylor,USA,2012,2,37,10.0,1.7,2.5,0.8,2.8,2.20%,15.30%,8.80%,37.90%,8.80%,PF,19.4
469,Quincy Pondexter,SAS,31.0,7-Jun,230.0,Washington,USA,2010,1,26,53.0,1.8,0.9,0.5,-2.2,2.80%,12.30%,12.90%,64.10%,12.10%,SF,8.5
470,Quinn Cook,GSW,26.0,2-Jun,179.0,Duke,USA,Undrafted,Undrafted,Undrafted,74.0,6.9,2.1,1.6,-6.3,2.10%,12.30%,20.00%,56.50%,16.70%,PG,22.4
471,RJ Hunter,BOS,25.0,5-Jun,185.0,Georgia State,USA,2015,1,28,1.0,17.0,3.0,3.0,52.8,3.70%,5.00%,22.60%,61.20%,15.00%,,
472,Rajon Rondo,LAL,33.0,1-Jun,186.0,Kentucky,USA,2006,1,21,46.0,9.2,5.3,8.0,-8.6,2.30%,14.20%,17.20%,47.30%,36.00%,PG,26.2
473,Raul Neto,UTA,27.0,1-Jun,179.0,None,Brazil,2013,2,47,37.0,5.3,1.7,2.5,17.5,1.40%,10.50%,18.40%,55.80%,25.10%,PG,12.1
474,Rawle Alkins,CHI,21.0,5-Jun,225.0,None,USA,Undrafted,Undrafted,Undrafted,10.0,3.7,2.6,1.3,-5.5,7.70%,12.00%,17.30%,41.80%,13.70%,,
475,Ray Spalding,PHX,22.0,10-Jun,215.0,Louisville,USA,2018,2,56,14.0,3.9,3.4,0.4,-6.8,9.10%,19.00%,16.40%,51.60%,5.20%,,
476,Raymond Felton,OKC,35.0,1-Jun,205.0,North Carolina,USA,2005,1,5,33.0,4.3,1.0,1.6,2.6,0.90%,7.40%,16.50%,50.50%,20.90%,PG,16.6
477,Reggie Bullock,LAL,28.0,7-Jun,205.0,North Carolina,USA,2013,1,25,63.0,11.3,2.7,2.0,-1.3,1.10%,8.20%,15.40%,56.30%,9.60%,SF,27.9
478,Reggie Jackson,DET,29.0,3-Jun,208.0,Boston College,USA,2011,1,24,82.0,15.4,2.6,4.2,0.5,1.90%,7.60%,23.70%,54.70%,24.10%,PG,26.7
479,Richaun Holmes,PHX,25.0,10-Jun,235.0,Bowling Green,USA,2015,2,37,70.0,8.2,4.7,0.9,-5.4,9.50%,17.30%,17.40%,64.70%,8.20%,C,15.5
480,Ricky Rubio,UTA,28.0,4-Jun,190.0,None,Spain,2009,1,5,68.0,12.7,3.6,6.1,6.3,1.70%,10.70%,22.10%,52.00%,31.30%,PG,29.3
481,Robert Covington,MIN,28.0,9-Jun,225.0,Tennessee State,USA,Undrafted,Undrafted,Undrafted,35.0,13.3,5.5,1.3,2.3,2.20%,12.70%,15.40%,58.00%,5.50%,SF,31.7
482,Robert Williams III,BOS,21.0,10-Jun,240.0,Texas A&M,USA,2018,1,27,32.0,2.5,2.5,0.2,-5.9,8.60%,16.40%,10.10%,70.30%,4.00%,,
483,Robin Lopez,CHI,31.0,Jul-00,275.0,Stanford,USA,2008,1,15,74.0,9.5,3.9,1.2,-4.4,8.50%,8.50%,18.30%,59.80%,8.40%,C,26.4
484,Rodions Kurucs,BKN,21.0,9-Jun,210.0,None,Latvia,2018,2,40,63.0,8.5,3.9,0.8,-0.4,4.00%,13.10%,17.50%,54.50%,5.70%,,
485,Rodney Hood,POR,26.0,8-Jun,206.0,Duke,USA,2014,1,23,72.0,11.2,2.2,1.8,-7.4,1.20%,7.10%,17.80%,54.50%,10.10%,SG,26.9
486,Rodney Hood,POR,26.0,8-Jun,206.0,Duke,USA,2014,1,23,72.0,11.2,2.2,1.8,-7.4,1.20%,7.10%,17.80%,54.50%,10.10%,SG,27.8
487,Rodney Hood,POR,26.0,8-Jun,206.0,Duke,USA,2014,1,23,72.0,11.2,2.2,1.8,-7.4,1.20%,7.10%,17.80%,54.50%,10.10%,SG,25.3
488,Rodney McGruder,LAC,27.0,4-Jun,200.0,Kansas State,USA,Undrafted,Undrafted,Undrafted,66.0,7.6,3.6,1.7,-1.4,3.50%,10.60%,14.70%,51.00%,10.30%,SG,16.6
489,Ron Baker,WAS,26.0,4-Jun,220.0,Wichita State,USA,Undrafted,Undrafted,Undrafted,15.0,0.9,0.7,1.0,-5.2,0.60%,6.90%,7.50%,30.90%,13.90%,SG,13.3
490,Rondae Hollis-Jefferson,BKN,24.0,7-Jun,217.0,Arizona,USA,2015,1,23,59.0,8.9,5.3,1.6,0.7,6.00%,17.00%,21.00%,46.40%,11.90%,SF,28.2
491,Royce O'Neale,UTA,26.0,6-Jun,226.0,Baylor,USA,Undrafted,Undrafted,Undrafted,82.0,5.2,3.5,1.5,4.8,1.30%,14.60%,10.80%,58.90%,10.20%,SF,16.7
492,Rudy Gay,SAS,32.0,8-Jun,230.0,Connecticut,USA,2006,1,8,69.0,13.7,6.8,2.6,4.1,3.40%,20.90%,21.60%,58.30%,14.50%,PF,21.6
493,Rudy Gobert,UTA,27.0,1-Jul,245.0,None,France,2013,1,27,81.0,15.9,12.9,2.0,6.9,11.70%,27.00%,17.50%,68.20%,9.50%,C,32.4
494,Russell Westbrook,OKC,30.0,3-Jun,200.0,California-Los Angeles,USA,2008,1,4,73.0,22.9,11.1,10.7,5.0,3.60%,25.50%,30.10%,50.10%,44.00%,PG,36.4
495,Ryan Anderson,MIA,31.0,10-Jun,240.0,California,USA,2008,1,21,25.0,2.5,2.2,0.8,-12.8,5.50%,11.20%,12.00%,41.40%,8.80%,PF,26.1
496,Ryan Arcidiacono,CHI,25.0,3-Jun,200.0,Villanova,USA,Undrafted,Undrafted,Undrafted,81.0,6.7,2.7,3.3,-5.8,1.30%,9.60%,11.70%,58.80%,19.10%,PG,12.7
497,Ryan Broekhoff,DAL,28.0,7-Jun,215.0,None,Australia,Undrafted,Undrafted,Undrafted,42.0,4.0,1.5,0.5,8.3,1.70%,11.30%,14.00%,62.10%,6.90%,,
498,Salah Mejri,DAL,33.0,2-Jul,235.0,None,Tunisia,Undrafted,Undrafted,Undrafted,36.0,3.9,3.6,1.0,-4.4,8.10%,21.60%,15.30%,55.90%,13.70%,C,12.0
499,Sam Dekker,WAS,25.0,9-Jun,230.0,Wisconsin,USA,2015,1,18,47.0,6.1,3.1,1.0,-5.3,6.40%,12.30%,15.70%,51.90%,8.10%,PF,12.1
500,Scott Machado,LAL,29.0,1-Jun,205.0,Iona,USA,Undrafted,Undrafted,Undrafted,4.0,2.5,0.0,0.8,0.0,0.00%,0.00%,13.00%,77.60%,21.40%,,
501,Semi Ojeleye,BOS,24.0,7-Jun,241.0,Southern Methodist,USA,2017,2,37,56.0,3.3,1.5,0.4,6.0,3.80%,9.30%,13.70%,53.10%,5.40%,PF,15.8
502,Serge Ibaka,TOR,29.0,10-Jun,235.0,None,Democratic Re...,2008,1,24,74.0,15.0,8.1,1.3,6.2,7.80%,20.40%,22.70%,58.20%,7.60%,PF,27.5
503,Seth Curry,POR,28.0,2-Jun,185.0,Duke,USA,Undrafted,Undrafted,Undrafted,74.0,7.9,1.6,0.9,4.3,1.90%,6.20%,16.40%,59.50%,6.80%,,
504,Shabazz Napier,BKN,27.0,1-Jun,180.0,Connecticut,USA,2014,1,24,56.0,9.4,1.8,2.6,1.3,1.70%,7.90%,23.40%,53.40%,23.50%,PG,20.7
505,Shai Gilgeous-Alexander,LAC,20.0,6-Jun,181.0,Kentucky,Canada,2018,1,11,82.0,10.8,2.8,3.3,-2.0,2.60%,7.80%,18.20%,55.40%,17.90%,,
506,Shake Milton,PHI,22.0,6-Jun,207.0,Southern Methodist,USA,2018,2,54,20.0,4.4,1.8,0.9,-1.1,3.10%,9.60%,14.70%,48.30%,8.60%,,
507,Shaquille Harrison,CHI,25.0,4-Jun,190.0,Tulsa,USA,Undrafted,Undrafted,Undrafted,73.0,6.5,3.0,1.9,-10.2,2.20%,13.20%,16.00%,49.40%,14.20%,PG,16.7
508,Shaun Livingston,GSW,33.0,7-Jun,192.0,None,USA,2004,1,4,64.0,4.0,1.8,1.8,3.2,4.30%,7.10%,11.80%,55.50%,15.40%,PG,15.9
509,Shelvin Mack,CHA,29.0,3-Jun,203.0,Butler,USA,2011,2,34,57.0,7.5,1.8,3.2,-9.1,1.40%,6.90%,17.90%,48.90%,24.10%,PG,19.8
510,Sindarius Thornwell,LAC,24.0,5-Jun,215.0,South Carolina,USA,2017,2,48,64.0,1.0,0.7,0.3,-0.8,1.50%,10.80%,10.50%,48.50%,7.90%,SG,15.8
511,Skal Labissiere,POR,23.0,11-Jun,235.0,Kentucky,Haiti,2016,1,28,22.0,3.0,2.0,0.5,-8.3,5.10%,18.50%,15.40%,59.30%,7.80%,PF,20.7
512,Solomon Hill,NOP,28.0,7-Jun,225.0,Arizona,USA,2013,1,23,44.0,4.3,3.0,1.3,-6.5,3.60%,10.20%,10.40%,49.70%,8.00%,SF,15.6
513,Spencer Dinwiddie,BKN,26.0,6-Jun,210.0,Colorado,USA,2014,2,38,68.0,16.8,2.4,4.6,-2.7,1.30%,6.90%,24.20%,58.00%,27.20%,PG,28.8
514,Stanley Johnson,NOP,23.0,7-Jun,245.0,Arizona,USA,2015,1,8,66.0,6.9,3.3,1.3,-7.9,2.50%,14.20%,18.60%,48.50%,11.80%,SF,27.4
515,Stephen Curry,GSW,31.0,3-Jun,190.0,Davidson,USA,2009,1,7,69.0,27.3,5.3,5.2,13.7,2.00%,12.20%,29.20%,64.10%,22.50%,PG,32.0
516,Sterling Brown,MIL,24.0,6-Jun,232.0,Southern Methodist,USA,2017,2,46,58.0,6.4,3.2,1.4,0.2,2.60%,13.00%,14.90%,56.30%,11.50%,SG,14.4
517,Steven Adams,OKC,25.0,Jul-00,265.0,Pittsburgh,New Zealand,2013,1,12,80.0,13.9,9.5,1.6,6.7,12.90%,13.30%,16.00%,59.10%,6.30%,C,32.7
518,Svi Mykhailiuk,DET,22.0,8-Jun,205.0,Kansas,Ukraine,2018,2,47,42.0,3.2,0.9,0.9,-0.5,1.90%,5.50%,15.70%,44.70%,11.00%,,
519,T.J. McConnell,PHI,27.0,2-Jun,190.0,Arizona,USA,Undrafted,Undrafted,Undrafted,76.0,6.4,2.3,3.4,-0.7,1.80%,9.40%,14.80%,55.50%,24.90%,PG,22.4
520,T.J. Warren,PHX,25.0,8-Jun,215.0,North Carolina State,USA,2014,1,14,43.0,18.0,4.0,1.5,-7.7,2.20%,10.80%,22.10%,58.00%,7.30%,SF,33.0
521,TJ Leaf,IND,22.0,10-Jun,225.0,California-Los Angeles,USA,2017,1,18,58.0,3.9,2.2,0.4,3.6,7.70%,14.50%,15.80%,57.20%,6.30%,,
522,Tahjere McCall,BKN,24.0,5-Jun,190.0,Tennessee State,USA,Undrafted,Undrafted,Undrafted,1.0,4.0,1.0,0.0,63.9,0.00%,20.00%,13.60%,58.10%,0.00%,,
523,Taj Gibson,MIN,34.0,9-Jun,232.0,Southern California,USA,2009,1,26,70.0,10.8,6.5,1.2,-2.1,9.50%,16.10%,16.70%,61.20%,7.20%,PF,33.2
524,Taurean Prince,ATL,25.0,8-Jun,220.0,Baylor,USA,2016,1,12,55.0,13.5,3.6,2.1,-6.9,1.30%,11.00%,19.00%,57.50%,10.70%,,
525,Terrance Ferguson,OKC,21.0,7-Jun,190.0,None,USA,2017,1,21,74.0,6.9,1.9,1.0,3.9,1.50%,5.50%,10.40%,56.60%,4.60%,SG,12.5
526,Terrence Jones,HOU,27.0,9-Jun,252.0,Kentucky,USA,2012,1,18,2.0,1.0,2.0,0.0,-95.6,0.00%,57.10%,33.30%,22.50%,0.00%,,
527,Terrence Ross,ORL,28.0,7-Jun,206.0,Washington,USA,2012,1,8,81.0,15.1,3.5,1.7,-0.5,1.20%,11.30%,23.00%,56.10%,10.30%,SG,25.0
528,Terry Rozier,BOS,25.0,1-Jun,190.0,Louisville,USA,2015,1,16,79.0,9.0,3.9,2.9,-1.1,1.60%,14.50%,18.10%,50.10%,19.30%,PG,25.9
529,Thabo Sefolosha,UTA,35.0,7-Jun,220.0,None,Switzerland,2006,1,13,50.0,3.8,2.5,0.5,8.8,1.40%,18.10%,12.90%,59.90%,5.90%,SF,21.2
530,Thaddeus Young,IND,31.0,8-Jun,221.0,Georgia Tech,USA,2007,1,12,81.0,12.6,6.5,2.5,2.5,7.80%,13.20%,17.90%,56.90%,12.00%,PF,32.2
531,Theo Pinson,BKN,23.0,6-Jun,218.0,None,USA,Undrafted,Undrafted,Undrafted,18.0,4.5,2.0,1.2,-0.6,1.50%,12.60%,19.10%,49.00%,16.70%,,
532,Thomas Bryant,WAS,21.0,11-Jun,248.0,Indiana,USA,2017,2,42,72.0,10.5,6.3,1.3,-3.6,7.20%,21.90%,17.00%,67.40%,9.00%,C,4.8
533,Thomas Welsh,DEN,23.0,Jul-00,255.0,California-Los Angeles,USA,2018,2,58,11.0,1.6,0.4,0.5,2.3,0.00%,11.40%,15.30%,64.80%,20.00%,,
534,Thon Maker,DET,22.0,1-Jul,221.0,None,South Sudan,2016,1,10,64.0,5.0,3.2,0.7,0.9,3.90%,14.90%,14.80%,53.00%,6.60%,C,16.7
535,Tim Frazier,MIL,28.0,1-Jun,170.0,None,USA,Undrafted,Undrafted,Undrafted,59.0,5.3,2.8,4.2,-2.7,3.50%,10.60%,13.20%,54.40%,28.60%,PG,14.2
536,Tim Hardaway Jr.,DAL,27.0,6-Jun,205.0,Michigan,USA,2013,1,24,65.0,18.1,3.4,2.4,-9.1,1.50%,9.00%,24.60%,52.70%,12.50%,,
537,Timothe Luwawu-Cabarrot,CHI,24.0,6-Jun,210.0,None,France,2016,1,24,50.0,4.6,1.9,0.5,-14.4,1.50%,12.50%,15.60%,48.90%,5.70%,SF,15.5
538,Tobias Harris,PHI,26.0,9-Jun,235.0,Tennessee,USA,2011,1,19,82.0,20.0,7.9,2.8,0.4,2.40%,18.80%,22.50%,59.20%,12.60%,PF,33.4
539,Tobias Harris,PHI,26.0,9-Jun,235.0,Tennessee,USA,2011,1,19,82.0,20.0,7.9,2.8,0.4,2.40%,18.80%,22.50%,59.20%,12.60%,PF,32.6
540,Tobias Harris,PHI,26.0,9-Jun,235.0,Tennessee,USA,2011,1,19,82.0,20.0,7.9,2.8,0.4,2.40%,18.80%,22.50%,59.20%,12.60%,PF,34.5
541,Tomas Satoransky,WAS,27.0,7-Jun,210.0,None,Czech Republi...,2012,2,32,80.0,8.9,3.5,5.0,-0.4,3.60%,9.00%,13.90%,59.00%,24.80%,SG,22.5
542,Tony Bradley,UTA,21.0,10-Jun,248.0,North Carolina,USA,2017,1,28,3.0,5.7,5.0,0.3,-18.9,19.60%,18.80%,20.00%,50.40%,4.20%,C,3.2
543,Tony Parker,CHA,37.0,2-Jun,185.0,None,France,2001,1,28,56.0,9.5,1.5,3.7,-0.1,1.30%,6.70%,24.70%,51.20%,33.10%,PG,19.5
544,Tony Snell,MIL,27.0,7-Jun,213.0,,USA,2013,1,20,74.0,6.0,2.1,0.9,6.6,2.10%,8.60%,12.70%,58.50%,6.90%,SG,27.4
545,Torrey Craig,DEN,28.0,7-Jun,215.0,South Carolina Upstate,USA,Undrafted,Undrafted,Undrafted,75.0,5.7,3.5,1.0,3.3,5.70%,11.20%,12.10%,54.70%,6.20%,SF,16.1
546,Trae Young,ATL,20.0,2-Jun,180.0,Oklahoma,USA,2018,1,5,81.0,19.1,3.7,8.1,-6.3,2.40%,9.10%,27.70%,53.90%,39.00%,,
547,Treveon Graham,BKN,25.0,5-Jun,225.0,Virginia Commonwealth,USA,Undrafted,Undrafted,Undrafted,35.0,5.3,3.1,1.0,2.3,2.80%,10.70%,12.30%,45.80%,6.20%,SG,16.7
548,Trevon Duval,HOU,20.0,2-Jun,189.0,None,USA,Undrafted,Undrafted,Undrafted,3.0,1.7,0.3,0.7,7.7,0.00%,20.00%,23.10%,83.30%,66.70%,,
549,Trevor Ariza,WAS,33.0,8-Jun,215.0,California-Los Angeles,USA,2004,2,43,69.0,12.5,5.4,3.7,-6.8,2.10%,13.90%,16.40%,53.40%,14.90%,SF,33.9
550,Trey Burke,DAL,26.0,1-Jun,175.0,Michigan,USA,2013,1,9,58.0,10.9,1.7,2.7,-1.5,2.30%,5.90%,24.20%,52.40%,22.90%,PG,21.8
551,Trey Lyles,DEN,23.0,10-Jun,234.0,Kentucky,USA,2015,1,12,64.0,8.5,3.8,1.4,0.0,3.60%,17.20%,22.90%,50.00%,11.60%,PF,19.1
552,Tristan Thompson,CLE,28.0,10-Jun,238.0,Texas,Canada,2011,1,4,43.0,10.9,10.2,2.0,-12.3,13.70%,23.70%,17.50%,55.10%,11.00%,C,20.2
553,Troy Brown Jr.,WAS,19.0,7-Jun,215.0,Oregon,USA,2018,1,15,52.0,4.8,2.8,1.5,-0.3,4.50%,14.90%,15.80%,48.70%,14.70%,,
554,Troy Caupain,ORL,23.0,4-Jun,210.0,Cincinnati,USA,Undrafted,Undrafted,Undrafted,4.0,2.5,0.8,1.0,25.0,7.10%,15.40%,21.60%,62.50%,40.00%,,
555,Troy Daniels,PHX,27.0,4-Jun,205.0,Virginia Commonwealth,USA,Undrafted,Undrafted,Undrafted,51.0,6.2,1.4,0.5,-6.4,1.60%,7.90%,17.10%,55.80%,5.20%,SG,20.5
556,Troy Williams,SAC,24.0,7-Jun,218.0,Indiana,USA,Undrafted,Undrafted,Undrafted,21.0,5.3,2.8,0.5,-9.5,3.40%,14.40%,14.40%,53.10%,5.10%,SF,14.6
557,Troy Williams,SAC,24.0,7-Jun,218.0,Indiana,USA,Undrafted,Undrafted,Undrafted,21.0,5.3,2.8,0.5,-9.5,3.40%,14.40%,14.40%,53.10%,5.10%,SF,4.3
558,Troy Williams,SAC,24.0,7-Jun,218.0,Indiana,USA,Undrafted,Undrafted,Undrafted,21.0,5.3,2.8,0.5,-9.5,3.40%,14.40%,14.40%,53.10%,5.10%,SF,17.1
559,Tyler Cavanaugh,UTA,25.0,9-Jun,238.0,George Washington,USA,Undrafted,Undrafted,Undrafted,11.0,0.8,0.7,0.1,-40.7,6.50%,12.80%,11.80%,41.40%,4.30%,PF,13.3
560,Tyler Davis,OKC,22.0,10-Jun,266.0,None,USA,Undrafted,Undrafted,Undrafted,1.0,0.0,1.0,0.0,0.0,50.00%,0.00%,33.30%,0.00%,0.00%,,
561,Tyler Dorsey,MEM,23.0,5-Jun,183.0,Oregon,USA,2017,2,41,48.0,6.2,2.4,1.2,-2.0,3.60%,11.80%,18.20%,50.90%,11.80%,SG,17.4
562,Tyler Johnson,PHX,27.0,4-Jun,190.0,Fresno State,USA,Undrafted,Undrafted,Undrafted,57.0,10.9,3.0,2.9,-4.0,2.10%,8.70%,18.00%,53.20%,16.50%,PG,28.5
563,Tyler Lydon,DEN,23.0,10-Jun,225.0,Syracuse,USA,2017,1,24,25.0,0.9,0.7,0.2,-8.3,6.20%,13.30%,9.70%,59.50%,8.70%,PF,2.0
564,Tyler Ulis,CHI,23.0,10-May,160.0,Kentucky,USA,2016,2,34,1.0,0.0,0.0,0.0,0.0,0.00%,0.00%,0.00%,0.00%,0.00%,PG,23.4
565,Tyler Zeller,MEM,29.0,Jul-00,253.0,North Carolina,USA,2012,1,17,6.0,7.7,4.0,0.7,6.7,10.50%,12.30%,19.10%,60.70%,6.90%,C,16.8
566,Tyler Zeller,MEM,29.0,Jul-00,253.0,North Carolina,USA,2012,1,17,6.0,7.7,4.0,0.7,6.7,10.50%,12.30%,19.10%,60.70%,6.90%,C,16.7
567,Tyler Zeller,MEM,29.0,Jul-00,253.0,North Carolina,USA,2012,1,17,6.0,7.7,4.0,0.7,6.7,10.50%,12.30%,19.10%,60.70%,6.90%,C,16.9
568,Tyler Zeller,MEM,29.0,Jul-00,253.0,North Carolina,USA,2012,1,17,6.0,7.7,4.0,0.7,6.7,10.50%,12.30%,19.10%,60.70%,6.90%,C,16.8
569,Tyler Zeller,MEM,29.0,Jul-00,253.0,North Carolina,USA,2012,1,17,6.0,7.7,4.0,0.7,6.7,10.50%,12.30%,19.10%,60.70%,6.90%,C,16.7
570,Tyler Zeller,MEM,29.0,Jul-00,253.0,North Carolina,USA,2012,1,17,6.0,7.7,4.0,0.7,6.7,10.50%,12.30%,19.10%,60.70%,6.90%,C,16.9
571,Tyler Zeller,MEM,29.0,Jul-00,253.0,North Carolina,USA,2012,1,17,6.0,7.7,4.0,0.7,6.7,10.50%,12.30%,19.10%,60.70%,6.90%,C,16.8
572,Tyler Zeller,MEM,29.0,Jul-00,253.0,North Carolina,USA,2012,1,17,6.0,7.7,4.0,0.7,6.7,10.50%,12.30%,19.10%,60.70%,6.90%,C,16.7
573,Tyler Zeller,MEM,29.0,Jul-00,253.0,North Carolina,USA,2012,1,17,6.0,7.7,4.0,0.7,6.7,10.50%,12.30%,19.10%,60.70%,6.90%,C,16.9
574,Tyler Zeller,MEM,29.0,Jul-00,253.0,North Carolina,USA,2012,1,17,6.0,7.7,4.0,0.7,6.7,10.50%,12.30%,19.10%,60.70%,6.90%,C,16.8
575,Tyler Zeller,MEM,29.0,Jul-00,253.0,North Carolina,USA,2012,1,17,6.0,7.7,4.0,0.7,6.7,10.50%,12.30%,19.10%,60.70%,6.90%,C,16.7
576,Tyler Zeller,MEM,29.0,Jul-00,253.0,North Carolina,USA,2012,1,17,6.0,7.7,4.0,0.7,6.7,10.50%,12.30%,19.10%,60.70%,6.90%,C,16.9
577,Tyler Zeller,MEM,29.0,Jul-00,253.0,North Carolina,USA,2012,1,17,6.0,7.7,4.0,0.7,6.7,10.50%,12.30%,19.10%,60.70%,6.90%,C,16.8
578,Tyler Zeller,MEM,29.0,Jul-00,253.0,North Carolina,USA,2012,1,17,6.0,7.7,4.0,0.7,6.7,10.50%,12.30%,19.10%,60.70%,6.90%,C,16.7
579,Tyler Zeller,MEM,29.0,Jul-00,253.0,North Carolina,USA,2012,1,17,6.0,7.7,4.0,0.7,6.7,10.50%,12.30%,19.10%,60.70%,6.90%,C,16.9
580,Tyreke Evans,IND,29.0,6-Jun,220.0,Memphis,USA,2009,1,4,69.0,10.2,2.9,2.4,1.9,2.30%,11.40%,25.50%,48.30%,17.60%,PG,30.9
581,Tyreke Evans,IND,29.0,6-Jun,220.0,Memphis,USA,2009,1,4,69.0,10.2,2.9,2.4,1.9,2.30%,11.40%,25.50%,48.30%,17.60%,PG,30.9
582,Tyreke Evans,IND,29.0,6-Jun,220.0,Memphis,USA,2009,1,4,69.0,10.2,2.9,2.4,1.9,2.30%,11.40%,25.50%,48.30%,17.60%,PG,30.9
583,Tyreke Evans,IND,29.0,6-Jun,220.0,Memphis,USA,2009,1,4,69.0,10.2,2.9,2.4,1.9,2.30%,11.40%,25.50%,48.30%,17.60%,PG,30.9
584,Tyreke Evans,IND,29.0,6-Jun,220.0,Memphis,USA,2009,1,4,69.0,10.2,2.9,2.4,1.9,2.30%,11.40%,25.50%,48.30%,17.60%,PG,30.9
585,Tyrone Wallace,LAC,25.0,5-Jun,198.0,California,USA,2016,2,60,62.0,3.5,1.6,0.7,3.7,3.00%,11.10%,17.40%,45.00%,9.00%,PG,28.4
586,Tyrone Wallace,LAC,25.0,5-Jun,198.0,California,USA,2016,2,60,62.0,3.5,1.6,0.7,3.7,3.00%,11.10%,17.40%,45.00%,9.00%,PG,28.4
587,Tyrone Wallace,LAC,25.0,5-Jun,198.0,California,USA,2016,2,60,62.0,3.5,1.6,0.7,3.7,3.00%,11.10%,17.40%,45.00%,9.00%,PG,28.4
588,Tyrone Wallace,LAC,25.0,5-Jun,198.0,California,USA,2016,2,60,62.0,3.5,1.6,0.7,3.7,3.00%,11.10%,17.40%,45.00%,9.00%,PG,28.4
589,Tyrone Wallace,LAC,25.0,5-Jun,198.0,California,USA,2016,2,60,62.0,3.5,1.6,0.7,3.7,3.00%,11.10%,17.40%,45.00%,9.00%,PG,28.4
590,Tyson Chandler,LAL,36.0,1-Jul,240.0,None,USA,2001,1,2,55.0,3.1,5.6,0.7,-1.9,9.40%,21.30%,8.40%,63.00%,5.70%,C,25.0
591,Tyson Chandler,LAL,36.0,1-Jul,240.0,None,USA,2001,1,2,55.0,3.1,5.6,0.7,-1.9,9.40%,21.30%,8.40%,63.00%,5.70%,C,25.0
592,Tyson Chandler,LAL,36.0,1-Jul,240.0,None,USA,2001,1,2,55.0,3.1,5.6,0.7,-1.9,9.40%,21.30%,8.40%,63.00%,5.70%,C,25.0
593,Tyson Chandler,LAL,36.0,1-Jul,240.0,None,USA,2001,1,2,55.0,3.1,5.6,0.7,-1.9,9.40%,21.30%,8.40%,63.00%,5.70%,C,25.0
594,Tyson Chandler,LAL,36.0,1-Jul,240.0,None,USA,2001,1,2,55.0,3.1,5.6,0.7,-1.9,9.40%,21.30%,8.40%,63.00%,5.70%,C,25.0
595,Tyus Jones,MIN,23.0,2-Jun,196.0,Duke,USA,2015,1,24,68.0,6.9,2.0,4.8,-0.3,1.40%,6.90%,13.90%,49.10%,28.40%,PG,17.9
596,Tyus Jones,MIN,23.0,2-Jun,196.0,Duke,USA,2015,1,24,68.0,6.9,2.0,4.8,-0.3,1.40%,6.90%,13.90%,49.10%,28.40%,PG,17.9
597,Tyus Jones,MIN,23.0,2-Jun,196.0,Duke,USA,2015,1,24,68.0,6.9,2.0,4.8,-0.3,1.40%,6.90%,13.90%,49.10%,28.40%,PG,17.9
598,Tyus Jones,MIN,23.0,2-Jun,196.0,Duke,USA,2015,1,24,68.0,6.9,2.0,4.8,-0.3,1.40%,6.90%,13.90%,49.10%,28.40%,PG,17.9
599,Tyus Jones,MIN,23.0,2-Jun,196.0,Duke,USA,2015,1,24,68.0,6.9,2.0,4.8,-0.3,1.40%,6.90%,13.90%,49.10%,28.40%,PG,17.9
600,Udonis Haslem,MIA,39.0,8-Jun,235.0,Florida,USA,Undrafted,Undrafted,Undrafted,10.0,2.5,2.7,0.2,-21.3,3.10%,24.00%,19.60%,36.00%,4.80%,C,5.1
601,Udonis Haslem,MIA,39.0,8-Jun,235.0,Florida,USA,Undrafted,Undrafted,Undrafted,10.0,2.5,2.7,0.2,-21.3,3.10%,24.00%,19.60%,36.00%,4.80%,C,5.1
602,Udonis Haslem,MIA,39.0,8-Jun,235.0,Florida,USA,Undrafted,Undrafted,Undrafted,10.0,2.5,2.7,0.2,-21.3,3.10%,24.00%,19.60%,36.00%,4.80%,C,5.1
603,Udonis Haslem,MIA,39.0,8-Jun,235.0,Florida,USA,Undrafted,Undrafted,Undrafted,10.0,2.5,2.7,0.2,-21.3,3.10%,24.00%,19.60%,36.00%,4.80%,C,5.1
604,Udonis Haslem,MIA,39.0,8-Jun,235.0,Florida,USA,Undrafted,Undrafted,Undrafted,10.0,2.5,2.7,0.2,-21.3,3.10%,24.00%,19.60%,36.00%,4.80%,C,5.1
605,Victor Oladipo,IND,27.0,4-Jun,210.0,Indiana,USA,2013,1,2,36.0,18.8,5.6,5.2,5.6,1.80%,15.40%,27.80%,51.90%,25.00%,SG,34.0
606,Victor Oladipo,IND,27.0,4-Jun,210.0,Indiana,USA,2013,1,2,36.0,18.8,5.6,5.2,5.6,1.80%,15.40%,27.80%,51.90%,25.00%,SG,34.0
607,Victor Oladipo,IND,27.0,4-Jun,210.0,Indiana,USA,2013,1,2,36.0,18.8,5.6,5.2,5.6,1.80%,15.40%,27.80%,51.90%,25.00%,SG,34.0
608,Victor Oladipo,IND,27.0,4-Jun,210.0,Indiana,USA,2013,1,2,36.0,18.8,5.6,5.2,5.6,1.80%,15.40%,27.80%,51.90%,25.00%,SG,34.0
609,Victor Oladipo,IND,27.0,4-Jun,210.0,Indiana,USA,2013,1,2,36.0,18.8,5.6,5.2,5.6,1.80%,15.40%,27.80%,51.90%,25.00%,SG,34.0
610,Vince Carter,ATL,42.0,6-Jun,220.0,North Carolina,USA,1998,1,5,76.0,7.4,2.6,1.1,-6.3,2.10%,11.40%,16.40%,56.50%,9.70%,SF,17.7
611,Vince Carter,ATL,42.0,6-Jun,220.0,North Carolina,USA,1998,1,5,76.0,7.4,2.6,1.1,-6.3,2.10%,11.40%,16.40%,56.50%,9.70%,SF,17.7
612,Vince Carter,ATL,42.0,6-Jun,220.0,North Carolina,USA,1998,1,5,76.0,7.4,2.6,1.1,-6.3,2.10%,11.40%,16.40%,56.50%,9.70%,SF,17.7
613,Vince Carter,ATL,42.0,6-Jun,220.0,North Carolina,USA,1998,1,5,76.0,7.4,2.6,1.1,-6.3,2.10%,11.40%,16.40%,56.50%,9.70%,SF,17.7
614,Vince Carter,ATL,42.0,6-Jun,220.0,North Carolina,USA,1998,1,5,76.0,7.4,2.6,1.1,-6.3,2.10%,11.40%,16.40%,56.50%,9.70%,SF,17.7
615,Vincent Edwards,HOU,23.0,8-Jun,225.0,Purdue,USA,2018,2,52,2.0,1.5,1.0,0.0,-6.1,5.90%,5.90%,11.10%,37.50%,0.00%,,
616,Vincent Edwards,HOU,23.0,8-Jun,225.0,Purdue,USA,2018,2,52,2.0,1.5,1.0,0.0,-6.1,5.90%,5.90%,11.10%,37.50%,0.00%,,
617,Vincent Edwards,HOU,23.0,8-Jun,225.0,Purdue,USA,2018,2,52,2.0,1.5,1.0,0.0,-6.1,5.90%,5.90%,11.10%,37.50%,0.00%,,
618,Vincent Edwards,HOU,23.0,8-Jun,225.0,Purdue,USA,2018,2,52,2.0,1.5,1.0,0.0,-6.1,5.90%,5.90%,11.10%,37.50%,0.00%,,
619,Vincent Edwards,HOU,23.0,8-Jun,225.0,Purdue,USA,2018,2,52,2.0,1.5,1.0,0.0,-6.1,5.90%,5.90%,11.10%,37.50%,0.00%,,
620,Wade Baldwin IV,POR,23.0,4-Jun,200.0,Vanderbilt,USA,2016,1,17,16.0,1.9,0.9,0.8,-36.8,1.80%,12.30%,22.70%,39.60%,24.00%,,
621,Wade Baldwin IV,POR,23.0,4-Jun,200.0,Vanderbilt,USA,2016,1,17,16.0,1.9,0.9,0.8,-36.8,1.80%,12.30%,22.70%,39.60%,24.00%,,
622,Wade Baldwin IV,POR,23.0,4-Jun,200.0,Vanderbilt,USA,2016,1,17,16.0,1.9,0.9,0.8,-36.8,1.80%,12.30%,22.70%,39.60%,24.00%,,
623,Wade Baldwin IV,POR,23.0,4-Jun,200.0,Vanderbilt,USA,2016,1,17,16.0,1.9,0.9,0.8,-36.8,1.80%,12.30%,22.70%,39.60%,24.00%,,
624,Wade Baldwin IV,POR,23.0,4-Jun,200.0,Vanderbilt,USA,2016,1,17,16.0,1.9,0.9,0.8,-36.8,1.80%,12.30%,22.70%,39.60%,24.00%,,
625,Walter Lemon Jr.,CHI,26.0,3-Jun,180.0,None,USA,Undrafted,Undrafted,Undrafted,6.0,14.3,4.5,5.0,-7.8,2.10%,13.60%,25.30%,46.80%,28.30%,,
626,Walter Lemon Jr.,CHI,26.0,3-Jun,180.0,None,USA,Undrafted,Undrafted,Undrafted,6.0,14.3,4.5,5.0,-7.8,2.10%,13.60%,25.30%,46.80%,28.30%,,
627,Walter Lemon Jr.,CHI,26.0,3-Jun,180.0,None,USA,Undrafted,Undrafted,Undrafted,6.0,14.3,4.5,5.0,-7.8,2.10%,13.60%,25.30%,46.80%,28.30%,,
628,Walter Lemon Jr.,CHI,26.0,3-Jun,180.0,None,USA,Undrafted,Undrafted,Undrafted,6.0,14.3,4.5,5.0,-7.8,2.10%,13.60%,25.30%,46.80%,28.30%,,
629,Walter Lemon Jr.,CHI,26.0,3-Jun,180.0,None,USA,Undrafted,Undrafted,Undrafted,6.0,14.3,4.5,5.0,-7.8,2.10%,13.60%,25.30%,46.80%,28.30%,,
630,Wayne Ellington,DET,31.0,5-Jun,200.0,North Carolina,USA,2009,1,28,53.0,10.3,2.0,1.4,-0.5,1.00%,7.30%,16.70%,56.90%,8.60%,SG,26.5
631,Wayne Ellington,DET,31.0,5-Jun,200.0,North Carolina,USA,2009,1,28,53.0,10.3,2.0,1.4,-0.5,1.00%,7.30%,16.70%,56.90%,8.60%,SG,26.5
632,Wayne Ellington,DET,31.0,5-Jun,200.0,North Carolina,USA,2009,1,28,53.0,10.3,2.0,1.4,-0.5,1.00%,7.30%,16.70%,56.90%,8.60%,SG,26.5
633,Wayne Ellington,DET,31.0,5-Jun,200.0,North Carolina,USA,2009,1,28,53.0,10.3,2.0,1.4,-0.5,1.00%,7.30%,16.70%,56.90%,8.60%,SG,26.5
634,Wayne Ellington,DET,31.0,5-Jun,200.0,North Carolina,USA,2009,1,28,53.0,10.3,2.0,1.4,-0.5,1.00%,7.30%,16.70%,56.90%,8.60%,SG,26.5
635,Wayne Selden,CHI,24.0,5-Jun,230.0,Kansas,USA,Undrafted,Undrafted,Undrafted,75.0,6.9,2.4,1.5,-9.6,2.40%,9.80%,17.80%,49.10%,11.20%,SG,19.8
636,Wayne Selden,CHI,24.0,5-Jun,230.0,Kansas,USA,Undrafted,Undrafted,Undrafted,75.0,6.9,2.4,1.5,-9.6,2.40%,9.80%,17.80%,49.10%,11.20%,SG,19.8
637,Wayne Selden,CHI,24.0,5-Jun,230.0,Kansas,USA,Undrafted,Undrafted,Undrafted,75.0,6.9,2.4,1.5,-9.6,2.40%,9.80%,17.80%,49.10%,11.20%,SG,19.8
638,Wayne Selden,CHI,24.0,5-Jun,230.0,Kansas,USA,Undrafted,Undrafted,Undrafted,75.0,6.9,2.4,1.5,-9.6,2.40%,9.80%,17.80%,49.10%,11.20%,SG,19.8
639,Wayne Selden,CHI,24.0,5-Jun,230.0,Kansas,USA,Undrafted,Undrafted,Undrafted,75.0,6.9,2.4,1.5,-9.6,2.40%,9.80%,17.80%,49.10%,11.20%,SG,19.8
640,Wendell Carter Jr.,CHI,20.0,10-Jun,255.0,West Virginia,USA,2018,1,7,44.0,10.3,7.0,1.8,-11.7,7.50%,19.80%,19.20%,54.10%,11.80%,,
641,Wendell Carter Jr.,CHI,20.0,10-Jun,255.0,West Virginia,USA,2018,1,7,44.0,10.3,7.0,1.8,-11.7,7.50%,19.80%,19.20%,54.10%,11.80%,,
642,Wendell Carter Jr.,CHI,20.0,10-Jun,255.0,West Virginia,USA,2018,1,7,44.0,10.3,7.0,1.8,-11.7,7.50%,19.80%,19.20%,54.10%,11.80%,,
643,Wendell Carter Jr.,CHI,20.0,10-Jun,255.0,West Virginia,USA,2018,1,7,44.0,10.3,7.0,1.8,-11.7,7.50%,19.80%,19.20%,54.10%,11.80%,,
644,Wendell Carter Jr.,CHI,20.0,10-Jun,255.0,West Virginia,USA,2018,1,7,44.0,10.3,7.0,1.8,-11.7,7.50%,19.80%,19.20%,54.10%,11.80%,,
645,Wes Iwundu,ORL,24.0,7-Jun,195.0,Kansas State,USA,2017,2,33,68.0,5.0,2.7,1.1,1.7,2.70%,10.80%,12.50%,53.10%,8.00%,,
646,Wes Iwundu,ORL,24.0,7-Jun,195.0,Kansas State,USA,2017,2,33,68.0,5.0,2.7,1.1,1.7,2.70%,10.80%,12.50%,53.10%,8.00%,,
647,Wes Iwundu,ORL,24.0,7-Jun,195.0,Kansas State,USA,2017,2,33,68.0,5.0,2.7,1.1,1.7,2.70%,10.80%,12.50%,53.10%,8.00%,,
648,Wes Iwundu,ORL,24.0,7-Jun,195.0,Kansas State,USA,2017,2,33,68.0,5.0,2.7,1.1,1.7,2.70%,10.80%,12.50%,53.10%,8.00%,,
649,Wes Iwundu,ORL,24.0,7-Jun,195.0,Kansas State,USA,2017,2,33,68.0,5.0,2.7,1.1,1.7,2.70%,10.80%,12.50%,53.10%,8.00%,,
650,Wesley Johnson,WAS,31.0,7-Jun,215.0,Syracuse,USA,2010,1,4,38.0,3.4,1.9,0.6,-7.3,2.00%,10.40%,11.50%,46.90%,5.40%,SF,20.1
651,Wesley Johnson,WAS,31.0,7-Jun,215.0,Syracuse,USA,2010,1,4,38.0,3.4,1.9,0.6,-7.3,2.00%,10.40%,11.50%,46.90%,5.40%,SF,20.1
652,Wesley Johnson,WAS,31.0,7-Jun,215.0,Syracuse,USA,2010,1,4,38.0,3.4,1.9,0.6,-7.3,2.00%,10.40%,11.50%,46.90%,5.40%,SF,20.1
653,Wesley Johnson,WAS,31.0,7-Jun,215.0,Syracuse,USA,2010,1,4,38.0,3.4,1.9,0.6,-7.3,2.00%,10.40%,11.50%,46.90%,5.40%,SF,20.1
654,Wesley Johnson,WAS,31.0,7-Jun,215.0,Syracuse,USA,2010,1,4,38.0,3.4,1.9,0.6,-7.3,2.00%,10.40%,11.50%,46.90%,5.40%,SF,20.1
655,Wesley Matthews,IND,32.0,5-Jun,220.0,Marquette,USA,Undrafted,Undrafted,Undrafted,69.0,12.2,2.5,2.3,-2.0,1.50%,6.30%,17.50%,54.60%,11.30%,SF,33.8
656,Wesley Matthews,IND,32.0,5-Jun,220.0,Marquette,USA,Undrafted,Undrafted,Undrafted,69.0,12.2,2.5,2.3,-2.0,1.50%,6.30%,17.50%,54.60%,11.30%,SF,33.8
657,Wesley Matthews,IND,32.0,5-Jun,220.0,Marquette,USA,Undrafted,Undrafted,Undrafted,69.0,12.2,2.5,2.3,-2.0,1.50%,6.30%,17.50%,54.60%,11.30%,SF,33.8
658,Wesley Matthews,IND,32.0,5-Jun,220.0,Marquette,USA,Undrafted,Undrafted,Undrafted,69.0,12.2,2.5,2.3,-2.0,1.50%,6.30%,17.50%,54.60%,11.30%,SF,33.8
659,Wesley Matthews,IND,32.0,5-Jun,220.0,Marquette,USA,Undrafted,Undrafted,Undrafted,69.0,12.2,2.5,2.3,-2.0,1.50%,6.30%,17.50%,54.60%,11.30%,SF,33.8
660,Will Barton,DEN,28.0,6-Jun,190.0,Memphis,USA,2012,2,40,43.0,11.5,4.6,2.9,0.6,2.60%,13.70%,19.50%,50.10%,14.60%,SG,33.1
661,Will Barton,DEN,28.0,6-Jun,190.0,Memphis,USA,2012,2,40,43.0,11.5,4.6,2.9,0.6,2.60%,13.70%,19.50%,50.10%,14.60%,SG,33.1
662,Will Barton,DEN,28.0,6-Jun,190.0,Memphis,USA,2012,2,40,43.0,11.5,4.6,2.9,0.6,2.60%,13.70%,19.50%,50.10%,14.60%,SG,33.1
663,Will Barton,DEN,28.0,6-Jun,190.0,Memphis,USA,2012,2,40,43.0,11.5,4.6,2.9,0.6,2.60%,13.70%,19.50%,50.10%,14.60%,SG,33.1
664,Will Barton,DEN,28.0,6-Jun,190.0,Memphis,USA,2012,2,40,43.0,11.5,4.6,2.9,0.6,2.60%,13.70%,19.50%,50.10%,14.60%,SG,33.1
665,Willie Cauley-Stein,SAC,25.0,Jul-00,240.0,Kentucky,USA,2015,1,6,81.0,11.9,8.4,2.4,1.2,7.40%,21.30%,17.30%,56.60%,12.10%,C,28.0
666,Willie Cauley-Stein,SAC,25.0,Jul-00,240.0,Kentucky,USA,2015,1,6,81.0,11.9,8.4,2.4,1.2,7.40%,21.30%,17.30%,56.60%,12.10%,C,28.0
667,Willie Cauley-Stein,SAC,25.0,Jul-00,240.0,Kentucky,USA,2015,1,6,81.0,11.9,8.4,2.4,1.2,7.40%,21.30%,17.30%,56.60%,12.10%,C,28.0
668,Willie Cauley-Stein,SAC,25.0,Jul-00,240.0,Kentucky,USA,2015,1,6,81.0,11.9,8.4,2.4,1.2,7.40%,21.30%,17.30%,56.60%,12.10%,C,28.0
669,Willie Cauley-Stein,SAC,25.0,Jul-00,240.0,Kentucky,USA,2015,1,6,81.0,11.9,8.4,2.4,1.2,7.40%,21.30%,17.30%,56.60%,12.10%,C,28.0
670,Willy Hernangomez,CHA,25.0,11-Jun,240.0,None,Spain,2015,2,35,58.0,7.3,5.4,1.0,-6.2,13.00%,24.00%,20.60%,58.70%,11.20%,C,10.3
671,Willy Hernangomez,CHA,25.0,11-Jun,240.0,None,Spain,2015,2,35,58.0,7.3,5.4,1.0,-6.2,13.00%,24.00%,20.60%,58.70%,11.20%,C,9.0
672,Willy Hernangomez,CHA,25.0,11-Jun,240.0,None,Spain,2015,2,35,58.0,7.3,5.4,1.0,-6.2,13.00%,24.00%,20.60%,58.70%,11.20%,C,11.9
673,Willy Hernangomez,CHA,25.0,11-Jun,240.0,None,Spain,2015,2,35,58.0,7.3,5.4,1.0,-6.2,13.00%,24.00%,20.60%,58.70%,11.20%,C,10.3
674,Willy Hernangomez,CHA,25.0,11-Jun,240.0,None,Spain,2015,2,35,58.0,7.3,5.4,1.0,-6.2,13.00%,24.00%,20.60%,58.70%,11.20%,C,9.0
675,Willy Hernangomez,CHA,25.0,11-Jun,240.0,None,Spain,2015,2,35,58.0,7.3,5.4,1.0,-6.2,13.00%,24.00%,20.60%,58.70%,11.20%,C,11.9
676,Willy Hernangomez,CHA,25.0,11-Jun,240.0,None,Spain,2015,2,35,58.0,7.3,5.4,1.0,-6.2,13.00%,24.00%,20.60%,58.70%,11.20%,C,10.3
677,Willy Hernangomez,CHA,25.0,11-Jun,240.0,None,Spain,2015,2,35,58.0,7.3,5.4,1.0,-6.2,13.00%,24.00%,20.60%,58.70%,11.20%,C,9.0
678,Willy Hernangomez,CHA,25.0,11-Jun,240.0,None,Spain,2015,2,35,58.0,7.3,5.4,1.0,-6.2,13.00%,24.00%,20.60%,58.70%,11.20%,C,11.9
679,Willy Hernangomez,CHA,25.0,11-Jun,240.0,None,Spain,2015,2,35,58.0,7.3,5.4,1.0,-6.2,13.00%,24.00%,20.60%,58.70%,11.20%,C,10.3
680,Willy Hernangomez,CHA,25.0,11-Jun,240.0,None,Spain,2015,2,35,58.0,7.3,5.4,1.0,-6.2,13.00%,24.00%,20.60%,58.70%,11.20%,C,9.0
681,Willy Hernangomez,CHA,25.0,11-Jun,240.0,None,Spain,2015,2,35,58.0,7.3,5.4,1.0,-6.2,13.00%,24.00%,20.60%,58.70%,11.20%,C,11.9
682,Willy Hernangomez,CHA,25.0,11-Jun,240.0,None,Spain,2015,2,35,58.0,7.3,5.4,1.0,-6.2,13.00%,24.00%,20.60%,58.70%,11.20%,C,10.3
683,Willy Hernangomez,CHA,25.0,11-Jun,240.0,None,Spain,2015,2,35,58.0,7.3,5.4,1.0,-6.2,13.00%,24.00%,20.60%,58.70%,11.20%,C,9.0
684,Willy Hernangomez,CHA,25.0,11-Jun,240.0,None,Spain,2015,2,35,58.0,7.3,5.4,1.0,-6.2,13.00%,24.00%,20.60%,58.70%,11.20%,C,11.9
685,Wilson Chandler,LAC,32.0,9-Jun,225.0,DePaul,USA,2007,1,23,51.0,6.0,4.2,1.6,4.2,4.10%,13.20%,11.50%,53.70%,8.90%,SF,31.7
686,Wilson Chandler,LAC,32.0,9-Jun,225.0,DePaul,USA,2007,1,23,51.0,6.0,4.2,1.6,4.2,4.10%,13.20%,11.50%,53.70%,8.90%,SF,31.7
687,Wilson Chandler,LAC,32.0,9-Jun,225.0,DePaul,USA,2007,1,23,51.0,6.0,4.2,1.6,4.2,4.10%,13.20%,11.50%,53.70%,8.90%,SF,31.7
688,Wilson Chandler,LAC,32.0,9-Jun,225.0,DePaul,USA,2007,1,23,51.0,6.0,4.2,1.6,4.2,4.10%,13.20%,11.50%,53.70%,8.90%,SF,31.7
689,Wilson Chandler,LAC,32.0,9-Jun,225.0,DePaul,USA,2007,1,23,51.0,6.0,4.2,1.6,4.2,4.10%,13.20%,11.50%,53.70%,8.90%,SF,31.7
690,Yante Maten,MIA,22.0,8-Jun,240.0,None,USA,Undrafted,Undrafted,Undrafted,2.0,1.0,1.5,0.0,14.8,7.10%,9.50%,13.30%,25.00%,0.00%,,
691,Yante Maten,MIA,22.0,8-Jun,240.0,None,USA,Undrafted,Undrafted,Undrafted,2.0,1.0,1.5,0.0,14.8,7.10%,9.50%,13.30%,25.00%,0.00%,,
692,Yante Maten,MIA,22.0,8-Jun,240.0,None,USA,Undrafted,Undrafted,Undrafted,2.0,1.0,1.5,0.0,14.8,7.10%,9.50%,13.30%,25.00%,0.00%,,
693,Yante Maten,MIA,22.0,8-Jun,240.0,None,USA,Undrafted,Undrafted,Undrafted,2.0,1.0,1.5,0.0,14.8,7.10%,9.50%,13.30%,25.00%,0.00%,,
694,Yante Maten,MIA,22.0,8-Jun,240.0,None,USA,Undrafted,Undrafted,Undrafted,2.0,1.0,1.5,0.0,14.8,7.10%,9.50%,13.30%,25.00%,0.00%,,
695,Yogi Ferrell,SAC,26.0,Jun-00,180.0,Indiana,USA,Undrafted,Undrafted,Undrafted,71.0,5.9,1.5,1.9,-2.6,1.10%,8.50%,16.00%,55.00%,17.60%,SG,27.8
696,Yogi Ferrell,SAC,26.0,Jun-00,180.0,Indiana,USA,Undrafted,Undrafted,Undrafted,71.0,5.9,1.5,1.9,-2.6,1.10%,8.50%,16.00%,55.00%,17.60%,SG,27.8
697,Yogi Ferrell,SAC,26.0,Jun-00,180.0,Indiana,USA,Undrafted,Undrafted,Undrafted,71.0,5.9,1.5,1.9,-2.6,1.10%,8.50%,16.00%,55.00%,17.60%,SG,27.8
698,Yogi Ferrell,SAC,26.0,Jun-00,180.0,Indiana,USA,Undrafted,Undrafted,Undrafted,71.0,5.9,1.5,1.9,-2.6,1.10%,8.50%,16.00%,55.00%,17.60%,SG,27.8
699,Yogi Ferrell,SAC,26.0,Jun-00,180.0,Indiana,USA,Undrafted,Undrafted,Undrafted,71.0,5.9,1.5,1.9,-2.6,1.10%,8.50%,16.00%,55.00%,17.60%,SG,27.8
700,Yuta Watanabe,MEM,24.0,9-Jun,205.0,George Washington,Japan,Undrafted,Undrafted,Undrafted,15.0,2.6,2.1,0.5,5.5,2.20%,15.20%,14.80%,35.20%,6.30%,,
701,Yuta Watanabe,MEM,24.0,9-Jun,205.0,George Washington,Japan,Undrafted,Undrafted,Undrafted,15.0,2.6,2.1,0.5,5.5,2.20%,15.20%,14.80%,35.20%,6.30%,,
702,Yuta Watanabe,MEM,24.0,9-Jun,205.0,George Washington,Japan,Undrafted,Undrafted,Undrafted,15.0,2.6,2.1,0.5,5.5,2.20%,15.20%,14.80%,35.20%,6.30%,,
703,Yuta Watanabe,MEM,24.0,9-Jun,205.0,George Washington,Japan,Undrafted,Undrafted,Undrafted,15.0,2.6,2.1,0.5,5.5,2.20%,15.20%,14.80%,35.20%,6.30%,,
704,Yuta Watanabe,MEM,24.0,9-Jun,205.0,George Washington,Japan,Undrafted,Undrafted,Undrafted,15.0,2.6,2.1,0.5,5.5,2.20%,15.20%,14.80%,35.20%,6.30%,,
705,Zach Collins,POR,21.0,Jul-00,235.0,Gonzaga,USA,2017,1,10,77.0,6.6,4.2,0.9,0.1,7.80%,14.40%,16.60%,56.20%,7.60%,C,15.8
706,Zach Collins,POR,21.0,Jul-00,235.0,Gonzaga,USA,2017,1,10,77.0,6.6,4.2,0.9,0.1,7.80%,14.40%,16.60%,56.20%,7.60%,C,15.8
707,Zach Collins,POR,21.0,Jul-00,235.0,Gonzaga,USA,2017,1,10,77.0,6.6,4.2,0.9,0.1,7.80%,14.40%,16.60%,56.20%,7.60%,C,15.8
708,Zach Collins,POR,21.0,Jul-00,235.0,Gonzaga,USA,2017,1,10,77.0,6.6,4.2,0.9,0.1,7.80%,14.40%,16.60%,56.20%,7.60%,C,15.8
709,Zach Collins,POR,21.0,Jul-00,235.0,Gonzaga,USA,2017,1,10,77.0,6.6,4.2,0.9,0.1,7.80%,14.40%,16.60%,56.20%,7.60%,C,15.8
710,Zach LaVine,CHI,24.0,5-Jun,200.0,California-Los Angeles,USA,2014,1,13,63.0,23.7,4.7,4.5,-6.5,1.80%,11.30%,29.80%,57.40%,22.40%,SG,27.3
711,Zach LaVine,CHI,24.0,5-Jun,200.0,California-Los Angeles,USA,2014,1,13,63.0,23.7,4.7,4.5,-6.5,1.80%,11.30%,29.80%,57.40%,22.40%,SG,27.3
712,Zach LaVine,CHI,24.0,5-Jun,200.0,California-Los Angeles,USA,2014,1,13,63.0,23.7,4.7,4.5,-6.5,1.80%,11.30%,29.80%,57.40%,22.40%,SG,27.3
713,Zach LaVine,CHI,24.0,5-Jun,200.0,California-Los Angeles,USA,2014,1,13,63.0,23.7,4.7,4.5,-6.5,1.80%,11.30%,29.80%,57.40%,22.40%,SG,27.3
714,Zach LaVine,CHI,24.0,5-Jun,200.0,California-Los Angeles,USA,2014,1,13,63.0,23.7,4.7,4.5,-6.5,1.80%,11.30%,29.80%,57.40%,22.40%,SG,27.3
715,Zach Lofton,DET,26.0,4-Jun,180.0,New Mexico State,USA,Undrafted,Undrafted,Undrafted,1.0,0.0,0.0,0.0,0.0,0.00%,0.00%,25.00%,0.00%,0.00%,,
716,Zach Lofton,DET,26.0,4-Jun,180.0,New Mexico State,USA,Undrafted,Undrafted,Undrafted,1.0,0.0,0.0,0.0,0.0,0.00%,0.00%,25.00%,0.00%,0.00%,,
717,Zach Lofton,DET,26.0,4-Jun,180.0,New Mexico State,USA,Undrafted,Undrafted,Undrafted,1.0,0.0,0.0,0.0,0.0,0.00%,0.00%,25.00%,0.00%,0.00%,,
718,Zach Lofton,DET,26.0,4-Jun,180.0,New Mexico State,USA,Undrafted,Undrafted,Undrafted,1.0,0.0,0.0,0.0,0.0,0.00%,0.00%,25.00%,0.00%,0.00%,,
719,Zach Lofton,DET,26.0,4-Jun,180.0,New Mexico State,USA,Undrafted,Undrafted,Undrafted,1.0,0.0,0.0,0.0,0.0,0.00%,0.00%,25.00%,0.00%,0.00%,,
720,Zaza Pachulia,DET,35.0,11-Jun,270.0,None,Georgia,2003,2,42,68.0,3.9,3.9,1.3,-4.6,10.10%,18.40%,14.70%,53.90%,16.10%,C,14.1
721,Zaza Pachulia,DET,35.0,11-Jun,270.0,None,Georgia,2003,2,42,68.0,3.9,3.9,1.3,-4.6,10.10%,18.40%,14.70%,53.90%,16.10%,C,14.1
722,Zaza Pachulia,DET,35.0,11-Jun,270.0,None,Georgia,2003,2,42,68.0,3.9,3.9,1.3,-4.6,10.10%,18.40%,14.70%,53.90%,16.10%,C,14.1
723,Zaza Pachulia,DET,35.0,11-Jun,270.0,None,Georgia,2003,2,42,68.0,3.9,3.9,1.3,-4.6,10.10%,18.40%,14.70%,53.90%,16.10%,C,14.1
724,Zaza Pachulia,DET,35.0,11-Jun,270.0,None,Georgia,2003,2,42,68.0,3.9,3.9,1.3,-4.6,10.10%,18.40%,14.70%,53.90%,16.10%,C,14.1
725,Zhaire Smith,PHI,20.0,4-Jun,199.0,Texas Tech,USA,2018,1,16,6.0,6.7,2.2,1.7,7.3,2.80%,8.70%,16.60%,53.30%,10.10%,,
726,Zhaire Smith,PHI,20.0,4-Jun,199.0,Texas Tech,USA,2018,1,16,6.0,6.7,2.2,1.7,7.3,2.80%,8.70%,16.60%,53.30%,10.10%,,
727,Zhaire Smith,PHI,20.0,4-Jun,199.0,Texas Tech,USA,2018,1,16,6.0,6.7,2.2,1.7,7.3,2.80%,8.70%,16.60%,53.30%,10.10%,,
728,Zhaire Smith,PHI,20.0,4-Jun,199.0,Texas Tech,USA,2018,1,16,6.0,6.7,2.2,1.7,7.3,2.80%,8.70%,16.60%,53.30%,10.10%,,
729,Zhaire Smith,PHI,20.0,4-Jun,199.0,Texas Tech,USA,2018,1,16,6.0,6.7,2.2,1.7,7.3,2.80%,8.70%,16.60%,53.30%,10.10%,,
730,Zhou Qi,HOU,23.0,1-Jul,210.0,None,China,2016,2,43,1.0,2.0,0.0,0.0,-66.7,0.00%,0.00%,33.30%,100%,0.00%,C,6.9
731,Zhou Qi,HOU,23.0,1-Jul,210.0,None,China,2016,2,43,1.0,2.0,0.0,0.0,-66.7,0.00%,0.00%,33.30%,100%,0.00%,C,6.9
732,Zhou Qi,HOU,23.0,1-Jul,210.0,None,China,2016,2,43,1.0,2.0,0.0,0.0,-66.7,0.00%,0.00%,33.30%,100%,0.00%,C,6.9
733,Zhou Qi,HOU,23.0,1-Jul,210.0,None,China,2016,2,43,1.0,2.0,0.0,0.0,-66.7,0.00%,0.00%,33.30%,100%,0.00%,C,6.9
734,Zhou Qi,HOU,23.0,1-Jul,210.0,None,China,2016,2,43,1.0,2.0,0.0,0.0,-66.7,0.00%,0.00%,33.30%,100%,0.00%,C,6.9
